time_s,forward_cmd_m_s,yaw_cmd_rad_s,gyro_x,gyro_y,gyro_z,grav_x,grav_y,grav_z,left_contact,right_contact,left_hip_yaw_target_rad,left_hip_roll_target_rad,left_hip_pitch_target_rad,left_knee_target_rad,left_ankle_target_rad,neck_pitch_target_rad,head_pitch_target_rad,head_yaw_target_rad,head_roll_target_rad,right_hip_yaw_target_rad,right_hip_roll_target_rad,right_hip_pitch_target_rad,right_knee_target_rad,right_ankle_target_rad,left_hip_yaw_actual_rad,left_hip_roll_actual_rad,left_hip_pitch_actual_rad,left_knee_actual_rad,left_ankle_actual_rad,neck_pitch_actual_rad,head_pitch_actual_rad,head_yaw_actual_rad,head_roll_actual_rad,right_hip_yaw_actual_rad,right_hip_roll_actual_rad,right_hip_pitch_actual_rad,right_knee_actual_rad,right_ankle_actual_rad
21.316573181000194,0.0,0.0,0.002181661564992912,-0.001090830782496456,-0.007635815477475192,-0.06837371900563753,-0.08572227457423212,-0.9939701837535964,1.0,1.0,0.02798988693393767,0.08214448019862175,-0.019478315487504005,0.0,-0.009679384529590607,-0.1804855316877365,-0.2037000060081482,0.024842552840709686,-0.004363002721220255,0.001242147060111165,0.10696863941848278,0.021486631594598293,0.0,0.001114174723625183,-0.005931392379824388,0.1171497718862069,0.016045848102827442,0.0015339807878858025,-0.08436894333371026,-0.21168934872821854,-0.13959225169759337,0.01000837242940511,0.008398033486744796,-0.00422696928217365,0.08970174232164,0.007840346249193067,-0.00422696928217365,-0.06463172386291498
21.33506866100015,0.0,0.0,0.00545415391248228,0.0,-0.009817477042468103,-0.06837371900563753,-0.08572227457423212,-0.9939701837535964,1.0,1.0,0.02364640892483294,0.09728948585689068,-0.014135723933577538,0.0,-0.031858934089541435,-0.1586589254438877,-0.2263370305299759,0.022656168788671494,-0.03514031693339348,0.0047555811470374465,0.11501714820042253,0.0351673336699605,0.0,-0.008123420178890228,-0.005931392379824388,0.10947986794677877,0.01451186731494164,0.0015339807878858025,-0.0813009817579391,-0.20708740636456158,-0.13805827090970757,0.01000837242940511,0.008398033486744796,-0.00422696928217365,0.08816776153375419,0.007840346249193067,-0.00422696928217365,-0.06463172386291498
21.35512385800007,0.0,0.0,0.008726646259971648,0.002181661564992912,-0.001090830782496456,-0.06837371900563753,-0.08572227457423212,-0.9939701837535964,1.0,1.0,0.015680928016081452,0.1005555260926485,-0.007373204454779625,0.0,-0.02548493631184101,-0.13882536441087723,-0.22236450761556625,0.017259493470191956,-0.04335393011569977,0.0025073892902582884,0.11602245504036546,0.027719744481146336,0.0,-0.009902030229568481,-0.005931392379824388,0.09414006006792208,0.012977886527055837,-0.0,-0.07209709703062517,-0.1948155600614765,-0.12732040539450828,0.01000837242940511,0.008398033486744796,-0.00422696928217365,0.07742989601855446,0.007840346249193067,-0.005760950070059452,-0.060029781499258014
21.37511685200002,0.0,0.0,0.09490227807719166,0.032724923474893676,0.011999138607461015,-0.06733989243530855,-0.08876622184654308,-0.9937735641210685,1.0,1.0,0.025101382518187165,0.11637813504785299,-0.0123819001019001,0.0,-0.03054128587245941,-0.1238892450928688,-0.2169007882475853,0.0192270465195179,-0.04810407757759094,0.0013546932023018599,0.12016685889102519,0.01630688738077879,0.0,-0.031051864847540855,-0.002863430804053227,0.081868213764837,0.012977886527055837,-0.0,-0.06135923151542544,-0.19174759848570533,-0.11044661672776623,0.01000837242940511,0.008398033486744796,-0.00422696928217365,0.06209008813969821,0.006306365461307709,-0.005760950070059452,-0.05542783913560105
21.394742222000104,0.0,0.0,0.26070855701665296,0.1439896632895322,-0.05345070834232634,-0.06325210253744534,-0.09283776340173429,-0.993670126959222,1.0,1.0,0.03992256731726229,0.12281688652001321,-0.0291213970631361,0.0,-0.012896671891212463,-0.10864883661270142,-0.21326261013746262,0.010234075598418713,-0.055175211280584335,-0.01032141875475645,0.12094006291590631,0.0023766523227095604,0.0,-0.05601525492966175,0.000204530771717934,0.07419830982540887,0.008375944163398874,-0.0,-0.05522330836388312,-0.18867963690993372,-0.09817477042468115,0.01000837242940511,0.008398033486744796,-0.005760950070059452,0.052886203412384286,0.006306365461307709,-0.005760950070059452,-0.05235987755982989
21.414785215000165,0.0,0.0,-0.050178215994836975,0.26070855701665296,-0.0719948316447661,-0.06122525479763391,-0.09183788219645087,-0.9938899695482571,1.0,1.0,0.009537681704387069,0.10845762211829424,-0.011083867400884628,0.0,-0.016427285969257355,-0.12557630240917206,-0.18664826825261116,-0.0066657233983278275,-0.06449539214372635,-0.016577263362705708,0.1228018215042539,-0.007278186269104481,0.0,-0.04775227792561054,0.003272492347489539,0.07113034824963771,0.0022400210118565522,-0.0,-0.053689327575997314,-0.18561167533416256,-0.09050486648525302,0.01000837242940511,0.0053300719109731914,-0.005760950070059452,0.04828426104872732,0.006306365461307709,-0.005760950070059452,-0.05082589677194409
21.434773006000114,0.0,0.0,0.028361600344907856,0.18435040224190105,-0.037088246604879506,-0.0561346662037437,-0.09287735680983049,-0.9940939069535702,1.0,1.0,0.019451169529929757,0.10881334450095892,-0.020856473594903946,0.0,-0.009527970105409622,-0.12631843239068985,-0.18172376975417137,-0.010303650982677937,-0.07743106037378311,-0.01986525859683752,0.10715322475880384,0.010291478130966425,0.0,-0.03734572418034077,0.00940841549903186,0.07113034824963771,-0.0008279405639146087,-0.0,-0.053689327575997314,-0.1794757521826198,-0.08590292412159606,0.01000837242940511,-0.0038738128163407354,-0.005760950070059452,0.04828426104872732,0.006306365461307709,-0.005760950070059452,-0.05082589677194409
21.455019255000025,0.0,0.0,0.22689280275926285,-0.02399827721492203,-0.06981317007977318,-0.05611844650509607,-0.0959115267541642,-0.9938066708357013,1.0,1.0,0.038913714000955224,0.11560609005391598,-0.042810866609215736,0.0,0.0015842393040657043,-0.11435957252979279,-0.20503153651952744,-0.003211372531950474,-0.08137625455856323,-0.005041822791099548,0.10238266550004482,0.028082280419766903,0.0,-0.03056199848651886,0.00940841549903186,0.07113034824963771,-0.0038959021396862137,-0.0,-0.053689327575997314,-0.17640779060684864,-0.08436894333371026,0.01000837242940511,-0.01461167833154002,-0.007294930857945255,0.052886203412384286,0.006306365461307709,-0.005760950070059452,-0.05082589677194409
21.47490004700012,0.0,0.0,0.28034351110158917,-0.0719948316447661,-0.26070855701665296,-0.057152796071341744,-0.10307915005724134,-0.9930298317395627,1.0,1.0,0.03940418944694102,0.11331792175769806,-0.043856581673026085,0.0,0.0062320418655872345,-0.09927058219909668,-0.21619799733161926,-0.009451087564229965,-0.08598796278238297,0.001860698452219367,0.09953973814845085,0.029515043832361698,0.0,-0.024368148297071457,0.00940841549903186,0.07266432903752307,-0.005429882927571572,-0.0,-0.053689327575997314,-0.17180584824319167,-0.08283496254582445,0.01000837242940511,-0.025349543846739306,-0.007294930857945255,0.06055610735181241,0.006306365461307709,-0.005760950070059452,-0.05082589677194409
21.49506937199999,0.0,0.0,-0.02181661564992912,0.011999138607461015,-0.4166973589136462,-0.05614133350800443,-0.10207515183273533,-0.9931912273325147,1.0,1.0,0.01370894187130034,0.10058652982115746,-0.021527612581849098,0.0,-0.015025921165943146,-0.10572990030050278,-0.19081398472189903,-0.021460413932800293,-0.08067824691534042,-0.004219867289066315,0.11009021755307913,0.020644941367208958,0.0,-0.03104073368012905,0.014010357862688824,0.07726627140118003,-0.010031825291228536,-0.0,-0.053689327575997314,-0.16566992509164935,-0.0813009817579391,0.01000837242940511,-0.036087409361939035,-0.007294930857945255,0.06822601129124098,0.007840346249193067,-0.005760950070059452,-0.05082589677194409
21.515106347000028,0.0,0.0,-0.03490658503988659,-0.038179077387375956,-0.42978732830360367,-0.05613545562894089,-0.10308510942769145,-0.9930872423083542,1.0,1.0,0.015414597699418664,0.10580719821155071,-0.01994386501610279,0.0,-0.016998015344142914,-0.11791659146547318,-0.1814078465104103,-0.02202947810292244,-0.07912349700927734,-0.006350090727210045,0.10451572388410568,0.01760222017765045,0.0,-0.03312751650810242,0.02014628101423159,0.081868213764837,-0.014633767654885499,-0.0,-0.05062136600022615,-0.15646604036433542,-0.08743690490948142,0.01000837242940511,-0.04529129408925296,-0.005760950070059452,0.07742989601855446,0.007840346249193067,-0.005760950070059452,-0.05082589677194409
21.535279246000073,0.0,0.0,0.0818123086872342,-0.08835729338221293,-0.43196898986859655,-0.057140655806392236,-0.10509799192961428,-0.992818894636065,1.0,1.0,0.026889905566349626,0.1060155313462019,-0.029528463259339333,0.0,-0.00887661799788475,-0.11482258886098862,-0.18688861653208733,-0.022513967007398605,-0.0781165212392807,-0.0021340087987482548,0.10781129915267229,0.022186663933098316,0.0,-0.03184765391051769,0.02168026180211695,0.0834021945527228,-0.019235710018542462,-0.0,-0.04448544284868339,-0.1487961364249073,-0.09817477042468115,0.008474391641519308,-0.052961198028681086,-0.005760950070059452,0.08509979995798303,0.007840346249193067,-0.005760950070059452,-0.05082589677194409
21.555331961000093,0.0,0.0,-0.011999138607461015,-0.018544123302439753,-0.4930555136883981,-0.056123530086741924,-0.10510406543517124,-0.9928762686254525,1.0,1.0,0.011054698610678315,0.10589518211781979,-0.016544736921787262,0.0,-0.017767876386642456,-0.11320579797029495,-0.17227322235703468,-0.03016243502497673,-0.07479608058929443,-0.002568657975643873,0.11206850782036781,0.01741594122722745,0.0,-0.035070762038230896,0.02168026180211695,0.08953811770426512,-0.023837652382199426,-0.0,-0.03988350048502687,-0.14266021327336453,-0.11044661672776623,0.005406430065748147,-0.05756314039233805,-0.005760950070059452,0.08970174232164,0.007840346249193067,-0.005760950070059452,-0.05082589677194409
21.57528921500011,0.0,0.0,-0.20725784867432664,0.038179077387375956,-0.4286964975211072,-0.05406224374861372,-0.0999641488181914,-0.993521234172637,1.0,1.0,0.0010831074323505163,0.09856253676116467,-0.00838356465101242,0.0,-0.022791758179664612,-0.1275050789117813,-0.15359599515795708,-0.036276403814554214,-0.06795653700828552,-0.005997328087687492,0.11795344855636358,0.015741384122520685,0.0,-0.032577723264694214,0.02168026180211695,0.09414006006792208,-0.02843959474585639,-0.0,-0.035281558121369905,-0.14112623248547917,-0.12425244381873712,0.0008044877020911834,-0.05909712118022341,-0.00422696928217365,0.09583766547318232,0.007840346249193067,-0.005760950070059452,-0.05082589677194409
21.59532194900021,0.0,0.0,-0.2083486794568231,0.013089969389957472,-0.284706834231575,-0.05306108636761426,-0.09693852317160298,-0.9938749638856978,1.0,1.0,0.0021770159946754575,0.10050576366484165,-0.004653905518352985,0.0,-0.022614452987909317,-0.1395239233970642,-0.15285786055028439,-0.03532744571566582,-0.06500464677810669,-0.002824067138135433,0.11681645689532161,0.02052863035351038,0.0,-0.024731285870075226,0.02168026180211695,0.09720802164369324,-0.02997357553374219,-0.0,-0.0322135965455983,-0.13959225169759337,-0.13805827090970757,-0.00379745466156578,-0.06063110196810921,-0.002692988494288291,0.10043960783683928,0.007840346249193067,-0.005760950070059452,-0.05082589677194409
21.615606513000102,0.0,0.0,-0.15817046346198613,0.018544123302439753,-0.1505346479845109,-0.05307147616593459,-0.09491629391215226,-0.9940695728003902,1.0,1.0,0.0036958465352654457,0.10102273896336555,-0.004959948360919952,0.0,-0.019802384078502655,-0.14334192872047424,-0.15975221805274487,-0.028409991413354874,-0.06436891853809357,-0.0005011693574488163,0.11639741016551852,0.02890594396740198,0.0,-0.019870318472385406,0.02168026180211695,0.09720802164369324,-0.02997357553374219,-0.0,-0.0322135965455983,-0.13959225169759337,-0.15186409800067846,-0.011467358600993904,-0.06063110196810921,-0.0011590077064024887,0.10350756941261044,0.007840346249193067,-0.005760950070059452,-0.05082589677194409
21.635461657000178,0.0,0.0,-0.23671027980173096,0.04690572364734761,-0.032724923474893676,-0.05203480265581491,-0.08774496134117808,-0.9947829919494027,1.0,1.0,-0.003417439991608262,0.10376524366438389,0.0027420963160693645,0.0,-0.020828120410442352,-0.14615263044834137,-0.1534927301108837,-0.030747786164283752,-0.06008191779255867,0.0038889736752025783,0.12198870696011,0.027757803909480572,0.0,-0.023115407675504684,0.018612300226345788,0.09567404085580788,-0.02997357553374219,-0.0,-0.03067961575771294,-0.14112623248547917,-0.1672039058795347,-0.01760328175253667,-0.06063110196810921,0.0019089538693686722,0.10657553098838204,0.007840346249193067,-0.005760950070059452,-0.04929191598405873
21.6555734640001,0.0,0.0,-0.4166973589136462,0.016362461737446838,0.05999569303730508,-0.052053012598996445,-0.08369307908073938,-0.9951311232161084,1.0,1.0,-0.011836075922474265,0.10573264211416245,0.007653886219486594,0.0,-0.011546086519956589,-0.1576574556529522,-0.1427260630298406,-0.029643826186656952,-0.05958149954676628,0.001478639431297779,0.1240413230843842,0.0308297211304307,0.0,-0.021410241723060608,0.015544338650574627,0.09567404085580788,-0.02843959474585639,-0.0,-0.02914563496982714,-0.14112623248547917,-0.17640779060684864,-0.022205224116193634,-0.06216508275599501,0.0019089538693686722,0.1081095117762674,0.007840346249193067,-0.00422696928217365,-0.046223954408287124
21.675657623999996,0.0,0.0,-0.4559672670835186,-0.011999138607461015,0.1265363707695889,-0.052049569671380636,-0.07144058582346363,-0.9960858823385784,1.0,1.0,-0.009516399120911956,0.10886604711413383,0.010082530090585351,0.0,-0.01601315289735794,-0.16412744671106339,-0.13578143576160073,-0.024504119530320168,-0.053560011088848114,0.0025042446795850992,0.12936713080853224,0.02633747737854719,0.0,-0.026660064235329628,0.014010357862688824,0.09567404085580788,-0.023837652382199426,0.0015339807878858025,-0.027611654181941336,-0.14112623248547917,-0.18407769454627676,-0.025273185691964795,-0.06216508275599501,0.0034429346572544747,0.11117747335203901,0.007840346249193067,-0.00422696928217365,-0.041622012044630605
21.695676710000043,0.0,0.0,-0.39924406639370286,0.026179938779914945,0.09272061651219876,-0.052025271738157415,-0.06324640877972078,-0.9966409899643096,1.0,1.0,-0.011466201161965728,0.10955823585391045,0.011022662045434117,0.0,-0.020236648619174957,-0.16741733998060226,-0.1342626423574984,-0.02425462193787098,-0.05309302359819412,0.003784483706112951,0.12992254830896854,0.025579984299838543,0.0,-0.02861165814101696,0.010942396286917663,0.09567404085580788,-0.019235710018542462,0.0015339807878858025,-0.026077673394055978,-0.14419419406125034,-0.18867963690993372,-0.025273185691964795,-0.06216508275599501,0.0034429346572544747,0.11271145413992437,0.00937432703707887,-0.00422696928217365,-0.0400880312567448
21.715850590000173,0.0,0.0,-0.40033489717619936,0.05235987755982989,0.12217304763960307,-0.051020594098713797,-0.05918388915450801,-0.9969424086888676,1.0,1.0,-0.010480349650606513,0.11349177733063698,0.017526637762784958,0.0,-0.02068324387073517,-0.16967593133449554,-0.1386813847348094,-0.01846606284379959,-0.05210798233747482,0.0037499491591006517,0.1317056491971016,0.029569230042397976,0.0,-0.024413231760263443,0.007874434711146502,0.09567404085580788,-0.014633767654885499,0.0015339807878858025,-0.024543692606170175,-0.15033011721279266,-0.18867963690993372,-0.025273185691964795,-0.06369906354388037,0.0034429346572544747,0.11271145413992437,0.00937432703707887,-0.00422696928217365,-0.03702006968097364
21.7357873630001,0.0,0.0,-0.39269908169872414,0.028361600344907856,0.13526301702956053,-0.050999357483542195,-0.047939396034529666,-0.9975474323780853,1.0,1.0,-0.012306401273235679,0.11459661927074194,0.016175875440239906,0.0,-0.023333996534347534,-0.17047037929296494,-0.13948891265317798,-0.014594879001379013,-0.048402804881334305,0.005102651717606932,0.13284520525485277,0.02894160244613886,0.0,-0.029462233185768127,0.004806473135374897,0.09567404085580788,-0.010031825291228536,0.0015339807878858025,-0.024543692606170175,-0.15493205957644962,-0.18867963690993372,-0.025273185691964795,-0.06676702511965198,0.0034429346572544747,0.11424543492781017,0.010908307824964672,-0.00422696928217365,-0.03702006968097364
21.755882893000035,0.0,0.0,-0.284706834231575,0.016362461737446838,0.10362892433716332,-0.05100660149753676,-0.04488580931783235,-0.997689125291819,1.0,1.0,-0.009306719293817878,0.11936248349957168,0.022067624144256115,0.0,-0.02584802359342575,-0.17164382338523865,-0.14800344919785857,-0.012856267392635345,-0.043263353407382965,0.004890686715953052,0.13372094184160233,0.03109151218086481,0.0,-0.027834400534629822,0.003272492347489539,0.09567404085580788,-0.006963863715457375,0.0015339807878858025,-0.024543692606170175,-0.15953400194010658,-0.18714565612204836,-0.025273185691964795,-0.06830100590753733,0.0034429346572544747,0.11731339650358133,0.013976269400735833,-0.00422696928217365,-0.03702006968097364
21.77603527300016,0.0,0.0,-0.18871372537188688,0.017453292519943295,0.09817477042468103,-0.052041331106924965,-0.036735057251947034,-0.997969055344561,1.0,1.0,-0.010044915368780494,0.12141456734389067,0.023548456840217113,0.0,-0.025375666096806526,-0.17039693892002106,-0.1524303462356329,-0.011170994490385056,-0.03979116305708885,0.006461162818595767,0.13466214295476675,0.03199079167097807,0.0,-0.027941906824707985,0.0017385115596037365,0.09567404085580788,-0.002361921351800411,0.0015339807878858025,-0.024543692606170175,-0.16260196351587775,-0.1825437137583914,-0.025273185691964795,-0.06830100590753733,0.0034429346572544747,0.11884737729146713,0.015510250188621635,-0.00422696928217365,-0.03702006968097364
21.796789682000053,0.0,0.0,-0.16689710972195776,0.025089107997418487,0.0818123086872342,-0.05102909617610403,-0.033679203476228665,-0.9981291212045947,1.0,1.0,-0.00910503207705915,0.12111549894325435,0.025100482627749443,0.0,-0.029423806816339493,-0.16740302741527557,-0.15466002002358437,-0.01225797738879919,-0.037794582545757294,0.009373232256621122,0.1360931396484375,0.03242355305701494,0.0,-0.029653308913111687,0.000204530771717934,0.09567404085580788,0.0007060402239707497,0.0015339807878858025,-0.024543692606170175,-0.1672039058795347,-0.17640779060684864,-0.025273185691964795,-0.06830100590753733,0.0034429346572544747,0.11884737729146713,0.017044230976506994,-0.00422696928217365,-0.03702006968097364
21.816170371,0.0,0.0,-0.1341721862470641,0.009817477042468103,0.13962634015954636,-0.05103082367999386,-0.03265972715519607,-0.9981629111806798,1.0,1.0,-0.011231679236516356,0.1243814725894481,0.02372207958251238,0.0,-0.03606727160513401,-0.16602149605751038,-0.15294587146490812,-0.005338270217180252,-0.03741249442100525,0.007766795810312033,0.13553236797451973,0.03232719283550978,0.0,-0.0346648134291172,-0.0013294500161674244,0.09720802164369324,0.0037740017997419106,0.0015339807878858025,-0.024543692606170175,-0.1687378866674205,-0.1702718674553063,-0.02067124332830783,-0.06676702511965198,0.0034429346572544747,0.11884737729146713,0.0201121925522786,-0.00422696928217365,-0.03702006968097364
21.83631210400017,0.0,0.0,-0.09490227807719166,-0.00545415391248228,0.18435040224190105,-0.05103568821032497,-0.02960069916198848,-0.9982580613939563,1.0,1.0,-0.011368285631760955,0.12361371889710426,0.023945962078869343,0.0,-0.03732912242412567,-0.1678619496524334,-0.15283356234431267,-0.003231021575629711,-0.03381698951125145,0.007407187484204769,0.13689779117703438,0.03342652413994074,0.0,-0.03337346389889717,-0.0013294500161674244,0.10027598321946485,0.008375944163398874,0.0015339807878858025,-0.024543692606170175,-0.1687378866674205,-0.16413594430376355,-0.01913726254042203,-0.06369906354388037,0.0034429346572544747,0.12038135807935249,0.021646173340163957,-0.00422696928217365,-0.03702006968097364
21.85632420900015,0.0,0.0,-0.1090830782496456,-0.015271630954950384,0.14835298641951802,-0.052055208838834736,-0.028579330342889665,-0.9982351812623602,1.0,1.0,-0.014540605014190078,0.121250030817464,0.022174539975821972,0.0,-0.03793685510754585,-0.16790682077407837,-0.14784766640514135,-0.006691429298371077,-0.035400390625,0.00888347439467907,0.13875059969723225,0.032506044022738934,0.0,-0.036477092653512955,-0.002863430804053227,0.10334394479523601,0.009909924951284677,0.0015339807878858025,-0.026077673394055978,-0.1687378866674205,-0.1610679827279924,-0.01760328175253667,-0.06063110196810921,0.0034429346572544747,0.1219153388672383,0.021646173340163957,-0.00422696928217365,-0.03702006968097364
21.876352128999997,0.0,0.0,-0.11453723216212788,-0.007635815477475192,0.04145156973486533,-0.052059520784849614,-0.025519372933749812,-0.9983178691682926,1.0,1.0,-0.011548695852980018,0.12491134204901755,0.027484508231282234,0.0,-0.034642431885004044,-0.16666561365127563,-0.14982610382139683,-0.010589576326310635,-0.031359851360321045,0.011238089296966791,0.13687082659453154,0.033825705759227276,0.0,-0.035062896087765694,-0.002863430804053227,0.10641190637100717,0.009909924951284677,0.0015339807878858025,-0.026077673394055978,-0.1687378866674205,-0.15953400194010658,-0.01760328175253667,-0.05756314039233805,0.004976915445140277,0.1219153388672383,0.024714134915935118,-0.00422696928217365,-0.03702006968097364
21.896323291000044,0.0,0.0,-0.0916297857297023,-0.037088246604879506,0.06326818538479445,-0.05308010212286974,-0.02347773747742315,-0.9983142283878191,1.0,1.0,-0.012959198793396354,0.12347669480368495,0.02988329716026783,0.0,-0.03439672477543354,-0.16897694766521454,-0.15204230323433876,-0.0030335476621985435,-0.024583155289292336,0.01117762504145503,0.1397340539842844,0.034023319371044636,0.0,-0.032009297981858253,-0.004397411591939029,0.10794588715889297,0.011443905739170479,0.0015339807878858025,-0.027611654181941336,-0.1687378866674205,-0.15953400194010658,-0.016069300964650868,-0.051427217240795284,0.004976915445140277,0.1234493196551241,0.02624811570382092,-0.00422696928217365,-0.03702006968097364
21.916603484999996,0.0,0.0,-0.09381144729469522,-0.06435901616729091,0.04254240051736178,-0.05409918224600391,-0.022456264328529926,-0.9982830233319211,1.0,1.0,-0.012148391222581267,0.12382754357531667,0.028377294540405273,0.0,-0.03329218924045563,-0.16804753243923187,-0.15297423489391804,-0.0060246530920267105,-0.0249322559684515,0.012086031958460808,0.13898029923439026,0.035224138759076595,0.0,-0.03436741232872009,-0.004397411591939029,0.10794588715889297,0.011443905739170479,0.0015339807878858025,-0.027611654181941336,-0.1687378866674205,-0.15646604036433542,-0.016069300964650868,-0.04529129408925296,0.004976915445140277,0.1234493196551241,0.027782096491706723,-0.002692988494288291,-0.03702006968097364
21.936576406000086,0.0,0.0,-0.08399397025222712,-0.06326818538479445,-0.009817477042468103,-0.05512038097881216,-0.01939420812217465,-0.9982913443940423,1.0,1.0,-0.009628986706957221,0.12541108205914497,0.03418435528874397,0.0,-0.032888263463974,-0.1686168909072876,-0.15389063395559788,-0.005905847996473312,-0.02170492708683014,0.014294542372226715,0.1423102281987667,0.034666252322494984,0.0,-0.03438102453947067,-0.004397411591939029,0.10794588715889297,0.012977886527055837,0.0015339807878858025,-0.027611654181941336,-0.1687378866674205,-0.15646604036433542,-0.016069300964650868,-0.04222333251348136,0.004976915445140277,0.1234493196551241,0.02931607727959208,-0.002692988494288291,-0.03702006968097364
21.95658288200002,0.0,0.0,-0.09490227807719166,-0.016362461737446838,-0.015271630954950384,-0.05512144348972152,-0.018373814496573836,-0.9983105876471785,1.0,1.0,-0.010244877776131034,0.12490469543263316,0.03289963863790035,0.0,-0.03746718913316727,-0.1608397364616394,-0.15196911245584488,-0.008171819150447845,-0.019619351252913475,0.015286555513739586,0.14015213027596474,0.03440350014716387,0.0,-0.03523611091077328,-0.004397411591939029,0.10794588715889297,0.01451186731494164,0.0015339807878858025,-0.027611654181941336,-0.1687378866674205,-0.15493205957644962,-0.016069300964650868,-0.039155370937710196,0.004976915445140277,0.12498330044300945,0.02931607727959208,-0.002692988494288291,-0.03702006968097364
21.976752911000176,0.0,0.0,-0.09381144729469522,0.003272492347489368,0.014180800172453928,-0.05506727638053279,-0.01631623003867638,-0.9983493254915111,1.0,1.0,-0.00990953459404409,0.126734159886837,0.03420593589544296,0.0,-0.03964126296341419,-0.16266946122050285,-0.1521278414875269,-0.005096760578453541,-0.017778750509023666,0.013849612325429916,0.1407413687556982,0.03522699046880007,0.0,-0.03791063837707043,-0.004397411591939029,0.10947986794677877,0.016045848102827442,0.0015339807878858025,-0.027611654181941336,-0.1687378866674205,-0.15493205957644962,-0.016069300964650868,-0.036087409361939035,0.004976915445140277,0.12651728123089526,0.030850058067477884,-0.002692988494288291,-0.03702006968097364
21.99668651700017,0.0,0.0,-0.0818123086872342,-0.020725784867432664,-0.04254240051736178,-0.0550689944267779,-0.014277146703238715,-0.9983804730336215,1.0,1.0,-0.008243500953540206,0.12639230769127607,0.0369963850826025,0.0,-0.036877669394016266,-0.16362814605236053,-0.15496258251369,-0.008733458817005157,-0.015472449362277985,0.015142550691962242,0.14162112399935722,0.03553881961852312,0.0,-0.03552899695932865,-0.004397411591939029,0.11101384873466413,0.019113809678598603,0.0015339807878858025,-0.027611654181941336,-0.1687378866674205,-0.15493205957644962,-0.016069300964650868,-0.03455342857405323,0.004976915445140277,0.12958524280666642,0.030850058067477884,-0.002692988494288291,-0.03702006968097364
22.01674997400005,0.0,0.0,-0.07417649320975901,-0.006544984694978736,-0.028361600344907856,-0.05405220573661421,-0.014277941137973565,-0.998436026719723,1.0,1.0,-0.008645381545647979,0.12315475067589432,0.033652231097221375,0.0,-0.0375041700899601,-0.16398586332798004,-0.1557903029024601,-0.009054375812411308,-0.01464088074862957,0.01440343912690878,0.13901359401643276,0.033963766880333424,0.0,-0.0343896821141243,-0.004397411591939029,0.11254782952254994,0.020647790466483962,0.0015339807878858025,-0.027611654181941336,-0.1687378866674205,-0.15493205957644962,-0.016069300964650868,-0.033019447786167874,0.004976915445140277,0.12958524280666642,0.03238403885536369,-0.002692988494288291,-0.03702006968097364
22.036929336000185,0.0,0.0,-0.08290313946973066,0.009817477042468103,0.026179938779914945,-0.054054314098718026,-0.011218819907281099,-0.9984749717480179,1.0,1.0,-0.00961939594708383,0.12709563365206122,0.03721710853278637,0.0,-0.04052897077053785,-0.16033798828721046,-0.1536843702197075,-0.005801567807793617,-0.013919511809945107,0.013270427472889423,0.140009805560112,0.03604274522513151,0.0,-0.034848544746637344,-0.004397411591939029,0.11254782952254994,0.022181771254369764,0.0015339807878858025,-0.02914563496982714,-0.1687378866674205,-0.15493205957644962,-0.016069300964650868,-0.03148546699828207,0.004976915445140277,0.12958524280666642,0.03238403885536369,-0.0011590077064024887,-0.03702006968097364
22.05703432900009,0.0,0.0,-0.08072147790473774,-0.003272492347489368,0.017453292519943295,-0.054054314098718026,-0.011218819907281099,-0.9984749717480179,1.0,1.0,-0.007774665718898177,0.12567820074036717,0.039846042171120644,0.0,-0.039157560095191,-0.1645924411714077,-0.1570528857409954,-0.0048836469650268555,-0.011960119009017944,0.014401262626051903,0.14168058522045612,0.036138867028057575,0.0,-0.034219175577163696,-0.004397411591939029,0.11254782952254994,0.023715752042255567,0.0015339807878858025,-0.02914563496982714,-0.1687378866674205,-0.15646604036433542,-0.016069300964650868,-0.02995148621039627,0.004976915445140277,0.12958524280666642,0.03238403885536369,-0.0011590077064024887,-0.03702006968097364
22.077126211000177,0.0,0.0,-0.05999569303730508,-0.008726646259971648,0.02181661564992912,-0.05507228779826721,-0.009178714633044534,-0.9984401806389556,1.0,1.0,-0.007007397478446364,0.1271088868379593,0.039590684697031975,0.0,-0.042071145959198475,-0.1621236726641655,-0.15778776444494724,-0.00376229640096426,-0.012091727927327156,0.01529385894536972,0.14119783230125904,0.03533822391182184,0.0,-0.0330280102789402,-0.004397411591939029,0.11254782952254994,0.026783713618026728,0.0015339807878858025,-0.02914563496982714,-0.1687378866674205,-0.15646604036433542,-0.016069300964650868,-0.02841750542251091,0.004976915445140277,0.12958524280666642,0.03238403885536369,-0.0011590077064024887,-0.03702006968097364
22.097078206000106,0.0,0.0,-0.06435901616729091,0.01090830782496456,0.06326818538479445,-0.05507320431977077,-0.007139119078488804,-0.9984567968343628,1.0,1.0,-0.0081622542347759,0.12644094415009022,0.040593305602669716,0.0,-0.043795802630484104,-0.16132349148392677,-0.1575088817626238,-0.0037238039076328278,-0.010960869491100311,0.01496801432222128,0.1408556681126356,0.03579278755933046,0.0,-0.03419800102710724,-0.004397411591939029,0.11254782952254994,0.02831769440591253,0.0015339807878858025,-0.03067961575771294,-0.1687378866674205,-0.15800002115222123,-0.016069300964650868,-0.02688352463462511,0.004976915445140277,0.12958524280666642,0.03238403885536369,0.0003749730814833138,-0.03702006968097364
22.117158551000102,0.0,0.0,-0.07635815477475191,-0.002181661564992912,0.07417649320975901,-0.055073576669702536,-0.006119286296633615,-0.9984635474007183,1.0,1.0,-0.007345877354964614,0.125637695658952,0.0413785632699728,0.0,-0.041860880330204964,-0.16392207890748978,-0.1595010682940483,-0.002554197795689106,-0.011118529364466667,0.014853470027446747,0.14200061187148094,0.03650557342916727,0.0,-0.03216317668557167,-0.004397411591939029,0.11254782952254994,0.02831769440591253,0.0015339807878858025,-0.03067961575771294,-0.1687378866674205,-0.15800002115222123,-0.016069300964650868,-0.02688352463462511,0.004976915445140277,0.12958524280666642,0.03238403885536369,0.0003749730814833138,-0.03702006968097364
22.137364672000103,0.0,0.0,-0.03381575425739013,-0.008726646259971648,0.003272492347489368,-0.05507389174092838,-0.005099434420456331,-0.9984692595253497,1.0,1.0,-0.006232544546946883,0.12845157459378242,0.040793394669890404,0.0,-0.04239823296666145,-0.16033026948571205,-0.16092300415039062,-0.004560394212603569,-0.008481440134346485,0.015173587948083878,0.139196353033185,0.034069896675646305,0.0,-0.032589683309197426,-0.004397411591939029,0.11254782952254994,0.02831769440591253,0.0015339807878858025,-0.03067961575771294,-0.1687378866674205,-0.15800002115222123,-0.016069300964650868,-0.025349543846739306,0.004976915445140277,0.12958524280666642,0.03238403885536369,0.0003749730814833138,-0.03702006968097364
22.157355667000047,0.0,0.0,-0.018544123302439753,-0.009817477042468103,-0.014180800172453928,-0.056090598982586407,-0.0050991453620533094,-0.9984126618900381,1.0,1.0,-0.0060110127087682486,0.1274895817041397,0.04155105538666248,0.0,-0.04305422678589821,-0.16068680956959724,-0.16239510104060173,-0.005094707012176514,-0.007821200415492058,0.01641835644841194,0.14152267761528492,0.03462884481996298,0.0,-0.03259960748255253,-0.004397411591939029,0.1140818103104353,0.02831769440591253,0.0015339807878858025,-0.03067961575771294,-0.1687378866674205,-0.15800002115222123,-0.016069300964650868,-0.023815563058853947,0.004976915445140277,0.12958524280666642,0.03238403885536369,0.0003749730814833138,-0.03702006968097364
22.177538770000183,0.0,0.0,-0.028361600344907856,-0.018544123302439753,0.017453292519943295,-0.056090861501390456,-0.004079335381919306,-0.9984173347247501,1.0,1.0,-0.006348261376842856,0.12649309821426868,0.04097307659685612,0.0,-0.04210513178259134,-0.1622558832168579,-0.16262425854802132,-0.003998585976660252,-0.007416067644953728,0.015260650776326656,0.14050747640430927,0.034002612344920635,0.0,-0.03163506090641022,-0.004397411591939029,0.1140818103104353,0.02831769440591253,0.003067961575771161,-0.03067961575771294,-0.1687378866674205,-0.15800002115222123,-0.016069300964650868,-0.022281582270968145,0.004976915445140277,0.12958524280666642,0.03238403885536369,0.0003749730814833138,-0.03702006968097364
22.197538468000175,0.0,0.0,-0.026179938779914945,-0.01090830782496456,-0.004363323129985824,-0.056090861501390456,-0.004079335381919306,-0.9984173347247501,1.0,1.0,-0.006533922394737601,0.12725752079859376,0.04140917398035526,0.0,-0.042557742446660995,-0.16074322164058685,-0.16362954676151276,-0.004385408945381641,-0.007322434801608324,0.016384161077439785,0.14092962816357613,0.034431626088917255,0.0,-0.03188987448811531,-0.004397411591939029,0.1140818103104353,0.02831769440591253,0.004601942363656963,-0.0322135965455983,-0.1687378866674205,-0.15800002115222123,-0.016069300964650868,-0.019213620695196984,0.004976915445140277,0.12958524280666642,0.03238403885536369,0.0003749730814833138,-0.03702006968097364
22.217530425000177,0.0,0.0,-0.018544123302439753,-0.007635815477475192,-0.01090830782496456,-0.05609106568523083,-0.0030595126737398633,-0.9984209691971089,1.0,1.0,-0.0051336202304810286,0.12774913292378187,0.0419189278036356,0.0,-0.04222983121871948,-0.16075411066412926,-0.16355103440582752,-0.004575779661536217,-0.005909857805818319,0.01605544611811638,0.14041589386761189,0.03430164884775877,0.0,-0.031932562589645386,-0.004397411591939029,0.1140818103104353,0.02831769440591253,0.007669903939428124,-0.0322135965455983,-0.1687378866674205,-0.15800002115222123,-0.016069300964650868,-0.01767963990731118,0.004976915445140277,0.12958524280666642,0.03238403885536369,0.0003749730814833138,-0.03702006968097364
22.237685918000125,0.0,0.0,-0.032724923474893676,-0.011999138607461015,-0.004363323129985824,-0.05609106568523083,-0.0030595126737398633,-0.9984209691971089,1.0,1.0,-0.007507780333980918,0.12555204518139362,0.041731758043169975,0.0,-0.04160811100155115,-0.16143882274627686,-0.1645416785031557,-0.0042399149388074875,-0.0071477401070296764,0.01717181410640478,0.14180933870375156,0.034523398615419865,0.0,-0.03167404979467392,-0.004397411591939029,0.1140818103104353,0.02831769440591253,0.007669903939428124,-0.0337475773334841,-0.1687378866674205,-0.15800002115222123,-0.016069300964650868,-0.016145659119425823,0.004976915445140277,0.12958524280666642,0.03238403885536369,0.0003749730814833138,-0.03702006968097364
22.257661875000167,0.0,0.0,-0.04363323129985824,-0.01090830782496456,-0.007635815477475192,-0.05609121153219632,-0.0020396804193525933,-0.9984235652730945,1.0,1.0,-0.006233550375327468,0.1275503747165203,0.04193446598947048,0.0,-0.04182664770632982,-0.16059106588363647,-0.1638577114790678,-0.004549459554255009,-0.006801518611609936,0.01567034889012575,0.13970661908388138,0.03421651292592287,0.0,-0.03190477937459946,-0.004397411591939029,0.1156157910983211,0.02831769440591253,0.007669903939428124,-0.0337475773334841,-0.1687378866674205,-0.15800002115222123,-0.016069300964650868,-0.016145659119425823,0.004976915445140277,0.12958524280666642,0.03238403885536369,0.0003749730814833138,-0.03702006968097364
22.27773792400012,0.0,0.0,-0.015271630954950384,-0.006544984694978736,-0.022907446432425576,-0.05609121153219632,-0.0020396804193525933,-0.9984235652730945,1.0,1.0,-0.004304782720282674,0.1273687807843089,0.041988497599959373,0.0,-0.04331984277814627,-0.1613314002752304,-0.16510972194373608,-0.004448365420103073,-0.003734682686626911,0.016151990741491318,0.14021561294794083,0.03254277352243662,0.0,-0.031223177909851074,-0.004397411591939029,0.1156157910983211,0.02831769440591253,0.007669903939428124,-0.0337475773334841,-0.1687378866674205,-0.15800002115222123,-0.016069300964650868,-0.016145659119425823,0.004976915445140277,0.12958524280666642,0.03238403885536369,0.0003749730814833138,-0.03702006968097364
22.297864806000007,0.0,0.0,-0.001090830782496456,-0.01090830782496456,-0.028361600344907856,-0.05609121153219632,-0.0020396804193525933,-0.9984235652730945,1.0,1.0,-0.004603157518431544,0.12921460904181004,0.0417595524340868,0.0,-0.04341455828398466,-0.1601751148700714,-0.16648329608142376,-0.0040377359837293625,-0.0045572202652692795,0.015933694317936897,0.14007271453738213,0.03381287585943937,0.0,-0.031222643330693245,-0.004397411591939029,0.1156157910983211,0.02831769440591253,0.007669903939428124,-0.0337475773334841,-0.1687378866674205,-0.15800002115222123,-0.016069300964650868,-0.016145659119425823,0.004976915445140277,0.12958524280666642,0.03238403885536369,0.0003749730814833138,-0.03702006968097364
22.31827903500016,0.0,0.0,-0.018544123302439753,-0.00545415391248228,-0.006544984694978736,-0.0560912990409217,-0.0010198418007440308,-0.9984251229284064,1.0,1.0,-0.005415415158495307,0.12835409864783287,0.0419143121689558,0.0,-0.04350585211068392,-0.15964999794960022,-0.1653216239064932,-0.003796270117163658,-0.004382055252790451,0.01566022727638483,0.1404465865343809,0.03392172511667013,0.0,-0.031770821660757065,-0.004397411591939029,0.1156157910983211,0.02831769440591253,0.007669903939428124,-0.0337475773334841,-0.1687378866674205,-0.15800002115222123,-0.016069300964650868,-0.016145659119425823,0.004976915445140277,0.12958524280666642,0.03238403885536369,0.0003749730814833138,-0.03702006968097364
22.338102495000157,0.0,0.0,-0.014180800172453928,0.006544984694978736,0.015271630954950384,-0.0560912990409217,-0.0010198418007440308,-0.9984251229284064,1.0,1.0,-0.005563224432989955,0.12919936422258615,0.041498543694615364,0.0,-0.044603568501770496,-0.15962530300021172,-0.16445153020322323,-0.0035252664238214493,-0.00539636192843318,0.015076898969709873,0.13964881375432014,0.033913508988916874,0.0,-0.03184668347239494,-0.004397411591939029,0.1171497718862069,0.02831769440591253,0.009203884727313927,-0.0337475773334841,-0.1687378866674205,-0.15800002115222123,-0.016069300964650868,-0.016145659119425823,0.004976915445140277,0.12958524280666642,0.03238403885536369,0.0003749730814833138,-0.03702006968097364
22.35809076700002,0.0,0.0,-0.007635815477475192,0.004363323129985824,0.011999138607461015,-0.0560912990409217,-0.0010198418007440308,-0.9984251229284064,1.0,1.0,-0.005215511424466968,0.12892104871571064,0.04168025963008404,0.0,-0.04415741190314293,-0.16011107712984085,-0.16492228768765926,-0.0035800887271761894,-0.004912167321890593,0.015382835641503334,0.14003247395157814,0.03394183982163668,0.0,-0.03156732767820358,-0.004397411591939029,0.1171497718862069,0.02831769440591253,0.009203884727313927,-0.0337475773334841,-0.1687378866674205,-0.15800002115222123,-0.016069300964650868,-0.016145659119425823,0.004976915445140277,0.12958524280666642,0.03238403885536369,0.0003749730814833138,-0.03702006968097364
22.378103910000164,0.0,0.0,-0.018544123302439753,0.0,0.02181661564992912,-0.0560912990409217,-0.0010198418007440308,-0.9984251229284064,1.0,1.0,-0.00639989017508924,0.12712074629962444,0.04082474298775196,0.0,-0.04291072487831116,-0.16134687513113022,-0.16561276651918888,-0.003278583288192749,-0.0061440179124474525,0.01508925762027502,0.13947912864387035,0.03341165650635958,0.0,-0.030596647411584854,-0.004397411591939029,0.1171497718862069,0.02831769440591253,0.009203884727313927,-0.0337475773334841,-0.1687378866674205,-0.15800002115222123,-0.016069300964650868,-0.01767963990731118,0.004976915445140277,0.12958524280666642,0.03238403885536369,0.0003749730814833138,-0.03702006968097364
22.39824666100003,0.0,0.0,-0.014180800172453928,-0.004363323129985824,0.007635815477475192,-0.05609132821058785,-0.0,-0.9984256421484637,1.0,1.0,-0.004886288428679109,0.13001676183193922,0.04183030687272549,0.0,-0.04427828826010227,-0.15934070944786072,-0.1656154152005911,-0.0031620562076568604,-0.004783028736710548,0.014698279090225697,0.13910166919231415,0.03337446507066488,0.0,-0.030953388661146164,-0.004397411591939029,0.1171497718862069,0.02831769440591253,0.009203884727313927,-0.0337475773334841,-0.1687378866674205,-0.15800002115222123,-0.016069300964650868,-0.01767963990731118,0.004976915445140277,0.12958524280666642,0.03238403885536369,0.0003749730814833138,-0.03548608889308784
22.418212582000024,0.0,0.0,0.002181661564992912,0.003272492347489368,-0.003272492347489368,-0.05609132821058785,-0.0,-0.9984256421484637,1.0,1.0,-0.005028670420870185,0.12912213802337646,0.041152799502015114,0.0,-0.04468541871756315,-0.15930673852562904,-0.16555422730743885,-0.003994292579591274,-0.005301817785948515,0.01573166251182556,0.14011064730584621,0.03340384643524885,0.0,-0.03231412544846535,-0.004397411591939029,0.1171497718862069,0.02831769440591253,0.009203884727313927,-0.0337475773334841,-0.1687378866674205,-0.15800002115222123,-0.016069300964650868,-0.01767963990731118,0.004976915445140277,0.12958524280666642,0.03238403885536369,0.0019089538693686722,-0.03548608889308784
22.438564386000053,0.0,0.0,-0.00545415391248228,0.001090830782496456,0.01090830782496456,-0.05710787412190886,-0.0,-0.9983680136669424,1.0,1.0,-0.004981287522241473,0.12893966399133205,0.0424360241740942,0.0,-0.04442045837640762,-0.16052324324846268,-0.16531141847372055,-0.0024713845923542976,-0.005044023506343365,0.015117933042347431,0.1408014167100191,0.03343243058770895,0.0,-0.02990853786468506,-0.004397411591939029,0.1171497718862069,0.02831769440591253,0.009203884727313927,-0.0337475773334841,-0.1687378866674205,-0.15800002115222123,-0.016069300964650868,-0.016145659119425823,0.004976915445140277,0.12958524280666642,0.03238403885536369,0.0019089538693686722,-0.03548608889308784
22.45845269700021,0.0,0.0,-0.007635815477475192,-0.004363323129985824,-0.001090830782496456,-0.05710787412190886,-0.0,-0.9983680136669424,1.0,1.0,-0.005237613106146455,0.1289205364882946,0.041757719591259956,0.0,-0.04421565681695938,-0.15958084166049957,-0.16506756283342838,-0.005071679130196571,-0.00609281100332737,0.015741429291665554,0.1400114968419075,0.033671014942228794,0.0,-0.03178626485168934,-0.004397411591939029,0.11868375267409226,0.02831769440591253,0.009203884727313927,-0.0337475773334841,-0.1687378866674205,-0.15800002115222123,-0.016069300964650868,-0.016145659119425823,0.004976915445140277,0.12958524280666642,0.03238403885536369,0.0019089538693686722,-0.03548608889308784
22.47848695100015,0.0,0.0,0.002181661564992912,-0.002181661564992912,-0.013089969389957472,-0.05710787412190886,-0.0,-0.9983680136669424,1.0,1.0,-0.00439586048014462,0.13005995005369186,0.041890135034918785,0.0,-0.044638738967478275,-0.1593918353319168,-0.1663626115769148,-0.004360342398285866,-0.005383716896176338,0.015447927638888359,0.1394687332212925,0.033394272439181805,0.0,-0.03091501072049141,-0.004397411591939029,0.12021773346197806,0.02831769440591253,0.009203884727313927,-0.0337475773334841,-0.1687378866674205,-0.15800002115222123,-0.016069300964650868,-0.016145659119425823,0.004976915445140277,0.12958524280666642,0.03238403885536369,0.0019089538693686722,-0.03548608889308784
22.498759274000122,0.0,0.0,-0.001090830782496456,-0.006544984694978736,-0.01090830782496456,-0.05710787412190886,-0.0,-0.9983680136669424,1.0,1.0,-0.004526154836639762,0.12840351462364197,0.041363270953297615,0.0,-0.043566685169935226,-0.1604570336639881,-0.16690323874354362,-0.004521733149886131,-0.004893800243735313,0.015399294905364513,0.13957813940942287,0.03283687960356474,0.0,-0.030324703082442284,-0.004397411591939029,0.12021773346197806,0.02831769440591253,0.009203884727313927,-0.0337475773334841,-0.1687378866674205,-0.15800002115222123,-0.016069300964650868,-0.016145659119425823,0.004976915445140277,0.12958524280666642,0.03238403885536369,0.0019089538693686722,-0.03548608889308784
22.52096262400005,0.0,0.0,-0.009817477042468103,-0.013089969389957472,-0.014180800172453928,-0.05710787412190886,-0.0,-0.9983680136669424,1.0,1.0,-0.004633854841813445,0.12874125875532627,0.04160064645111561,0.0,-0.04343767371028662,-0.16045023500919342,-0.16688556410372257,-0.004728339612483978,-0.0051889275200665,0.015214758925139904,0.1394661646336317,0.03297160845249891,0.0,-0.030312098562717438,-0.004397411591939029,0.12021773346197806,0.02831769440591253,0.009203884727313927,-0.0337475773334841,-0.1687378866674205,-0.15800002115222123,-0.016069300964650868,-0.016145659119425823,0.004976915445140277,0.12958524280666642,0.03238403885536369,0.0019089538693686722,-0.03548608889308784
22.539285626000037,0.0,0.0,0.002181661564992912,-0.002181661564992912,-0.004363323129985824,-0.05710787412190886,-0.0,-0.9983680136669424,1.0,1.0,-0.0047540434170514345,0.13006843533366919,0.04153294302523136,0.0,-0.04478485509753227,-0.15886721014976501,-0.16649306006729603,-0.004037056118249893,-0.005710396450012922,0.015245851129293442,0.13955738209187984,0.03360524494200945,0.0,-0.03098122961819172,-0.004397411591939029,0.12021773346197806,0.02831769440591253,0.009203884727313927,-0.0337475773334841,-0.1687378866674205,-0.15800002115222123,-0.016069300964650868,-0.016145659119425823,0.004976915445140277,0.12958524280666642,0.03238403885536369,0.0019089538693686722,-0.03548608889308784
22.559143937000044,0.0,0.0,0.003272492347489368,0.001090830782496456,0.01090830782496456,-0.05710787412190886,-0.0,-0.9983680136669424,1.0,1.0,-0.004999849712476134,0.12966855615377426,0.0414737518876791,0.0,-0.04463858250528574,-0.15918973833322525,-0.1663522608578205,-0.0036710239946842194,-0.0056538209319114685,0.015064888633787632,0.13967635296285152,0.03379931394010782,0.0,-0.030969219282269478,-0.004397411591939029,0.12021773346197806,0.02831769440591253,0.009203884727313927,-0.0337475773334841,-0.1687378866674205,-0.15800002115222123,-0.016069300964650868,-0.016145659119425823,0.004976915445140277,0.12958524280666642,0.03238403885536369,0.0019089538693686722,-0.03548608889308784
22.578863490999993,0.0,0.0,-0.001090830782496456,-0.002181661564992912,0.004363323129985824,-0.05710787412190886,-0.0,-0.9983680136669424,1.0,1.0,-0.004903954220935702,0.1297455858439207,0.04163983277976513,0.0,-0.04450655169785023,-0.15921776741743088,-0.16636241227388382,-0.004117334261536598,-0.0056495703756809235,0.015179439447820187,0.13968629017472267,0.03373707178980112,0.0,-0.03102869912981987,-0.004397411591939029,0.12021773346197806,0.02831769440591253,0.009203884727313927,-0.0337475773334841,-0.1687378866674205,-0.15800002115222123,-0.016069300964650868,-0.016145659119425823,0.004976915445140277,0.12958524280666642,0.03238403885536369,0.0019089538693686722,-0.03548608889308784
22.599068890000126,0.0,0.0,0.004363323129985824,0.00545415391248228,0.011999138607461015,-0.05710787412190886,-0.0,-0.9983680136669424,1.0,1.0,-0.004981915233656764,0.12980011478066444,0.04135342873632908,0.0,-0.04500322323292494,-0.15890032052993774,-0.16604303754866123,-0.003723849542438984,-0.005780981853604317,0.015027333982288837,0.13950827345252037,0.033603270538151264,0.0,-0.03107648342847824,-0.004397411591939029,0.12021773346197806,0.02831769440591253,0.009203884727313927,-0.0337475773334841,-0.1687378866674205,-0.15800002115222123,-0.016069300964650868,-0.016145659119425823,0.004976915445140277,0.12958524280666642,0.03238403885536369,0.0019089538693686722,-0.03548608889308784
22.619080718000077,0.0,0.0,0.004363323129985824,0.0,0.011999138607461015,-0.05710787412190886,-0.0,-0.9983680136669424,1.0,1.0,-0.004889575531706214,0.129734568297863,0.04152792505919933,0.0,-0.044557251036167145,-0.15938641130924225,-0.16645504534244537,-0.0037275776267051697,-0.005650972947478294,0.015045944601297379,0.13965648226439953,0.03378461580723524,0.0,-0.03088327869772911,-0.004397411591939029,0.12021773346197806,0.02831769440591253,0.009203884727313927,-0.0337475773334841,-0.1687378866674205,-0.15800002115222123,-0.016069300964650868,-0.016145659119425823,0.004976915445140277,0.12958524280666642,0.03238403885536369,0.0019089538693686722,-0.03548608889308784
22.639151341000115,0.0,0.0,-0.001090830782496456,0.002181661564992912,-0.002181661564992912,-0.05710787412190886,-0.0,-0.9983680136669424,1.0,1.0,-0.004874862963333726,0.12975339777767658,0.041605399921536446,0.0,-0.04476526938378811,-0.15880544483661652,-0.16615679673850536,-0.004459735006093979,-0.00566287524998188,0.015297425910830498,0.13965498842298985,0.03357225935906172,0.0,-0.031190229579806328,-0.004397411591939029,0.12021773346197806,0.02831769440591253,0.009203884727313927,-0.0337475773334841,-0.1687378866674205,-0.15800002115222123,-0.016069300964650868,-0.016145659119425823,0.004976915445140277,0.12958524280666642,0.03238403885536369,0.0019089538693686722,-0.03548608889308784
22.659651809000025,0.0,0.0,0.006544984694978736,0.0,-0.001090830782496456,-0.05710787412190886,-0.0,-0.9983680136669424,1.0,1.0,-0.004603229695931077,0.12984662503004074,0.04161178506910801,0.0,-0.044656479731202126,-0.1591755375266075,-0.16675557009875774,-0.004029389470815659,-0.00551967229694128,0.015269462019205093,0.13962730579078197,0.03358862083405256,0.0,-0.030901044607162476,-0.004397411591939029,0.12021773346197806,0.02831769440591253,0.009203884727313927,-0.0337475773334841,-0.1687378866674205,-0.15800002115222123,-0.016069300964650868,-0.016145659119425823,0.004976915445140277,0.12958524280666642,0.03238403885536369,0.0019089538693686722,-0.03548608889308784
22.679759154000067,0.0,0.0,0.002181661564992912,-0.001090830782496456,-0.006544984694978736,-0.05710787412190886,-0.0,-0.9983680136669424,1.0,1.0,-0.004726416198536754,0.12978216912597418,0.041633350774645805,0.0,-0.04458011407405138,-0.15890294313430786,-0.1667136587202549,-0.004399399273097515,-0.00556939048692584,0.01534206047654152,0.13971095718443394,0.033609299920499325,0.0,-0.031013013795018196,-0.004397411591939029,0.12021773346197806,0.02831769440591253,0.009203884727313927,-0.0337475773334841,-0.1687378866674205,-0.15800002115222123,-0.016069300964650868,-0.016145659119425823,0.004976915445140277,0.12958524280666642,0.03238403885536369,0.0019089538693686722,-0.03548608889308784
22.69980411100005,0.0,0.0,0.004363323129985824,0.0,-0.01090830782496456,-0.05710787412190886,-0.0,-0.9983680136669424,1.0,1.0,-0.004549364792183042,0.12985407188534737,0.041688455268740654,0.0,-0.04468730743974447,-0.15882685780525208,-0.16684167459607124,-0.00448966957628727,-0.00549665279686451,0.015436621382832527,0.13967550545930862,0.03350092377513647,0.0,-0.031021762639284134,-0.004397411591939029,0.12021773346197806,0.02831769440591253,0.009203884727313927,-0.0337475773334841,-0.1687378866674205,-0.15800002115222123,-0.016069300964650868,-0.016145659119425823,0.004976915445140277,0.12958524280666642,0.03238403885536369,0.0019089538693686722,-0.03548608889308784
22.719431611000118,0.0,0.0,0.003272492347489368,0.002181661564992912,-0.003272492347489368,-0.05710787412190886,-0.0,-0.9983680136669424,1.0,1.0,-0.00480878516100347,0.12979639787226915,0.04155482165515423,0.0,-0.04477907996624708,-0.15877854079008102,-0.1665874496102333,-0.004204286262392998,-0.005657610017806292,0.015229553915560246,0.13963305950164795,0.03360713180154562,0.0,-0.031041739508509636,-0.004397411591939029,0.12021773346197806,0.02831769440591253,0.009203884727313927,-0.0337475773334841,-0.1687378866674205,-0.15800002115222123,-0.016069300964650868,-0.016145659119425823,0.004976915445140277,0.12958524280666642,0.03238403885536369,0.0019089538693686722,-0.03548608889308784
22.73955469600014,0.0,0.0,0.004363323129985824,0.001090830782496456,-0.004363323129985824,-0.05710787412190886,-0.0,-0.9983680136669424,1.0,1.0,-0.0046608957927674055,0.1298142997547984,0.041633790358901024,0.0,-0.04470508638769388,-0.15890879184007645,-0.1667058039456606,-0.00431179441511631,-0.005567298270761967,0.015316871926188469,0.13966586627066135,0.033568804152309895,0.0,-0.031007634475827217,-0.004397411591939029,0.12021773346197806,0.02831769440591253,0.009203884727313927,-0.0337475773334841,-0.1687378866674205,-0.15800002115222123,-0.016069300964650868,-0.016145659119425823,0.004976915445140277,0.12958524280666642,0.03238403885536369,0.0019089538693686722,-0.03548608889308784
22.7598543160002,0.0,0.0,0.003272492347489368,0.004363323129985824,0.003272492347489368,-0.05710787412190886,-0.0,-0.9983680136669424,1.0,1.0,-0.004921976709738374,0.1297875875607133,0.04146588779985905,0.0,-0.04490403179079294,-0.1587628833949566,-0.16633331403136253,-0.004046556539833546,-0.005755300633609295,0.01511777751147747,0.13957676477730274,0.03361174184828997,0.0,-0.03107743337750435,-0.004397411591939029,0.12021773346197806,0.02831769440591253,0.009203884727313927,-0.0337475773334841,-0.1687378866674205,-0.15800002115222123,-0.016069300964650868,-0.016145659119425823,0.004976915445140277,0.12958524280666642,0.03238403885536369,0.0019089538693686722,-0.03548608889308784
22.77962203600009,0.0,0.0,0.001090830782496456,0.003272492347489368,0.006544984694978736,-0.05710787412190886,-0.0,-0.9983680136669424,1.0,1.0,-0.004966465523466468,0.12972086388617754,0.04155355133116245,0.0,-0.044778330251574516,-0.1589927040040493,-0.16622211411595345,-0.004037422128021717,-0.005743031855672598,0.015087013132870197,0.13963134214282036,0.03369904961436987,0.0,-0.031073110178112984,-0.004397411591939029,0.12021773346197806,0.02831769440591253,0.009203884727313927,-0.0337475773334841,-0.1687378866674205,-0.15800002115222123,-0.016069300964650868,-0.016145659119425823,0.004976915445140277,0.12958524280666642,0.03238403885536369,0.0019089538693686722,-0.03548608889308784
22.800225039999987,0.0,0.0,0.002181661564992912,0.001090830782496456,0.004363323129985824,-0.05710787412190886,-0.0,-0.9983680136669424,1.0,1.0,-0.00483799516223371,0.1297703692689538,0.041569335386157036,0.0,-0.04471238236874342,-0.1590818166732788,-0.16639385372400284,-0.004065018147230148,-0.005685431882739067,0.015155309811234474,0.13962920755147934,0.03364254627376795,0.0,-0.031016552820801735,-0.004397411591939029,0.12021773346197806,0.02831769440591253,0.009203884727313927,-0.0337475773334841,-0.1687378866674205,-0.15800002115222123,-0.016069300964650868,-0.016145659119425823,0.004976915445140277,0.12958524280666642,0.03238403885536369,0.0019089538693686722,-0.03548608889308784
22.819772098000158,0.0,0.0,0.006544984694978736,0.0,0.007635815477475192,-0.05710787412190886,-0.0,-0.9983680136669424,1.0,1.0,-0.004764933837577701,0.12981952354311943,0.041472094133496284,0.0,-0.04468873795121908,-0.15915582329034805,-0.16668506152927876,-0.003793470561504364,-0.005674391984939575,0.01510009728372097,0.1396066565066576,0.033644731156527996,0.0,-0.03086802549660206,-0.004397411591939029,0.12021773346197806,0.02831769440591253,0.009203884727313927,-0.0337475773334841,-0.1687378866674205,-0.15800002115222123,-0.016069300964650868,-0.016145659119425823,0.004976915445140277,0.12958524280666642,0.03238403885536369,0.0019089538693686722,-0.03548608889308784
22.83981179600005,0.0,0.0,0.0,0.0,0.003272492347489368,-0.05710787412190886,-0.0,-0.9983680136669424,1.0,1.0,-0.004940995713695884,0.12971715908497572,0.04157779552042484,0.0,-0.04463281575590372,-0.1589605063199997,-0.16642865911126137,-0.0041749132797122,-0.005729081574827433,0.015147467143833637,0.13969027437269688,0.03370617050677538,0.0,-0.031042348593473434,-0.004397411591939029,0.12021773346197806,0.02831769440591253,0.009203884727313927,-0.0337475773334841,-0.1687378866674205,-0.15800002115222123,-0.016069300964650868,-0.016145659119425823,0.004976915445140277,0.12958524280666642,0.03238403885536369,0.0019089538693686722,-0.03548608889308784
22.860040972000206,0.0,0.0,0.00545415391248228,-0.002181661564992912,-0.002181661564992912,-0.05710787412190886,-0.0,-0.9983680136669424,1.0,1.0,-0.004564713453873992,0.12984778080135584,0.04164799489080906,0.0,-0.04459095187485218,-0.1591283343732357,-0.16691350378096104,-0.004168849438428879,-0.0055427029728889465,0.015306156128644943,0.13966946117579937,0.03356973733752966,0.0,-0.030896253883838654,-0.004397411591939029,0.12021773346197806,0.02831769440591253,0.009203884727313927,-0.0337475773334841,-0.1687378866674205,-0.15800002115222123,-0.016069300964650868,-0.016145659119425823,0.004976915445140277,0.12958524280666642,0.03238403885536369,0.0019089538693686722,-0.03548608889308784
22.879974043000175,0.0,0.0,0.0,-0.002181661564992912,-0.003272492347489368,-0.05710787412190886,-0.0,-0.9983680136669424,1.0,1.0,-0.004848630400374532,0.12974166497588158,0.041629014536738396,0.0,-0.04454770591109991,-0.1589251607656479,-0.1666950359940529,-0.00428292341530323,-0.005671997554600239,0.01523047685623169,0.13971933349967003,0.033687167800962925,0.0,-0.03100307285785675,-0.004397411591939029,0.12021773346197806,0.02831769440591253,0.009203884727313927,-0.0337475773334841,-0.1687378866674205,-0.15800002115222123,-0.016069300964650868,-0.016145659119425823,0.004976915445140277,0.12958524280666642,0.03238403885536369,0.0019089538693686722,-0.03548608889308784
22.900370161000183,0.0,0.0,-0.002181661564992912,0.001090830782496456,-0.006544984694978736,-0.05710787412190886,-0.0,-0.9983680136669424,1.0,1.0,-0.0048237384762614965,0.1297460626810789,0.04170355759561062,0.0,-0.0447412496432662,-0.15874991193413734,-0.16637826524674892,-0.004542098380625248,-0.00567055307328701,0.01530784834176302,0.139685882255435,0.03358553256839514,0.0,-0.03117998316884041,-0.004397411591939029,0.12021773346197806,0.02831769440591253,0.009203884727313927,-0.0337475773334841,-0.1687378866674205,-0.15800002115222123,-0.016069300964650868,-0.016145659119425823,0.004976915445140277,0.12958524280666642,0.03238403885536369,0.0019089538693686722,-0.03548608889308784
22.920207806999997,0.0,0.0,0.002181661564992912,0.0,-0.004363323129985824,-0.05710787412190886,-0.0,-0.9983680136669424,1.0,1.0,-0.004702751757577062,0.12979215569794178,0.0416665505617857,0.0,-0.04467133618891239,-0.1590026579797268,-0.16664056666195393,-0.00426529161632061,-0.005601915530860424,0.015272866003215313,0.13966084830462933,0.03359937388449907,0.0,-0.031010491773486137,-0.004397411591939029,0.12021773346197806,0.02831769440591253,0.009203884727313927,-0.0337475773334841,-0.1687378866674205,-0.15800002115222123,-0.016069300964650868,-0.016145659119425823,0.004976915445140277,0.12958524280666642,0.03238403885536369,0.0019089538693686722,-0.03548608889308784
22.94016630300007,0.0,0.0,0.001090830782496456,0.002181661564992912,-0.002181661564992912,-0.05710787412190886,-0.0,-0.9983680136669424,1.0,1.0,-0.004847149131819606,0.1297652516514063,0.0415728185325861,0.0,-0.04478605091571808,-0.1587904952466488,-0.16641552932560444,-0.004294632002711296,-0.005698502529412508,0.015218349173665047,0.13964011892676353,0.03359581250697374,0.0,-0.031097877770662308,-0.004397411591939029,0.12021773346197806,0.02831769440591253,0.009203884727313927,-0.0337475773334841,-0.1687378866674205,-0.15800002115222123,-0.016069300964650868,-0.016145659119425823,0.004976915445140277,0.12958524280666642,0.03238403885536369,0.0019089538693686722,-0.03548608889308784
22.960667531000126,0.0,0.0,0.002181661564992912,0.001090830782496456,0.0,-0.05710787412190886,-0.0,-0.9983680136669424,1.0,1.0,-0.004789685131981969,0.1297688139602542,0.04161749966442585,0.0,-0.04470508359372616,-0.1589893102645874,-0.16652335040271282,-0.004176462069153786,-0.005656369961798191,0.015197891741991043,0.13965333625674248,0.033635289408266544,0.0,-0.031024141237139702,-0.004397411591939029,0.12021773346197806,0.02831769440591253,0.009203884727313927,-0.0337475773334841,-0.1687378866674205,-0.15800002115222123,-0.016069300964650868,-0.016145659119425823,0.004976915445140277,0.12958524280666642,0.03238403885536369,0.0019089538693686722,-0.03548608889308784
22.980563361000122,0.0,0.0,-0.003272492347489368,0.0,0.003272492347489368,-0.05710787412190886,-0.0,-0.9983680136669424,1.0,1.0,-0.0050324981566518545,0.1296787243336439,0.04161333478987217,0.0,-0.044636073522269726,-0.15899405628442764,-0.1662486419081688,-0.004161368124186993,-0.005779659375548363,0.01509250607341528,0.13968359492719173,0.033749078400433064,0.0,-0.03110341913998127,-0.004397411591939029,0.12021773346197806,0.02831769440591253,0.009203884727313927,-0.0337475773334841,-0.1687378866674205,-0.15800002115222123,-0.016069300964650868,-0.016145659119425823,0.004976915445140277,0.12958524280666642,0.03238403885536369,0.0019089538693686722,-0.03548608889308784
23.000854222000044,0.0,0.0,0.0,-0.001090830782496456,0.004363323129985824,-0.05710787412190886,-0.0,-0.9983680136669424,1.0,1.0,-0.0048448077868670225,0.1297438470646739,0.04162335954606533,0.0,-0.04463028535246849,-0.15915434062480927,-0.16643276065587997,-0.004060401581227779,-0.005700781475752592,0.015133646316826344,0.13966142013669014,0.0336781432852149,0.0,-0.03101445734500885,-0.004397411591939029,0.12021773346197806,0.02831769440591253,0.009203884727313927,-0.0337475773334841,-0.1687378866674205,-0.15800002115222123,-0.016069300964650868,-0.016145659119425823,0.004976915445140277,0.12958524280666642,0.03238403885536369,0.0019089538693686722,-0.03548608889308784
23.020724422000058,0.0,0.0,-0.001090830782496456,-0.001090830782496456,0.004363323129985824,-0.05710787412190886,-0.0,-0.9983680136669424,1.0,1.0,-0.004937726771458983,0.12971164658665657,0.04158828221261501,0.0,-0.04460825212299824,-0.1590820997953415,-0.16638566367328167,-0.004081642255187035,-0.005743822082877159,0.015103395096957684,0.13967527821660042,0.03371651377528906,0.0,-0.031030355021357536,-0.004397411591939029,0.12021773346197806,0.02831769440591253,0.009203884727313927,-0.0337475773334841,-0.1687378866674205,-0.15800002115222123,-0.016069300964650868,-0.016145659119425823,0.004976915445140277,0.12958524280666642,0.03238403885536369,0.0019089538693686722,-0.03548608889308784
23.040722361999997,0.0,0.0,-0.002181661564992912,0.0,0.001090830782496456,-0.05710787412190886,-0.0,-0.9983680136669424,1.0,1.0,-0.004902253160253167,0.12971229199320078,0.041645439341664314,0.0,-0.044665188528597355,-0.15898644551634789,-0.16629188507795334,-0.004268832504749298,-0.005719950422644615,0.015171846374869347,0.13967863842844963,0.03366704750806093,0.0,-0.0311117023229599,-0.004397411591939029,0.12021773346197806,0.02831769440591253,0.009203884727313927,-0.0337475773334841,-0.1687378866674205,-0.15800002115222123,-0.016069300964650868,-0.016145659119425823,0.004976915445140277,0.12958524280666642,0.03238403885536369,0.0019089538693686722,-0.03548608889308784
23.0611153320001,0.0,0.0,0.0,0.0,-0.001090830782496456,-0.05710787412190886,-0.0,-0.9983680136669424,1.0,1.0,-0.004798202542588115,0.12975115422159433,0.04164827801287174,0.0,-0.044668590649962425,-0.15901722013950348,-0.1664336547255516,-0.004257248714566231,-0.005660734139382839,0.015215618535876274,0.13966531865298748,0.03362765070050955,0.0,-0.031062794849276543,-0.004397411591939029,0.12021773346197806,0.02831769440591253,0.009203884727313927,-0.0337475773334841,-0.1687378866674205,-0.15800002115222123,-0.016069300964650868,-0.016145659119425823,0.004976915445140277,0.12958524280666642,0.03238403885536369,0.0019089538693686722,-0.03548608889308784
23.08112088300004,0.0,0.0,-0.00545415391248228,0.0,-0.002181661564992912,-0.058124242445098354,-0.0,-0.998309357083356,1.0,1.0,-0.00489909783937037,0.12958302907645702,0.04173441044986248,0.0,-0.044673265889286995,-0.15905393660068512,-0.16627522557973862,-0.004256607964634895,-0.005783874541521072,0.015386229380965233,0.13975737802684307,0.03367817122489214,0.0,-0.031161712482571602,-0.004397411591939029,0.12021773346197806,0.02831769440591253,0.009203884727313927,-0.0337475773334841,-0.1687378866674205,-0.15800002115222123,-0.016069300964650868,-0.016145659119425823,0.004976915445140277,0.12958524280666642,0.03238403885536369,0.0019089538693686722,-0.03548608889308784
23.10117606200015,0.0,0.0,-0.002181661564992912,0.001090830782496456,-0.002181661564992912,-0.058124242445098354,-0.0,-0.998309357083356,1.0,1.0,-0.00475847371853888,0.1296712812036276,0.041677361354231834,0.0,-0.044783432967960835,-0.15903981775045395,-0.16633854433894157,-0.004197190515697002,-0.005776786711066961,0.015364221297204494,0.139657499268651,0.03356614429503679,0.0,-0.031125325709581375,-0.004397411591939029,0.12021773346197806,0.02831769440591253,0.009203884727313927,-0.0337475773334841,-0.1687378866674205,-0.15800002115222123,-0.016069300964650868,-0.016145659119425823,0.004976915445140277,0.12958524280666642,0.03238403885536369,0.0019089538693686722,-0.03548608889308784
23.121240853000018,0.0,0.0,-0.003272492347489368,0.001090830782496456,-0.002181661564992912,-0.058124242445098354,-0.0,-0.998309357083356,1.0,1.0,-0.00483161979354918,0.12961180042475462,0.041683876886963844,0.0,-0.0447197649627924,-0.15903622657060623,-0.16630176827311516,-0.004217850044369698,-0.005780412349849939,0.015343739651143551,0.13970843702554703,0.033634026534855366,0.0,-0.03113153949379921,-0.004397411591939029,0.12021773346197806,0.02831769440591253,0.009203884727313927,-0.0337475773334841,-0.1687378866674205,-0.15800002115222123,-0.016069300964650868,-0.016145659119425823,0.004976915445140277,0.12958524280666642,0.03238403885536369,0.0019089538693686722,-0.03548608889308784
23.141490233000013,0.0,0.0,-0.003272492347489368,0.002181661564992912,-0.001090830782496456,-0.058124242445098354,-0.0,-0.998309357083356,1.0,1.0,-0.004832584178075194,0.12963001988828182,0.041660038754343987,0.0,-0.04480373673141003,-0.1589847356081009,-0.16620471328496933,-0.0042041148990392685,-0.005806300323456526,0.015323259867727757,0.13967162743210793,0.03360050264745951,0.0,-0.031175341457128525,-0.004397411591939029,0.12021773346197806,0.02831769440591253,0.009203884727313927,-0.0337475773334841,-0.1687378866674205,-0.15800002115222123,-0.016069300964650868,-0.016145659119425823,0.004976915445140277,0.12958524280666642,0.03238403885536369,0.0019089538693686722,-0.03548608889308784
23.16405885600011,0.0,0.0,-0.003272492347489368,0.001090830782496456,0.001090830782496456,-0.058124242445098354,-0.0,-0.998309357083356,1.0,1.0,-0.004849493270739913,0.12960449792444706,0.04166554473340511,0.0,-0.04471646994352341,-0.15911930054426193,-0.1662476360797882,-0.004097620956599712,-0.005800234619528055,0.015277538448572159,0.13969442062079906,0.03366085793823004,0.0,-0.031123246997594833,-0.004397411591939029,0.12021773346197806,0.02831769440591253,0.009203884727313927,-0.0337475773334841,-0.1687378866674205,-0.15800002115222123,-0.016069300964650868,-0.016145659119425823,0.004976915445140277,0.12958524280666642,0.03238403885536369,0.0019089538693686722,-0.03548608889308784
23.18128039300018,0.0,0.0,-0.004363323129985824,0.0,0.001090830782496456,-0.058124242445098354,-0.0,-0.998309357083356,1.0,1.0,-0.004855936160311103,0.12959530670195818,0.041675617918372154,0.0,-0.04467082489281893,-0.15913311392068863,-0.16624509543180466,-0.004130168817937374,-0.0058081867173314095,0.015278286300599575,0.1397092528641224,0.03366823773831129,0.0,-0.03113471530377865,-0.004397411591939029,0.12021773346197806,0.02831769440591253,0.009203884727313927,-0.0337475773334841,-0.1687378866674205,-0.15800002115222123,-0.016069300964650868,-0.016145659119425823,0.004976915445140277,0.12958524280666642,0.03238403885536369,0.0019089538693686722,-0.03548608889308784
23.2013456640002,0.0,0.0,-0.001090830782496456,-0.001090830782496456,0.002181661564992912,-0.058124242445098354,-0.0,-0.998309357083356,1.0,1.0,-0.00473779090680182,0.129643683321774,0.04164441116154194,0.0,-0.04464446101337671,-0.15922407805919647,-0.16648055613040924,-0.0039878347888588905,-0.005759574007242918,0.015281416475772858,0.1396991703659296,0.03364311624318361,0.0,-0.03103121742606163,-0.004397411591939029,0.12021773346197806,0.02831769440591253,0.009203884727313927,-0.0337475773334841,-0.1687378866674205,-0.15800002115222123,-0.016069300964650868,-0.016145659119425823,0.004976915445140277,0.12958524280666642,0.03238403885536369,0.0019089538693686722,-0.03548608889308784
23.22207094500004,0.0,0.0,-0.001090830782496456,0.001090830782496456,0.0,-0.058124242445098354,-0.0,-0.998309357083356,1.0,1.0,-0.004765167599543929,0.12964350450783968,0.04160766862332821,0.0,-0.044750990346074104,-0.15899205207824707,-0.1663875561207533,-0.004139631986618042,-0.005779621656984091,0.015314439311623573,0.1396886594593525,0.033595613203942776,0.0,-0.03110923245549202,-0.004397411591939029,0.12021773346197806,0.02831769440591253,0.009203884727313927,-0.0337475773334841,-0.1687378866674205,-0.15800002115222123,-0.016069300964650868,-0.016145659119425823,0.004976915445140277,0.12958524280666642,0.03238403885536369,0.0019089538693686722,-0.03548608889308784
23.242258343999993,0.0,0.0,-0.001090830782496456,0.0,0.001090830782496456,-0.06683028013336446,-0.0,-0.9977643577805815,1.0,1.0,-0.0039116323459893465,0.12888676300644875,0.04186965338885784,0.0,-0.04516811482608318,-0.16029220074415207,-0.16735294833779335,-0.002740013413131237,-0.0061509571969509125,0.01715231128036976,0.14008892886340618,0.03331971634179354,0.0,-0.030884653329849243,-0.004397411591939029,0.12021773346197806,0.02831769440591253,0.009203884727313927,-0.0337475773334841,-0.1687378866674205,-0.15800002115222123,-0.016069300964650868,-0.016145659119425823,0.004976915445140277,0.12958524280666642,0.03238403885536369,0.0019089538693686722,-0.03548608889308784
23.262276635000035,0.0,0.0,-0.00545415391248228,-0.001090830782496456,-0.002181661564992912,-0.058124242445098354,-0.0,-0.998309357083356,1.0,1.0,-0.00500420737080276,0.1296964418143034,0.041378797963261604,0.0,-0.04453298728913069,-0.15868888050317764,-0.16633833758533,-0.004292690195143223,-0.006230003200471401,0.01470556017011404,0.13937151432037354,0.033642721362411976,0.0,-0.03106239065527916,-0.004397411591939029,0.12021773346197806,0.02831769440591253,0.009203884727313927,-0.0337475773334841,-0.1687378866674205,-0.15800002115222123,-0.016069300964650868,-0.016145659119425823,0.004976915445140277,0.12958524280666642,0.03238403885536369,0.0019089538693686722,-0.03548608889308784
23.282247464000193,0.0,0.0,-0.00545415391248228,0.002181661564992912,-0.003272492347489368,-0.058124242445098354,-0.0,-0.998309357083356,1.0,1.0,-0.004689777037128806,0.12946442421525717,0.041836267337203026,0.0,-0.044732335954904556,-0.15893670916557312,-0.16617562249302864,-0.004405834712088108,-0.005636629648506641,0.015437997877597809,0.13992460258305073,0.033643472008407116,0.0,-0.03129364177584648,-0.004397411591939029,0.12021773346197806,0.02831769440591253,0.009203884727313927,-0.0337475773334841,-0.1687378866674205,-0.15800002115222123,-0.016069300964650868,-0.016145659119425823,0.004976915445140277,0.12958524280666642,0.03238403885536369,0.0019089538693686722,-0.03548608889308784
23.302350606000118,0.0,0.0,0.002181661564992912,0.002181661564992912,-0.002181661564992912,-0.058124242445098354,-0.0,-0.998309357083356,1.0,1.0,-0.004558308282867074,0.12974481657147408,0.04156150482594967,0.0,-0.04483089968562126,-0.15900832414627075,-0.16651385091245174,-0.004089862108230591,-0.005738229025155306,0.015279388055205345,0.1395755484700203,0.03349800314754248,0.0,-0.031103244051337242,-0.004397411591939029,0.12021773346197806,0.02831769440591253,0.009203884727313927,-0.0337475773334841,-0.1687378866674205,-0.15800002115222123,-0.016069300964650868,-0.016145659119425823,0.004976915445140277,0.12958524280666642,0.03238403885536369,0.0019089538693686722,-0.03548608889308784
23.322617967000042,0.0,0.0,0.001090830782496456,0.001090830782496456,-0.002181661564992912,-0.058124242445098354,-0.0,-0.998309357083356,1.0,1.0,-0.004642394138500094,0.12960714846849442,0.04161963425576687,0.0,-0.04465820454061031,-0.15900709852576256,-0.16658518463373184,-0.004146612249314785,-0.0056706806644797325,0.01532343402504921,0.13976192474365234,0.03362272214144468,0.0,-0.03106195479631424,-0.004397411591939029,0.12021773346197806,0.02831769440591253,0.009203884727313927,-0.0337475773334841,-0.1687378866674205,-0.15800002115222123,-0.016069300964650868,-0.016145659119425823,0.004976915445140277,0.12958524280666642,0.03238403885536369,0.0019089538693686722,-0.03548608889308784
23.34220833900008,0.0,0.0,-0.002181661564992912,0.001090830782496456,0.001090830782496456,-0.058124242445098354,-0.0,-0.998309357083356,1.0,1.0,-0.004786432487890124,0.12961793784052134,0.041604893282055855,0.0,-0.04471801221370697,-0.15897969529032707,-0.16636801324784756,-0.004089112393558025,-0.005801290739327669,0.015225479379296303,0.1396950799971819,0.0336531987413764,0.0,-0.03115098737180233,-0.004397411591939029,0.12021773346197806,0.02831769440591253,0.009203884727313927,-0.0337475773334841,-0.1687378866674205,-0.15800002115222123,-0.016069300964650868,-0.016145659119425823,0.004976915445140277,0.12958524280666642,0.03238403885536369,0.0019089538693686722,-0.03548608889308784
23.362220463000085,0.0,0.0,0.001090830782496456,0.003272492347489368,0.0,-0.058124242445098354,-0.0,-0.998309357083356,1.0,1.0,-0.004655482014641166,0.12965850438922644,0.041587406769394875,0.0,-0.04484006389975548,-0.15893644466996193,-0.16637101210653782,-0.004128101281821728,-0.005722705274820328,0.015313009731471539,0.1396731398999691,0.033545161597430706,0.0,-0.031138643622398376,-0.004397411591939029,0.12021773346197806,0.02831769440591253,0.009203884727313927,-0.0337475773334841,-0.1687378866674205,-0.15800002115222123,-0.016069300964650868,-0.016145659119425823,0.004976915445140277,0.12958524280666642,0.03238403885536369,0.0019089538693686722,-0.03548608889308784
23.382334790000186,0.0,0.0,0.0,0.0,0.001090830782496456,-0.058124242445098354,-0.0,-0.998309357083356,1.0,1.0,-0.004710661945864558,0.12962299026548862,0.041625721380114555,0.0,-0.04461938049644232,-0.15915830060839653,-0.16653624922037125,-0.0040119364857673645,-0.005722288507968187,0.015257211402058601,0.13972137868404388,0.033674982376396656,0.0,-0.031042899936437607,-0.004397411591939029,0.12021773346197806,0.02831769440591253,0.009203884727313927,-0.0337475773334841,-0.1687378866674205,-0.15800002115222123,-0.016069300964650868,-0.016145659119425823,0.004976915445140277,0.12958524280666642,0.03238403885536369,0.0019089538693686722,-0.03548608889308784
23.402321007000182,0.0,0.0,0.0,-0.001090830782496456,0.0,-0.058124242445098354,-0.0,-0.998309357083356,1.0,1.0,-0.004658763529732823,0.1296498365700245,0.0416246373206377,0.0,-0.04462409019470215,-0.15910494700074196,-0.1666053757071495,-0.004072318784892559,-0.005713156424462795,0.015308505855500698,0.13972669653594494,0.03362259175628424,0.0,-0.031048279255628586,-0.004397411591939029,0.12021773346197806,0.02831769440591253,0.009203884727313927,-0.0337475773334841,-0.1687378866674205,-0.15800002115222123,-0.016069300964650868,-0.016145659119425823,0.004976915445140277,0.12958524280666642,0.03238403885536369,0.0019089538693686722,-0.03548608889308784
23.422486055000036,0.0,0.0,0.003272492347489368,-0.001090830782496456,0.0,-0.058124242445098354,-0.0,-0.998309357083356,1.0,1.0,-0.004566933261230588,0.12969692703336477,0.04159006290137768,0.0,-0.04464056808501482,-0.15911784023046494,-0.16680635698139668,-0.0039787376299500465,-0.005673845298588276,0.015323064289987087,0.1397081110626459,0.03359271306544542,0.0,-0.030966632068157196,-0.004397411591939029,0.12021773346197806,0.02831769440591253,0.009203884727313927,-0.0337475773334841,-0.1687378866674205,-0.15800002115222123,-0.016069300964650868,-0.016145659119425823,0.004976915445140277,0.12958524280666642,0.03238403885536369,0.0019089538693686722,-0.03548608889308784
23.44257688200014,0.0,0.0,0.002181661564992912,-0.001090830782496456,-0.001090830782496456,-0.058124242445098354,-0.0,-0.998309357083356,1.0,1.0,-0.0046196558978408575,0.12967372126877308,0.041598616167902946,0.0,-0.04462046455591917,-0.15904083102941513,-0.16679756343364716,-0.004060245119035244,-0.005692898295819759,0.015329834073781967,0.1397319696843624,0.033616974018514156,0.0,-0.030994141474366188,-0.004397411591939029,0.12021773346197806,0.02831769440591253,0.009203884727313927,-0.0337475773334841,-0.1687378866674205,-0.15800002115222123,-0.016069300964650868,-0.016145659119425823,0.004976915445140277,0.12958524280666642,0.03238403885536369,0.0019089538693686722,-0.03548608889308784
23.46262033900007,0.0,0.0,0.006544984694978736,-0.002181661564992912,0.001090830782496456,-0.058124242445098354,-0.0,-0.998309357083356,1.0,1.0,-0.004476554924622178,0.12974578328430653,0.041555481031537056,0.0,-0.04460738319903612,-0.15916534885764122,-0.16709385998547077,-0.003846297971904278,-0.005641643889248371,0.015325500629842281,0.1397057306021452,0.03358594421297312,0.0,-0.030857766047120094,-0.004397411591939029,0.12021773346197806,0.02831769440591253,0.009203884727313927,-0.0337475773334841,-0.1687378866674205,-0.15800002115222123,-0.016069300964650868,-0.016145659119425823,0.004976915445140277,0.12958524280666642,0.03238403885536369,0.0019089538693686722,-0.03548608889308784
23.482782610000186,0.0,0.0,0.004363323129985824,0.0,0.0,-0.058124242445098354,-0.0,-0.998309357083356,1.0,1.0,-0.004617584636434913,0.1297041540965438,0.041525838896632195,0.0,-0.044697634875774384,-0.15891534835100174,-0.16687713004648685,-0.004016539081931114,-0.0057153902016580105,0.015322655439376831,0.13970960676670074,0.03358685877174139,0.0,-0.0309729166328907,-0.004397411591939029,0.12021773346197806,0.02831769440591253,0.009203884727313927,-0.0337475773334841,-0.1687378866674205,-0.15800002115222123,-0.016069300964650868,-0.016145659119425823,0.004976915445140277,0.12958524280666642,0.03238403885536369,0.0019089538693686722,-0.03548608889308784
23.502761142000054,0.0,0.0,0.003272492347489368,0.0,-0.001090830782496456,-0.058124242445098354,-0.0,-0.998309357083356,1.0,1.0,-0.0045987332705408335,0.12969482876360416,0.04160701297223568,0.0,-0.04467910621315241,-0.15899242088198662,-0.16683333925902843,-0.004064341075718403,-0.005689189303666353,0.015344275161623955,0.13971889205276966,0.03359893802553415,0.0,-0.030993854627013206,-0.004397411591939029,0.12021773346197806,0.02831769440591253,0.009203884727313927,-0.0337475773334841,-0.1687378866674205,-0.15800002115222123,-0.016069300964650868,-0.016145659119425823,0.004976915445140277,0.12958524280666642,0.03238403885536369,0.0019089538693686722,-0.03548608889308784
23.522795618000146,0.0,0.0,0.00545415391248228,-0.001090830782496456,0.0,-0.058124242445098354,-0.0,-0.998309357083356,1.0,1.0,-0.004533218452706933,0.1297321617603302,0.04156435839831829,0.0,-0.04465203359723091,-0.15908241271972656,-0.16699085757136345,-0.00393297616392374,-0.005667034070938826,0.015338943339884281,0.13970263488590717,0.03358281310647726,0.0,-0.03090774081647396,-0.004397411591939029,0.12021773346197806,0.02831769440591253,0.009203884727313927,-0.0337475773334841,-0.1687378866674205,-0.15800002115222123,-0.016069300964650868,-0.016145659119425823,0.004976915445140277,0.12958524280666642,0.03238403885536369,0.0019089538693686722,-0.03548608889308784
23.542929833000017,0.0,0.0,-0.001090830782496456,-0.001090830782496456,0.0,-0.058124242445098354,-0.0,-0.998309357083356,1.0,1.0,-0.004783707903698087,0.12962000723928213,0.04162033088505268,0.0,-0.0446044048294425,-0.15898637473583221,-0.16665102168917656,-0.004101019352674484,-0.005775513593107462,0.015284046530723572,0.13975336216390133,0.03368822950869799,0.0,-0.03105033002793789,-0.004397411591939029,0.12021773346197806,0.02831769440591253,0.009203884727313927,-0.0337475773334841,-0.1687378866674205,-0.15800002115222123,-0.016069300964650868,-0.016145659119425823,0.004976915445140277,0.12958524280666642,0.03238403885536369,0.0019089538693686722,-0.03548608889308784
23.562930125000094,0.0,0.0,-0.001090830782496456,0.0,0.003272492347489368,-0.058124242445098354,-0.0,-0.998309357083356,1.0,1.0,-0.004677849123254418,0.12971090991050005,0.04171943850815296,0.0,-0.044740671291947365,-0.15917087346315384,-0.166498601436615,-0.004044489003717899,-0.005901531782001257,0.015229771845042706,0.13964976742863655,0.0336924409493804,0.0,-0.030988318845629692,-0.004397411591939029,0.12021773346197806,0.02831769440591253,0.010737865515199285,-0.0337475773334841,-0.1687378866674205,-0.15800002115222123,-0.016069300964650868,-0.016145659119425823,0.004976915445140277,0.12958524280666642,0.03238403885536369,0.0019089538693686722,-0.03548608889308784
23.583233282000037,0.0,0.0,-0.002181661564992912,0.0,0.0,-0.058124242445098354,-0.0,-0.998309357083356,1.0,1.0,-0.005388795165345073,0.12903209868818521,0.04127711243927479,0.0,-0.04413418471813202,-0.15927192568778992,-0.1674042921513319,-0.003860456869006157,-0.006593548692762852,0.015566542744636536,0.13962607644498348,0.0337913790717721,0.0,-0.03054775670170784,-0.004397411591939029,0.12021773346197806,0.02831769440591253,0.010737865515199285,-0.0337475773334841,-0.1687378866674205,-0.15800002115222123,-0.016069300964650868,-0.016145659119425823,0.004976915445140277,0.12958524280666642,0.03238403885536369,0.0019089538693686722,-0.03548608889308784
23.603134167000007,0.0,0.0,0.006544984694978736,0.001090830782496456,0.003272492347489368,-0.058124242445098354,-0.0,-0.998309357083356,1.0,1.0,-0.004252738552168012,0.1299060359597206,0.04169319011271,0.0,-0.04499862249940634,-0.15887261927127838,-0.16690476424992085,-0.003969046287238598,-0.005871876608580351,0.015228315256536007,0.13956018164753914,0.03342784475535154,0.0,-0.030908705666661263,-0.004397411591939029,0.12021773346197806,0.02831769440591253,0.010737865515199285,-0.0337475773334841,-0.1687378866674205,-0.15800002115222123,-0.016069300964650868,-0.016145659119425823,0.004976915445140277,0.12958524280666642,0.03238403885536369,0.0019089538693686722,-0.03548608889308784
23.623130570000058,0.0,0.0,0.004363323129985824,0.001090830782496456,0.002181661564992912,-0.058124242445098354,-0.0,-0.998309357083356,1.0,1.0,-0.004654038464650512,0.12970061972737312,0.04159366525709629,0.0,-0.04472332075238228,-0.15910616144537926,-0.16682035848498344,-0.003956492058932781,-0.0058523425832390785,0.01528023462742567,0.13968758843839169,0.033708187751471996,0.0,-0.03086351603269577,-0.004397411591939029,0.12021773346197806,0.02831769440591253,0.010737865515199285,-0.0337475773334841,-0.1687378866674205,-0.15800002115222123,-0.016069300964650868,-0.016145659119425823,0.004976915445140277,0.12958524280666642,0.03238403885536369,0.0019089538693686722,-0.03548608889308784
23.64324921100001,0.0,0.0,0.003272492347489368,-0.002181661564992912,0.001090830782496456,-0.058124242445098354,-0.0,-0.998309357083356,1.0,1.0,-0.004502774914726615,0.12975971214473248,0.04169443063437939,0.0,-0.04463779740035534,-0.15922704711556435,-0.1669472325593233,-0.004020051099359989,-0.005818410310894251,0.01531236246228218,0.13968012668192387,0.03364260960370302,0.0,-0.030847443267703056,-0.004397411591939029,0.12021773346197806,0.02831769440591253,0.010737865515199285,-0.0337475773334841,-0.1687378866674205,-0.15800002115222123,-0.016069300964650868,-0.016145659119425823,0.004976915445140277,0.12958524280666642,0.03238403885536369,0.0019089538693686722,-0.03548608889308784
23.663273502000038,0.0,0.0,0.002181661564992912,-0.002181661564992912,-0.001090830782496456,-0.058124242445098354,-0.0,-0.998309357083356,1.0,1.0,-0.004550495417788625,0.12973790243268013,0.041689129546284676,0.0,-0.044648781418800354,-0.15913572162389755,-0.16691836714744568,-0.004097757861018181,-0.005836951546370983,0.015337269753217697,0.13969688303768635,0.03364139515906572,0.0,-0.030870087444782257,-0.004397411591939029,0.12021773346197806,0.02831769440591253,0.010737865515199285,-0.0337475773334841,-0.1687378866674205,-0.15800002115222123,-0.016069300964650868,-0.016145659119425823,0.004976915445140277,0.12958524280666642,0.03238403885536369,0.0019089538693686722,-0.03548608889308784
23.684073837000142,0.0,0.0,0.0,0.0,-0.001090830782496456,-0.058124242445098354,-0.0,-0.998309357083356,1.0,1.0,-0.004645156441256404,0.12971217278391123,0.04169628955423832,0.0,-0.044758993200957775,-0.15901252999901772,-0.16666635498404503,-0.004178902134299278,-0.005900021642446518,0.015309208072721958,0.13967141136527061,0.03363452944904566,0.0,-0.030978547409176826,-0.004397411591939029,0.12021773346197806,0.02831769440591253,0.010737865515199285,-0.0337475773334841,-0.1687378866674205,-0.15800002115222123,-0.016069300964650868,-0.016145659119425823,0.004976915445140277,0.12958524280666642,0.03238403885536369,0.0019089538693686722,-0.03548608889308784
23.703506396000193,0.0,0.0,0.002181661564992912,-0.002181661564992912,-0.002181661564992912,-0.058124242445098354,-0.0,-0.998309357083356,1.0,1.0,-0.004490876337513328,0.12974235508590937,0.0417496282607317,0.0,-0.04463869612663984,-0.15922809392213821,-0.1669281329959631,-0.004126381129026413,-0.005804280750453472,0.01535926852375269,0.139695156365633,0.033630226738750935,0.0,-0.03086378611624241,-0.004397411591939029,0.12021773346197806,0.02831769440591253,0.010737865515199285,-0.0337475773334841,-0.1687378866674205,-0.15800002115222123,-0.016069300964650868,-0.016145659119425823,0.004976915445140277,0.12958524280666642,0.03238403885536369,0.0019089538693686722,-0.03548608889308784
23.723510428000054,0.0,0.0,0.001090830782496456,0.0,-0.001090830782496456,-0.058124242445098354,-0.0,-0.998309357083356,1.0,1.0,-0.004625139059498906,0.12973174545913935,0.04165763594210148,0.0,-0.044778699055314064,-0.15899904072284698,-0.16672086343169212,-0.00414339080452919,-0.005906286649405956,0.015306636691093445,0.13965523429214954,0.033610437996685505,0.0,-0.03094978630542755,-0.004397411591939029,0.12021773346197806,0.02831769440591253,0.010737865515199285,-0.0337475773334841,-0.1687378866674205,-0.15800002115222123,-0.016069300964650868,-0.016145659119425823,0.004976915445140277,0.12958524280666642,0.03238403885536369,0.0019089538693686722,-0.03548608889308784
23.743628440000066,0.0,0.0,-0.002181661564992912,-0.003272492347489368,-0.002181661564992912,-0.058124242445098354,-0.0,-0.998309357083356,1.0,1.0,-0.004633332369849086,0.12966424319893122,0.04181724227964878,0.0,-0.04454306047409773,-0.15924883633852005,-0.16678756847977638,-0.004213242791593075,-0.005860990844666958,0.015319750644266605,0.13974636234343052,0.033723010681569576,0.0,-0.030922483652830124,-0.004397411591939029,0.12021773346197806,0.02831769440591253,0.010737865515199285,-0.0337475773334841,-0.1687378866674205,-0.15800002115222123,-0.016069300964650868,-0.016145659119425823,0.004976915445140277,0.12958524280666642,0.03238403885536369,0.0019089538693686722,-0.03548608889308784
23.763604730999987,0.0,0.0,-0.003272492347489368,-0.002181661564992912,0.001090830782496456,-0.058124242445098354,-0.0,-0.998309357083356,1.0,1.0,-0.00473173544742167,0.12967703957110643,0.041721200570464134,0.0,-0.0446819169446826,-0.15913916379213333,-0.1665761899203062,-0.004112393595278263,-0.005966477561742067,0.01524390373378992,0.13968117907643318,0.03368744533509016,0.0,-0.03098418563604355,-0.004397411591939029,0.12021773346197806,0.02831769440591253,0.010737865515199285,-0.0337475773334841,-0.1687378866674205,-0.15800002115222123,-0.016069300964650868,-0.016145659119425823,0.004976915445140277,0.12958524280666642,0.03238403885536369,0.0019089538693686722,-0.03548608889308784
23.78372685400018,0.0,0.0,-0.001090830782496456,-0.001090830782496456,0.0,-0.058124242445098354,-0.0,-0.998309357083356,1.0,1.0,-0.004627128364518285,0.1296917349100113,0.04174264334142208,0.0,-0.04470883309841156,-0.15916503220796585,-0.1666241679340601,-0.004164954647421837,-0.005898607894778252,0.015297666192054749,0.13968262635171413,0.03364350739866495,0.0,-0.030961167067289352,-0.004397411591939029,0.12021773346197806,0.02831769440591253,0.010737865515199285,-0.0337475773334841,-0.1687378866674205,-0.15800002115222123,-0.016069300964650868,-0.016145659119425823,0.004976915445140277,0.12958524280666642,0.03238403885536369,0.0019089538693686722,-0.03548608889308784
23.803814589000012,0.0,0.0,-0.002181661564992912,0.0,-0.001090830782496456,-0.058124242445098354,-0.0,-0.998309357083356,1.0,1.0,-0.004690804285928607,0.12967980653047562,0.04172843135893345,0.0,-0.04475141689181328,-0.1590697206556797,-0.16651195473968983,-0.004227935336530209,-0.0059318458661437035,0.015289303846657276,0.13967130705714226,0.033644513227045536,0.0,-0.031015438959002495,-0.004397411591939029,0.12021773346197806,0.02831769440591253,0.010737865515199285,-0.0337475773334841,-0.1687378866674205,-0.15800002115222123,-0.016069300964650868,-0.016145659119425823,0.004976915445140277,0.12958524280666642,0.03238403885536369,0.0019089538693686722,-0.03548608889308784
23.823816566000005,0.0,0.0,-0.002181661564992912,-0.001090830782496456,-0.001090830782496456,-0.058124242445098354,-0.0,-0.998309357083356,1.0,1.0,-0.004655186785385013,0.12967536970973015,0.04176918603479862,0.0,-0.0446847639977932,-0.15917843580245972,-0.16658274084329605,-0.004200459457933903,-0.005901165306568146,0.015294774435460567,0.13969109393656254,0.03366607706993818,0.0,-0.030980894342064857,-0.004397411591939029,0.12021773346197806,0.02831769440591253,0.010737865515199285,-0.0337475773334841,-0.1687378866674205,-0.15800002115222123,-0.016069300964650868,-0.016145659119425823,0.004976915445140277,0.12958524280666642,0.03238403885536369,0.0019089538693686722,-0.03548608889308784
23.844012595000095,0.0,0.0,0.001090830782496456,0.0,0.0,-0.058124242445098354,-0.0,-0.998309357083356,1.0,1.0,-0.004586722934618592,0.12973349820822477,0.04167979396879673,0.0,-0.04478686582297087,-0.1591091752052307,-0.16666669957339764,-0.004107753746211529,-0.0058980644680559635,0.015295088291168213,0.13964096829295158,0.03359470050781965,0.0,-0.030942339450120926,-0.004397411591939029,0.12021773346197806,0.02831769440591253,0.010737865515199285,-0.0337475773334841,-0.1687378866674205,-0.15800002115222123,-0.016069300964650868,-0.016145659119425823,0.004976915445140277,0.12958524280666642,0.03238403885536369,0.0019089538693686722,-0.03548608889308784
23.863980425000136,0.0,0.0,-0.003272492347489368,0.0,0.001090830782496456,-0.058124242445098354,-0.0,-0.998309357083356,1.0,1.0,-0.004781842464581132,0.12963834311813116,0.04172546602785587,0.0,-0.04471483826637268,-0.15909702703356743,-0.16645167581737041,-0.004174728877842426,-0.0059693362563848495,0.015230100601911545,0.13969026505947113,0.033712214790284634,0.0,-0.031016869470477104,-0.004397411591939029,0.12021773346197806,0.02831769440591253,0.010737865515199285,-0.0337475773334841,-0.1687378866674205,-0.15800002115222123,-0.016069300964650868,-0.016145659119425823,0.004976915445140277,0.12958524280666642,0.03238403885536369,0.0019089538693686722,-0.03548608889308784
23.884054234000132,0.0,0.0,0.0,0.0,0.0,-0.058124242445098354,-0.0,-0.998309357083356,1.0,1.0,-0.004586722468957305,0.12972123827785254,0.04172586835920811,0.0,-0.04477761499583721,-0.15914759412407875,-0.16659796983003616,-0.004157263785600662,-0.005891659762710333,0.015306549146771431,0.13965034671127796,0.033599100075662136,0.0,-0.030971519649028778,-0.004397411591939029,0.12021773346197806,0.02831769440591253,0.010737865515199285,-0.0337475773334841,-0.1687378866674205,-0.15800002115222123,-0.016069300964650868,-0.016145659119425823,0.004976915445140277,0.12958524280666642,0.03238403885536369,0.0019089538693686722,-0.03548608889308784
23.904156228000147,0.0,0.0,0.002181661564992912,0.0,0.0,-0.058124242445098354,-0.0,-0.998309357083356,1.0,1.0,-0.004574248334392905,0.12973288353532553,0.041670890524983406,0.0,-0.044759162701666355,-0.1591302901506424,-0.16674120165407658,-0.0040846094489097595,-0.005880764685571194,0.015294983983039856,0.1396498028188944,0.033609758131206036,0.0,-0.030904000625014305,-0.004397411591939029,0.12021773346197806,0.02831769440591253,0.010737865515199285,-0.0337475773334841,-0.1687378866674205,-0.15800002115222123,-0.016069300964650868,-0.016145659119425823,0.004976915445140277,0.12958524280666642,0.03238403885536369,0.0019089538693686722,-0.03548608889308784
23.924161464000008,0.0,0.0,-0.003272492347489368,0.001090830782496456,0.0,-0.058124242445098354,-0.0,-0.998309357083356,1.0,1.0,-0.0047843672800809145,0.12964871153235435,0.041715240105986595,0.0,-0.04478061106055975,-0.15899326652288437,-0.1663999017328024,-0.004245632328093052,-0.005977953784167767,0.015252853743731976,0.13967699371278286,0.033677530474960804,0.0,-0.031058913096785545,-0.004397411591939029,0.12021773346197806,0.02831769440591253,0.010737865515199285,-0.0337475773334841,-0.1687378866674205,-0.15800002115222123,-0.016069300964650868,-0.016145659119425823,0.004976915445140277,0.12958524280666642,0.03238403885536369,0.0019089538693686722,-0.03548608889308784
23.944418937000137,0.0,0.0,0.001090830782496456,0.0,-0.001090830782496456,-0.058124242445098354,-0.0,-0.998309357083356,1.0,1.0,-0.00453367386944592,0.12973584793508053,0.041742390021681786,0.0,-0.044767698273062706,-0.1591760292649269,-0.16667949222028255,-0.004159947857260704,-0.005855070427060127,0.015333319082856178,0.1396522093564272,0.033588760532438755,0.0,-0.030942946672439575,-0.004397411591939029,0.12021773346197806,0.02831769440591253,0.010737865515199285,-0.0337475773334841,-0.1687378866674205,-0.15800002115222123,-0.016069300964650868,-0.016145659119425823,0.004976915445140277,0.12958524280666642,0.03238403885536369,0.0019089538693686722,-0.03548608889308784
23.96437628500007,0.0,0.0,0.003272492347489368,0.002181661564992912,0.0,-0.058124242445098354,-0.0,-0.998309357083356,1.0,1.0,-0.004588332725688815,0.12975467462092638,0.041611289605498314,0.0,-0.044886921532452106,-0.158986896276474,-0.1666601337492466,-0.004094425588846207,-0.005906314589083195,0.015293843112885952,0.13960854709148407,0.033559312112629414,0.0,-0.030941832810640335,-0.004397411591939029,0.12021773346197806,0.02831769440591253,0.010737865515199285,-0.0337475773334841,-0.1687378866674205,-0.15800002115222123,-0.016069300964650868,-0.016145659119425823,0.004976915445140277,0.12958524280666642,0.03238403885536369,0.0019089538693686722,-0.03548608889308784
23.984364355000025,0.0,0.0,0.004363323129985824,0.0,-0.002181661564992912,-0.058124242445098354,-0.0,-0.998309357083356,1.0,1.0,-0.004469974199309945,0.12976014707237482,0.04170331917703152,0.0,-0.04473324306309223,-0.15913141518831253,-0.1669293362647295,-0.004143965430557728,-0.005811579525470734,0.01536041870713234,0.13966871052980423,0.03358867298811674,0.0,-0.03086131252348423,-0.004397411591939029,0.12021773346197806,0.02831769440591253,0.010737865515199285,-0.0337475773334841,-0.1687378866674205,-0.15800002115222123,-0.016069300964650868,-0.016145659119425823,0.004976915445140277,0.12958524280666642,0.03238403885536369,0.0019089538693686722,-0.03548608889308784
24.004662865,0.0,0.0,0.0,0.0,0.001090830782496456,-0.058124242445098354,-0.0,-0.998309357083356,1.0,1.0,-0.0047132091131061316,0.12970130145549774,0.041660020127892494,0.0,-0.04475563392043114,-0.1590348668396473,-0.16667166724801064,-0.004084314219653606,-0.005957665853202343,0.015243484638631344,0.13966296426951885,0.03367029037326574,0.0,-0.03094758838415146,-0.004397411591939029,0.12021773346197806,0.02831769440591253,0.010737865515199285,-0.0337475773334841,-0.1687378866674205,-0.15800002115222123,-0.016069300964650868,-0.016145659119425823,0.004976915445140277,0.12958524280666642,0.03238403885536369,0.0019089538693686722,-0.03548608889308784
24.02462689800018,0.0,0.0,0.002181661564992912,0.001090830782496456,-0.001090830782496456,-0.058124242445098354,-0.0,-0.998309357083356,1.0,1.0,-0.004545358242467046,0.12974756862968206,0.04170041345059872,0.0,-0.04483069572597742,-0.15903759002685547,-0.16670849546790123,-0.004191039130091667,-0.0058729141019284725,0.015344043262302876,0.13964582048356533,0.03356512542814016,0.0,-0.030952420085668564,-0.004397411591939029,0.12021773346197806,0.02831769440591253,0.010737865515199285,-0.0337475773334841,-0.1687378866674205,-0.15800002115222123,-0.016069300964650868,-0.016145659119425823,0.004976915445140277,0.12958524280666642,0.03238403885536369,0.0019089538693686722,-0.03548608889308784
24.04471374400009,0.0,0.0,0.003272492347489368,0.0,0.0,-0.058124242445098354,-0.0,-0.998309357083356,1.0,1.0,-0.004562093643471599,0.1297493390738964,0.04166583530604839,0.0,-0.04475637897849083,-0.15912547707557678,-0.16684100404381752,-0.0040506841614842415,-0.005876006558537483,0.015297617763280869,0.13964778371155262,0.033616711385548115,0.0,-0.03087049536406994,-0.004397411591939029,0.12021773346197806,0.02831769440591253,0.010737865515199285,-0.0337475773334841,-0.1687378866674205,-0.15800002115222123,-0.016069300964650868,-0.016145659119425823,0.004976915445140277,0.12958524280666642,0.03238403885536369,0.0019089538693686722,-0.03548608889308784
24.064769276000106,0.0,0.0,0.001090830782496456,-0.002181661564992912,0.0,-0.058124242445098354,-0.0,-0.998309357083356,1.0,1.0,-0.004601182648912072,0.12971497513353825,0.04171340353786945,0.0,-0.04464046098291874,-0.15917713940143585,-0.1668807454407215,-0.004096191376447678,-0.005885800812393427,0.015297719277441502,0.1396995559334755,0.03366947639733553,0.0,-0.030870312824845314,-0.004397411591939029,0.12021773346197806,0.02831769440591253,0.010737865515199285,-0.0337475773334841,-0.1687378866674205,-0.15800002115222123,-0.016069300964650868,-0.016145659119425823,0.004976915445140277,0.12958524280666642,0.03238403885536369,0.0019089538693686722,-0.03548608889308784
24.084848881000198,0.0,0.0,0.004363323129985824,-0.001090830782496456,0.0,-0.058124242445098354,-0.0,-0.998309357083356,1.0,1.0,-0.004488873528316617,0.12978630885481834,0.04165265150368214,0.0,-0.044760243967175484,-0.15910115092992783,-0.16697738133370876,-0.004042791202664375,-0.005865173414349556,0.015326123684644699,0.13964486122131348,0.03357179928570986,0.0,-0.030842164531350136,-0.004397411591939029,0.12021773346197806,0.02831769440591253,0.010737865515199285,-0.0337475773334841,-0.1687378866674205,-0.15800002115222123,-0.016069300964650868,-0.016145659119425823,0.004976915445140277,0.12958524280666642,0.03238403885536369,0.0019089538693686722,-0.03548608889308784
24.105634531000078,0.0,0.0,0.002181661564992912,0.0,-0.002181661564992912,-0.058124242445098354,-0.0,-0.998309357083356,1.0,1.0,-0.004582932451739907,0.12973339948803186,0.041687240824103355,0.0,-0.04475581552833319,-0.15899687632918358,-0.1668490394949913,-0.004198403097689152,-0.005885584745556116,0.015336709097027779,0.13967667147517204,0.03361056465655565,0.0,-0.030913393944501877,-0.004397411591939029,0.12021773346197806,0.02831769440591253,0.010737865515199285,-0.0337475773334841,-0.1687378866674205,-0.15800002115222123,-0.016069300964650868,-0.016145659119425823,0.004976915445140277,0.12958524280666642,0.03238403885536369,0.0019089538693686722,-0.03548608889308784
24.125363160999996,0.0,0.0,0.00545415391248228,-0.001090830782496456,0.002181661564992912,-0.058124242445098354,-0.0,-0.998309357083356,1.0,1.0,-0.0044979306403547525,0.12978722248226404,0.04163767956197262,0.0,-0.04474180191755295,-0.15917879715561867,-0.16704116761684418,-0.00390674639493227,-0.00587072130292654,0.015275574289262295,0.1396391298621893,0.03361181262880564,0.0,-0.03079131431877613,-0.004397411591939029,0.12021773346197806,0.02831769440591253,0.010737865515199285,-0.0337475773334841,-0.1687378866674205,-0.15800002115222123,-0.016069300964650868,-0.016145659119425823,0.004976915445140277,0.12958524280666642,0.03238403885536369,0.0019089538693686722,-0.03548608889308784
24.14541919200019,0.0,0.0,0.003272492347489368,0.003272492347489368,-0.001090830782496456,-0.058124242445098354,-0.0,-0.998309357083356,1.0,1.0,-0.0046139967162162066,0.12975522316992283,0.04160584323108196,0.0,-0.044946229085326195,-0.15879900008440018,-0.166670773178339,-0.00423001404851675,-0.005931896157562733,0.015330814756453037,0.13962078839540482,0.03353557828813791,0.0,-0.03098546341061592,-0.004397411591939029,0.12021773346197806,0.02831769440591253,0.010737865515199285,-0.0337475773334841,-0.1687378866674205,-0.15800002115222123,-0.016069300964650868,-0.016145659119425823,0.004976915445140277,0.12958524280666642,0.03238403885536369,0.0019089538693686722,-0.03548608889308784
24.165313004000154,0.0,0.0,0.003272492347489368,0.001090830782496456,-0.001090830782496456,-0.058124242445098354,-0.0,-0.998309357083356,1.0,1.0,-0.004549643257632852,0.12974634021520615,0.04171282984316349,0.0,-0.044786231592297554,-0.15909849107265472,-0.16682040691375732,-0.004122881218791008,-0.005860631819814444,0.01532362774014473,0.13965311646461487,0.03361321147531271,0.0,-0.03089568205177784,-0.004397411591939029,0.12021773346197806,0.02831769440591253,0.010737865515199285,-0.0337475773334841,-0.1687378866674205,-0.15800002115222123,-0.016069300964650868,-0.016145659119425823,0.004976915445140277,0.12958524280666642,0.03238403885536369,0.0019089538693686722,-0.03548608889308784
24.185290630000054,0.0,0.0,0.0,-0.001090830782496456,0.0,-0.058124242445098354,-0.0,-0.998309357083356,1.0,1.0,-0.004666597815230489,0.12970574665814638,0.04170348681509495,0.0,-0.04469815921038389,-0.15911728143692017,-0.16674934513866901,-0.004122638143599033,-0.005924933589994907,0.01528452429920435,0.1396814715117216,0.03366669546812773,0.0,-0.03091733157634735,-0.004397411591939029,0.12021773346197806,0.02831769440591253,0.010737865515199285,-0.0337475773334841,-0.1687378866674205,-0.15800002115222123,-0.016069300964650868,-0.016145659119425823,0.004976915445140277,0.12958524280666642,0.03238403885536369,0.0019089538693686722,-0.03548608889308784
24.205621305000022,0.0,0.0,0.001090830782496456,0.001090830782496456,0.001090830782496456,-0.058124242445098354,-0.0,-0.998309357083356,1.0,1.0,-0.0046429026406258345,0.12973338272422552,0.04166604019701481,0.0,-0.044849651865661144,-0.15902182087302208,-0.16662683337926865,-0.004112355411052704,-0.005940680392086506,0.015283471904695034,0.1396309845149517,0.033595760352909565,0.0,-0.030960649251937866,-0.004397411591939029,0.12021773346197806,0.02831769440591253,0.010737865515199285,-0.0337475773334841,-0.1687378866674205,-0.15800002115222123,-0.016069300964650868,-0.016145659119425823,0.004976915445140277,0.12958524280666642,0.03238403885536369,0.0019089538693686722,-0.03548608889308784
24.225759373000074,0.0,0.0,-0.003272492347489368,-0.001090830782496456,0.0,-0.058124242445098354,-0.0,-0.998309357083356,1.0,1.0,-0.004750695778056979,0.12964423280209303,0.04177526943385601,0.0,-0.04465514421463013,-0.15917005389928818,-0.16655264981091022,-0.0042061759158968925,-0.0059446850791573524,0.015267455019056797,0.13970934599637985,0.033720930106937885,0.0,-0.030980762094259262,-0.004397411591939029,0.12021773346197806,0.02831769440591253,0.010737865515199285,-0.0337475773334841,-0.1687378866674205,-0.15800002115222123,-0.016069300964650868,-0.016145659119425823,0.004976915445140277,0.12958524280666642,0.03238403885536369,0.0019089538693686722,-0.03548608889308784
24.245717443000103,0.0,0.0,0.001090830782496456,0.002181661564992912,0.002181661564992912,-0.058124242445098354,-0.0,-0.998309357083356,1.0,1.0,-0.004644912434741855,0.129748216830194,0.04163661040365696,0.0,-0.04493551142513752,-0.15901459753513336,-0.16649046167731285,-0.004076343961060047,-0.005960325710475445,0.015266797505319118,0.13958874344825745,0.03355508577078581,0.0,-0.03099430352449417,-0.004397411591939029,0.12021773346197806,0.02831769440591253,0.010737865515199285,-0.0337475773334841,-0.1687378866674205,-0.15800002115222123,-0.016069300964650868,-0.016145659119425823,0.004976915445140277,0.12958524280666642,0.03238403885536369,0.0019089538693686722,-0.03548608889308784
24.265837937000015,0.0,0.0,0.004363323129985824,0.002181661564992912,0.0,-0.058124242445098354,-0.0,-0.998309357083356,1.0,1.0,-0.004534495295956731,0.12975488882511854,0.04165590740740299,0.0,-0.044851288199424744,-0.15908512473106384,-0.1667247973382473,-0.0041053881868720055,-0.005861874669790268,0.015322722494602203,0.1396238598972559,0.03356520179659128,0.0,-0.030900204554200172,-0.004397411591939029,0.12021773346197806,0.02831769440591253,0.010737865515199285,-0.0337475773334841,-0.1687378866674205,-0.15800002115222123,-0.016069300964650868,-0.016145659119425823,0.004976915445140277,0.12958524280666642,0.03238403885536369,0.0019089538693686722,-0.03548608889308784
24.2859055240001,0.0,0.0,0.001090830782496456,-0.001090830782496456,-0.002181661564992912,-0.058124242445098354,-0.0,-0.998309357083356,1.0,1.0,-0.0045924203004688025,0.12971909157931805,0.04172938130795956,0.0,-0.04467408452183008,-0.1591382883489132,-0.1668249275535345,-0.004185568541288376,-0.005870465654879808,0.015332755632698536,0.1396904643625021,0.03364593628793955,0.0,-0.030898889526724815,-0.004397411591939029,0.12021773346197806,0.02831769440591253,0.010737865515199285,-0.0337475773334841,-0.1687378866674205,-0.15800002115222123,-0.016069300964650868,-0.016145659119425823,0.004976915445140277,0.12958524280666642,0.03238403885536369,0.0019089538693686722,-0.03548608889308784
24.305987426,0.0,0.0,0.001090830782496456,0.0,0.001090830782496456,-0.058124242445098354,-0.0,-0.998309357083356,1.0,1.0,-0.004645348293706775,0.12973259389400482,0.041663965210318565,0.0,-0.044794708490371704,-0.159059789031744,-0.1667099203914404,-0.004066364839673042,-0.005938531830906868,0.015270521864295006,0.13964307866990566,0.03362175542861223,0.0,-0.030929051339626312,-0.004397411591939029,0.12021773346197806,0.02831769440591253,0.010737865515199285,-0.0337475773334841,-0.1687378866674205,-0.15800002115222123,-0.016069300964650868,-0.016145659119425823,0.004976915445140277,0.12958524280666642,0.03238403885536369,0.0019089538693686722,-0.03548608889308784
24.326036921000195,0.0,0.0,0.0,0.002181661564992912,0.001090830782496456,-0.058124242445098354,-0.0,-0.998309357083356,1.0,1.0,-0.0047039620112627745,0.12970111332833767,0.041672440245747566,0.0,-0.04486744198948145,-0.15898331627249718,-0.1664997786283493,-0.004166310653090477,-0.005958360619843006,0.015270999632775784,0.1396379116922617,0.03361768368631601,0.0,-0.031005730852484703,-0.004397411591939029,0.12021773346197806,0.02831769440591253,0.010737865515199285,-0.0337475773334841,-0.1687378866674205,-0.15800002115222123,-0.016069300964650868,-0.016145659119425823,0.004976915445140277,0.12958524280666642,0.03238403885536369,0.0019089538693686722,-0.03548608889308784
24.346103600000106,0.0,0.0,0.002181661564992912,-0.001090830782496456,0.0,-0.058124242445098354,-0.0,-0.998309357083356,1.0,1.0,-0.004540859488770366,0.12973703909665346,0.041729966178536415,0.0,-0.04469344578683376,-0.15924452245235443,-0.1668311171233654,-0.0040807463228702545,-0.005854562856256962,0.015316181816160679,0.13966891169548035,0.033631146885454655,0.0,-0.03086601011455059,-0.004397411591939029,0.12021773346197806,0.02831769440591253,0.010737865515199285,-0.0337475773334841,-0.1687378866674205,-0.15800002115222123,-0.016069300964650868,-0.016145659119425823,0.004976915445140277,0.12958524280666642,0.03238403885536369,0.0019089538693686722,-0.03548608889308784
24.36644635000016,0.0,0.0,0.002181661564992912,0.002181661564992912,0.0,-0.058124242445098354,-0.0,-0.998309357083356,1.0,1.0,-0.004636697703972459,0.1297497358173132,0.04161393828690052,0.0,-0.04490735940635204,-0.1589180827140808,-0.1666190456598997,-0.004143525846302509,-0.005943079479038715,0.01529794279485941,0.1396113596856594,0.03355779219418764,0.0,-0.030972160398960114,-0.004397411591939029,0.12021773346197806,0.02831769440591253,0.010737865515199285,-0.0337475773334841,-0.1687378866674205,-0.15800002115222123,-0.016069300964650868,-0.016145659119425823,0.004976915445140277,0.12958524280666642,0.03238403885536369,0.0019089538693686722,-0.03548608889308784
24.386221201000126,0.0,0.0,-0.002181661564992912,-0.003272492347489368,0.002181661564992912,-0.058124242445098354,-0.0,-0.998309357083356,1.0,1.0,-0.0047207840252667665,0.12964156549423933,0.04179074428975582,0.0,-0.044524602591991425,-0.15935367345809937,-0.1667533963918686,-0.004045548848807812,-0.0059180851094424725,0.015227310359477997,0.13973796740174294,0.0337888291105628,0.0,-0.03087715245783329,-0.004397411591939029,0.12021773346197806,0.02831769440591253,0.010737865515199285,-0.0337475773334841,-0.1687378866674205,-0.15800002115222123,-0.016069300964650868,-0.016145659119425823,0.004976915445140277,0.12958524280666642,0.03238403885536369,0.0019089538693686722,-0.03548608889308784
24.407086720000052,0.0,0.0,-0.001090830782496456,0.0,0.0,-0.058124242445098354,-0.0,-0.998309357083356,1.0,1.0,-0.004655269207432866,0.12972803972661495,0.041681813076138496,0.0,-0.04483295604586601,-0.15899909287691116,-0.16654858738183975,-0.004208891652524471,-0.005958050489425659,0.01530842948704958,0.1396377608180046,0.033572577871382236,0.0,-0.031011689454317093,-0.004397411591939029,0.12021773346197806,0.02831769440591253,0.010737865515199285,-0.0337475773334841,-0.1687378866674205,-0.15800002115222123,-0.016069300964650868,-0.016145659119425823,0.004976915445140277,0.12958524280666642,0.03238403885536369,0.0019089538693686722,-0.03548608889308784
24.426937440000074,0.0,0.0,-0.002181661564992912,-0.001090830782496456,-0.001090830782496456,-0.058124242445098354,-0.0,-0.998309357083356,1.0,1.0,-0.004683599574491382,0.12966091465204954,0.04178375191986561,0.0,-0.044662436470389366,-0.15918836742639542,-0.1666135936975479,-0.004202890209853649,-0.00590858468785882,0.015290585346519947,0.13970403000712395,0.033694556914269924,0.0,-0.030958833172917366,-0.004397411591939029,0.12021773346197806,0.02831769440591253,0.010737865515199285,-0.0337475773334841,-0.1687378866674205,-0.15800002115222123,-0.016069300964650868,-0.016145659119425823,0.004976915445140277,0.12958524280666642,0.03238403885536369,0.0019089538693686722,-0.03548608889308784
24.44694015800019,0.0,0.0,-0.001090830782496456,-0.001090830782496456,-0.002181661564992912,-0.058124242445098354,-0.0,-0.998309357083356,1.0,1.0,-0.004609158495441079,0.12971562705934048,0.04174230434000492,0.0,-0.0447325948625803,-0.15911080315709114,-0.16665677353739738,-0.004229710437357426,-0.005903537850826979,0.015331338159739971,0.13966934941709042,0.03360761608928442,0.0,-0.030972104519605637,-0.004397411591939029,0.12021773346197806,0.02831769440591253,0.010737865515199285,-0.0337475773334841,-0.1687378866674205,-0.15800002115222123,-0.016069300964650868,-0.016145659119425823,0.004976915445140277,0.12958524280666642,0.03238403885536369,0.0019089538693686722,-0.03548608889308784
24.467521959000123,0.0,0.0,0.0,0.0,-0.001090830782496456,-0.058124242445098354,-0.0,-0.998309357083356,1.0,1.0,-0.00463176635093987,0.129709517583251,0.04171094857156277,0.0,-0.04476647637784481,-0.159081868827343,-0.16665440797805786,-0.0041664112359285355,-0.005911638494580984,0.015299958176910877,0.13966127671301365,0.03362268675118685,0.0,-0.030954891815781593,-0.004397411591939029,0.12021773346197806,0.02831769440591253,0.010737865515199285,-0.0337475773334841,-0.1687378866674205,-0.15800002115222123,-0.016069300964650868,-0.016145659119425823,0.004976915445140277,0.12958524280666642,0.03238403885536369,0.0019089538693686722,-0.03548608889308784
24.487127979000206,0.0,0.0,0.0,-0.001090830782496456,0.0,-0.058124242445098354,-0.0,-0.998309357083356,1.0,1.0,-0.00462746131233871,0.1297043226659298,0.041722049936652184,0.0,-0.044700536876916885,-0.15916241332888603,-0.1667226180434227,-0.0041219256818294525,-0.005906380712985992,0.015284519642591476,0.13967793993651867,0.03365451004356146,0.0,-0.030922826379537582,-0.004397411591939029,0.12021773346197806,0.02831769440591253,0.010737865515199285,-0.0337475773334841,-0.1687378866674205,-0.15800002115222123,-0.016069300964650868,-0.016145659119425823,0.004976915445140277,0.12958524280666642,0.03238403885536369,0.0019089538693686722,-0.03548608889308784
24.50713917799999,0.0,0.0,0.0,-0.002181661564992912,0.0,-0.058124242445098354,-0.0,-0.998309357083356,1.0,1.0,-0.004610731033608317,0.12970887776464224,0.04172538034617901,0.0,-0.04465872887521982,-0.1591869443655014,-0.16679399833083153,-0.004113382659852505,-0.005900654010474682,0.01529090479016304,0.13968986831605434,0.03365797270089388,0.0,-0.03089953400194645,-0.004397411591939029,0.12021773346197806,0.02831769440591253,0.010737865515199285,-0.0337475773334841,-0.1687378866674205,-0.15800002115222123,-0.016069300964650868,-0.016145659119425823,0.004976915445140277,0.12958524280666642,0.03238403885536369,0.0019089538693686722,-0.03548608889308784
24.527256413000032,0.0,0.0,0.0,-0.001090830782496456,0.0,-0.058124242445098354,-0.0,-0.998309357083356,1.0,1.0,-0.00463102082721889,0.12971207406371832,0.041702138260006905,0.0,-0.044726704247295856,-0.15909703820943832,-0.16672764346003532,-0.004135738126933575,-0.005922360345721245,0.015287328511476517,0.13967292197048664,0.033635989762842655,0.0,-0.03093380108475685,-0.004397411591939029,0.12021773346197806,0.02831769440591253,0.010737865515199285,-0.0337475773334841,-0.1687378866674205,-0.15800002115222123,-0.016069300964650868,-0.016145659119425823,0.004976915445140277,0.12958524280666642,0.03238403885536369,0.0019089538693686722,-0.03548608889308784
24.547304982000014,0.0,0.0,0.0,0.0,0.0,-0.058124242445098354,-0.0,-0.998309357083356,1.0,1.0,-0.0046423550229519606,0.12970705516636372,0.04170398227870464,0.0,-0.04476734157651663,-0.1590716950595379,-0.16665852814912796,-0.004154138267040253,-0.005924890749156475,0.015285138972103596,0.13966402225196362,0.03363083582371473,0.0,-0.03095785155892372,-0.004397411591939029,0.12021773346197806,0.02831769440591253,0.010737865515199285,-0.0337475773334841,-0.1687378866674205,-0.15800002115222123,-0.016069300964650868,-0.016145659119425823,0.004976915445140277,0.12958524280666642,0.03238403885536369,0.0019089538693686722,-0.03548608889308784
24.567623880000156,0.0,0.0,-0.001090830782496456,-0.002181661564992912,0.002181661564992912,-0.058124242445098354,-0.0,-0.998309357083356,1.0,1.0,-0.00468192039988935,0.12967858184129,0.04172894544899464,0.0,-0.044636379927396774,-0.1592440828680992,-0.1667154897004366,-0.004044545814394951,-0.00593325961381197,0.015233787707984447,0.139694232493639,0.033711823634803295,0.0,-0.030904307961463928,-0.004397411591939029,0.12021773346197806,0.02831769440591253,0.010737865515199285,-0.0337475773334841,-0.1687378866674205,-0.15800002115222123,-0.016069300964650868,-0.016145659119425823,0.004976915445140277,0.12958524280666642,0.03238403885536369,0.0019089538693686722,-0.03548608889308784
24.58773280000014,0.0,0.0,0.003272492347489368,0.0,-0.002181661564992912,-0.058124242445098354,-0.0,-0.998309357083356,1.0,1.0,-0.004472446860745549,0.12977898865938187,0.041677916422486305,0.0,-0.0448154304176569,-0.1590356007218361,-0.16683159582316875,-0.004198415204882622,-0.005855088122189045,0.015373695641756058,0.13964012823998928,0.033520606346428394,0.0,-0.03091609850525856,-0.004397411591939029,0.12021773346197806,0.02831769440591253,0.010737865515199285,-0.0337475773334841,-0.1687378866674205,-0.15800002115222123,-0.016069300964650868,-0.016145659119425823,0.004976915445140277,0.12958524280666642,0.03238403885536369,0.0019089538693686722,-0.03548608889308784
24.60772253600021,0.0,0.0,0.0,0.0,-0.001090830782496456,-0.058124242445098354,-0.0,-0.998309357083356,1.0,1.0,-0.00467428402043879,0.12969083059579134,0.041706277057528496,0.0,-0.044728897511959076,-0.15905416011810303,-0.16670670546591282,-0.004161316901445389,-0.005922987125813961,0.015277532860636711,0.13968118093907833,0.03366927523165941,0.0,-0.030942503362894058,-0.004397411591939029,0.12021773346197806,0.02831769440591253,0.010737865515199285,-0.0337475773334841,-0.1687378866674205,-0.15800002115222123,-0.016069300964650868,-0.016145659119425823,0.004976915445140277,0.12958524280666642,0.03238403885536369,0.0019089538693686722,-0.03548608889308784
24.627929417000132,0.0,0.0,0.006544984694978736,-0.001090830782496456,-0.002181661564992912,-0.058124242445098354,-0.0,-0.998309357083356,1.0,1.0,-0.004347862442955375,0.12982337828725576,0.041678888723254204,0.0,-0.0447564534842968,-0.1591530777513981,-0.16711525060236454,-0.004078434780240059,-0.005787460133433342,0.015389869920909405,0.13964216969907284,0.033519322983920574,0.0,-0.030803944915533066,-0.004397411591939029,0.12021773346197806,0.02831769440591253,0.010737865515199285,-0.0337475773334841,-0.1687378866674205,-0.15800002115222123,-0.016069300964650868,-0.016145659119425823,0.004976915445140277,0.12958524280666642,0.03238403885536369,0.0019089538693686722,-0.03548608889308784
24.64790602400012,0.0,0.0,-0.003272492347489368,-0.003272492347489368,0.001090830782496456,-0.058124242445098354,-0.0,-0.998309357083356,1.0,1.0,-0.004817934008315206,0.12962610833346844,0.04172641970217228,0.0,-0.04454043786972761,-0.1591482311487198,-0.16675809025764465,-0.004099112935364246,-0.005984806921333075,0.015203475952148438,0.13974623009562492,0.03380193840712309,0.0,-0.030912775546312332,-0.004397411591939029,0.12021773346197806,0.02831769440591253,0.010737865515199285,-0.0337475773334841,-0.1687378866674205,-0.15800002115222123,-0.016069300964650868,-0.016145659119425823,0.004976915445140277,0.12958524280666642,0.03238403885536369,0.0019089538693686722,-0.03548608889308784
24.66797913000005,0.0,0.0,0.001090830782496456,-0.001090830782496456,-0.001090830782496456,-0.058124242445098354,-0.0,-0.998309357083356,1.0,1.0,-0.0045106818433851,0.12976077757775784,0.04172957502305508,0.0,-0.044783626683056355,-0.15907778218388557,-0.16679155640304089,-0.004194149747490883,-0.005882637575268745,0.01535351388156414,0.13965670950710773,0.033553373999893665,0.0,-0.030943946912884712,-0.004397411591939029,0.12021773346197806,0.02831769440591253,0.010737865515199285,-0.0337475773334841,-0.1687378866674205,-0.15800002115222123,-0.016069300964650868,-0.016145659119425823,0.004976915445140277,0.12958524280666642,0.03238403885536369,0.0019089538693686722,-0.03548608889308784
24.68803379100018,0.0,0.0,0.001090830782496456,0.0,0.002181661564992912,-0.058124242445098354,-0.0,-0.998309357083356,1.0,1.0,-0.004682929487898946,0.12970474641770124,0.04165163077414036,0.0,-0.04475803021341562,-0.15910139679908752,-0.16671139746904373,-0.004011679440736771,-0.005950565449893475,0.015225888229906559,0.13965299911797047,0.03366862144321203,0.0,-0.03090309351682663,-0.004397411591939029,0.12021773346197806,0.02831769440591253,0.010737865515199285,-0.0337475773334841,-0.1687378866674205,-0.15800002115222123,-0.016069300964650868,-0.016145659119425823,0.004976915445140277,0.12958524280666642,0.03238403885536369,0.0019089538693686722,-0.03548608889308784
24.7080745090002,0.0,0.0,0.002181661564992912,-0.003272492347489368,0.0,-0.058124242445098354,-0.0,-0.998309357083356,1.0,1.0,-0.004504866199567914,0.1297353832051158,0.04173923842608929,0.0,-0.04459858499467373,-0.15927409753203392,-0.16700164042413235,-0.004082684405148029,-0.005844259634613991,0.015322739258408546,0.13970651850104332,0.03364842850714922,0.0,-0.03082454390823841,-0.004397411591939029,0.12021773346197806,0.02831769440591253,0.010737865515199285,-0.0337475773334841,-0.1687378866674205,-0.15800002115222123,-0.016069300964650868,-0.016145659119425823,0.004976915445140277,0.12958524280666642,0.03238403885536369,0.0019089538693686722,-0.03548608889308784
24.728637125000205,0.0,0.0,0.003272492347489368,-0.002181661564992912,0.002181661564992912,-0.058124242445098354,-0.0,-0.998309357083356,1.0,1.0,-0.004571710480377078,0.12975898291915655,0.04162662290036678,0.0,-0.04470524936914444,-0.15913160145282745,-0.16698008030653,-0.003954126499593258,-0.005917822010815144,0.015257432125508785,0.13965721055865288,0.033631171099841595,0.0,-0.030821621417999268,-0.004397411591939029,0.12021773346197806,0.02831769440591253,0.010737865515199285,-0.0337475773334841,-0.1687378866674205,-0.15800002115222123,-0.016069300964650868,-0.016145659119425823,0.004976915445140277,0.12958524280666642,0.03238403885536369,0.0019089538693686722,-0.03548608889308784
24.748238775000118,0.0,0.0,0.0,0.0,0.002181661564992912,-0.058124242445098354,-0.0,-0.998309357083356,1.0,1.0,-0.004704007180407643,0.12969107273966074,0.04167125187814236,0.0,-0.04476327262818813,-0.1590208187699318,-0.16667927615344524,-0.004110458306968212,-0.0059676747769117355,0.0152429873123765,0.13967563770711422,0.033665464259684086,0.0,-0.030950184911489487,-0.004397411591939029,0.12021773346197806,0.02831769440591253,0.010737865515199285,-0.0337475773334841,-0.1687378866674205,-0.15800002115222123,-0.016069300964650868,-0.016145659119425823,0.004976915445140277,0.12958524280666642,0.03238403885536369,0.0019089538693686722,-0.03548608889308784
24.768256696000208,0.0,0.0,-0.001090830782496456,0.0,-0.002181661564992912,-0.058124242445098354,-0.0,-0.998309357083356,1.0,1.0,-0.004623305285349488,0.12970117386430502,0.04176248796284199,0.0,-0.04475578758865595,-0.15905660390853882,-0.16663186810910702,-0.004287141375243664,-0.0059052216820418835,0.015334700234234333,0.1396807935088873,0.033618503250181675,0.0,-0.030995000153779984,-0.004397411591939029,0.12021773346197806,0.02831769440591253,0.010737865515199285,-0.0337475773334841,-0.1687378866674205,-0.15800002115222123,-0.016069300964650868,-0.016145659119425823,0.004976915445140277,0.12958524280666642,0.03238403885536369,0.0019089538693686722,-0.03548608889308784
24.788393912000174,0.0,0.0,0.001090830782496456,-0.002181661564992912,0.001090830782496456,-0.058124242445098354,-0.0,-0.998309357083356,1.0,1.0,-0.004594554891809821,0.12972241081297398,0.04171007312834263,0.0,-0.04466297570616007,-0.15925078466534615,-0.16684411093592644,-0.004005481489002705,-0.005897728260606527,0.015264146961271763,0.1396725568920374,0.0336654270067811,0.0,-0.030857006087899208,-0.004397411591939029,0.12021773346197806,0.02831769440591253,0.010737865515199285,-0.0337475773334841,-0.1687378866674205,-0.15800002115222123,-0.016069300964650868,-0.016145659119425823,0.004976915445140277,0.12958524280666642,0.03238403885536369,0.0019089538693686722,-0.03548608889308784
24.80839568500005,0.0,0.0,-0.002181661564992912,-0.001090830782496456,0.001090830782496456,-0.058124242445098354,-0.0,-0.998309357083356,1.0,1.0,-0.004732819506898522,0.1296704551205039,0.0417038481682539,0.0,-0.044709949754178524,-0.15907463803887367,-0.16659883223474026,-0.0041644759476184845,-0.005972504615783691,0.015251810662448406,0.13968842662870884,0.03367789927870035,0.0,-0.030976708978414536,-0.004397411591939029,0.12021773346197806,0.02831769440591253,0.010737865515199285,-0.0337475773334841,-0.1687378866674205,-0.15800002115222123,-0.016069300964650868,-0.016145659119425823,0.004976915445140277,0.12958524280666642,0.03238403885536369,0.0019089538693686722,-0.03548608889308784
24.828759491000028,0.0,0.0,0.0,0.0,0.001090830782496456,-0.058124242445098354,-0.0,-0.998309357083356,1.0,1.0,-0.004629685776308179,0.12971361819654703,0.04171129874885082,0.0,-0.04478188790380955,-0.1591193787753582,-0.16662620939314365,-0.004118028096854687,-0.0059270430356264114,0.01527542807161808,0.1396517399698496,0.033622478134930134,0.0,-0.03095657378435135,-0.004397411591939029,0.12021773346197806,0.02831769440591253,0.010737865515199285,-0.0337475773334841,-0.1687378866674205,-0.15800002115222123,-0.016069300964650868,-0.016145659119425823,0.004976915445140277,0.12958524280666642,0.03238403885536369,0.0019089538693686722,-0.03548608889308784
24.848813227000164,0.0,0.0,-0.001090830782496456,0.001090830782496456,0.003272492347489368,-0.058124242445098354,-0.0,-0.998309357083356,1.0,1.0,-0.0047546427231282,0.12967713177204132,0.04166211374104023,0.0,-0.044809586368501186,-0.15907787531614304,-0.1664682850241661,-0.0040683140978217125,-0.005989230237901211,0.01520784106105566,0.13964314758777618,0.03366671595722437,0.0,-0.030988015234470367,-0.004397411591939029,0.12021773346197806,0.02831769440591253,0.010737865515199285,-0.0337475773334841,-0.1687378866674205,-0.15800002115222123,-0.016069300964650868,-0.016145659119425823,0.004976915445140277,0.12958524280666642,0.03238403885536369,0.0019089538693686722,-0.03548608889308784
24.868937165000034,0.0,0.0,-0.001090830782496456,0.0,-0.001090830782496456,-0.058124242445098354,-0.0,-0.998309357083356,1.0,1.0,-0.0046241853851825,0.1296919258311391,0.04175921343266964,0.0,-0.044740728102624416,-0.15913381054997444,-0.16657208651304245,-0.004250692203640938,-0.005896277725696564,0.015321382321417332,0.13967829011380672,0.03362490329891443,0.0,-0.030987484380602837,-0.004397411591939029,0.12021773346197806,0.02831769440591253,0.010737865515199285,-0.0337475773334841,-0.1687378866674205,-0.15800002115222123,-0.016069300964650868,-0.016145659119425823,0.004976915445140277,0.12958524280666642,0.03238403885536369,0.0019089538693686722,-0.03548608889308784
24.891221701000177,0.0,0.0,-0.003272492347489368,-0.001090830782496456,0.0,-0.058124242445098354,-0.0,-0.998309357083356,1.0,1.0,-0.004737609764561057,0.12965962756425142,0.041747910901904106,0.0,-0.04468873329460621,-0.15915825590491295,-0.16651911102235317,-0.00417011883109808,-0.00595496129244566,0.015253153629601002,0.13968439772725105,0.03369371686130762,0.0,-0.0309915691614151,-0.004397411591939029,0.12021773346197806,0.02831769440591253,0.010737865515199285,-0.0337475773334841,-0.1687378866674205,-0.15800002115222123,-0.016069300964650868,-0.016145659119425823,0.004976915445140277,0.12958524280666642,0.03238403885536369,0.0019089538693686722,-0.03548608889308784
24.911009793000176,0.0,0.0,0.0,0.001090830782496456,0.003272492347489368,-0.058124242445098354,-0.0,-0.998309357083356,1.0,1.0,-0.004679155768826604,0.12971072737127542,0.04165716655552387,0.0,-0.044849563390016556,-0.15909890830516815,-0.16649264842271805,-0.004042480140924454,-0.0059633939526975155,0.015230894088745117,0.13962094113230705,0.033614625222980976,0.0,-0.030979206785559654,-0.004397411591939029,0.12021773346197806,0.02831769440591253,0.010737865515199285,-0.0337475773334841,-0.1687378866674205,-0.15800002115222123,-0.016069300964650868,-0.016145659119425823,0.004976915445140277,0.12958524280666642,0.03238403885536369,0.0019089538693686722,-0.03548608889308784
24.931109047000064,0.0,0.0,-0.001090830782496456,0.001090830782496456,0.002181661564992912,-0.058124242445098354,-0.0,-0.998309357083356,1.0,1.0,-0.004720296477898955,0.1296714637428522,0.04169590584933758,0.0,-0.04478226136416197,-0.15911532938480377,-0.1664615124464035,-0.004132282920181751,-0.005952267907559872,0.01524106040596962,0.13965756259858608,0.03366222511976957,0.0,-0.030991490930318832,-0.004397411591939029,0.12021773346197806,0.02831769440591253,0.010737865515199285,-0.0337475773334841,-0.1687378866674205,-0.15800002115222123,-0.016069300964650868,-0.016145659119425823,0.004976915445140277,0.12958524280666642,0.03238403885536369,0.0019089538693686722,-0.03548608889308784
24.951199005000035,0.0,0.0,-0.003272492347489368,0.0,0.0,-0.058124242445098354,-0.0,-0.998309357083356,1.0,1.0,-0.004724286729469895,0.12965926807373762,0.041757067665457726,0.0,-0.044733455404639244,-0.1591329351067543,-0.16642838157713413,-0.004231137223541737,-0.005944640375673771,0.015273421071469784,0.13967828638851643,0.03366769012063742,0.0,-0.031029410660266876,-0.004397411591939029,0.12021773346197806,0.02831769440591253,0.010737865515199285,-0.0337475773334841,-0.1687378866674205,-0.15800002115222123,-0.016069300964650868,-0.016145659119425823,0.004976915445140277,0.12958524280666642,0.03238403885536369,0.0019089538693686722,-0.03548608889308784
24.97121040800016,0.0,0.0,-0.004363323129985824,0.003272492347489368,-0.001090830782496456,-0.058124242445098354,-0.0,-0.998309357083356,1.0,1.0,-0.004787835059687495,0.12965645175427198,0.041723696514964104,0.0,-0.04492002632468939,-0.15892884880304337,-0.1661430113017559,-0.004334244877099991,-0.005990493576973677,0.015280111692845821,0.1396303828805685,0.033605645410716534,0.0,-0.03115057200193405,-0.004397411591939029,0.12021773346197806,0.02831769440591253,0.010737865515199285,-0.0337475773334841,-0.1687378866674205,-0.15800002115222123,-0.016069300964650868,-0.016145659119425823,0.004976915445140277,0.12958524280666642,0.03238403885536369,0.0019089538693686722,-0.03548608889308784
24.991795969000123,0.0,0.0,0.0,0.003272492347489368,0.001090830782496456,-0.058124242445098354,-0.0,-0.998309357083356,1.0,1.0,-0.004660021280869842,0.12970259878784418,0.0416980255395174,0.0,-0.044903830625116825,-0.15911328047513962,-0.16634147986769676,-0.004128097556531429,-0.0059203184209764,0.015265648253262043,0.13960530795156956,0.033595276065170765,0.0,-0.0310257226228714,-0.004397411591939029,0.12021773346197806,0.02831769440591253,0.010737865515199285,-0.0337475773334841,-0.1687378866674205,-0.15800002115222123,-0.016069300964650868,-0.016145659119425823,0.004976915445140277,0.12958524280666642,0.03238403885536369,0.0019089538693686722,-0.03548608889308784
25.011466507000023,0.0,0.0,-0.003272492347489368,-0.002181661564992912,0.001090830782496456,-0.058124242445098354,-0.0,-0.998309357083356,1.0,1.0,-0.004730938700959086,0.12963494192808867,0.04177356697618961,0.0,-0.04457708168774843,-0.15932699292898178,-0.16654442809522152,-0.004128057509660721,-0.005918208509683609,0.01524348370730877,0.13971476443111897,0.03374495264142752,0.0,-0.030946020036935806,-0.004397411591939029,0.12021773346197806,0.02831769440591253,0.010737865515199285,-0.0337475773334841,-0.1687378866674205,-0.15800002115222123,-0.016069300964650868,-0.016145659119425823,0.004976915445140277,0.12958524280666642,0.03238403885536369,0.0019089538693686722,-0.03548608889308784
25.03146481800013,0.0,0.0,-0.001090830782496456,0.0,0.001090830782496456,-0.058124242445098354,-0.0,-0.998309357083356,1.0,1.0,-0.0046584580559283495,0.12971347011625767,0.041685597971081734,0.0,-0.044806347228586674,-0.1590913012623787,-0.16650057770311832,-0.004137775860726833,-0.005943751893937588,0.015276339836418629,0.13963713124394417,0.033599200658500195,0.0,-0.03099946491420269,-0.004397411591939029,0.12021773346197806,0.02831769440591253,0.010737865515199285,-0.0337475773334841,-0.1687378866674205,-0.15800002115222123,-0.016069300964650868,-0.016145659119425823,0.004976915445140277,0.12958524280666642,0.03238403885536369,0.0019089538693686722,-0.03548608889308784
25.051722588000075,0.0,0.0,-0.001090830782496456,-0.001090830782496456,-0.003272492347489368,-0.058124242445098354,-0.0,-0.998309357083356,1.0,1.0,-0.004595143487676978,0.12968484591692686,0.04178539104759693,0.0,-0.044665832072496414,-0.15916811302304268,-0.16666893288493156,-0.004279539920389652,-0.005856380797922611,0.01534920372068882,0.1397046372294426,0.033643328584730625,0.0,-0.030959393829107285,-0.004397411591939029,0.12021773346197806,0.02831769440591253,0.010737865515199285,-0.0337475773334841,-0.1687378866674205,-0.15800002115222123,-0.016069300964650868,-0.016145659119425823,0.004976915445140277,0.12958524280666642,0.03238403885536369,0.0019089538693686722,-0.03548608889308784
25.071651084999985,0.0,0.0,-0.003272492347489368,0.002181661564992912,0.0,-0.058124242445098354,-0.0,-0.998309357083356,1.0,1.0,-0.004788934485986829,0.12967222649604082,0.04168242774903774,0.0,-0.044881902635097504,-0.15893470123410225,-0.16629750654101372,-0.004219324328005314,-0.0060029239393770695,0.015244257636368275,0.13963057473301888,0.033630707301199436,0.0,-0.031094836071133614,-0.004397411591939029,0.12021773346197806,0.02831769440591253,0.010737865515199285,-0.0337475773334841,-0.1687378866674205,-0.15800002115222123,-0.016069300964650868,-0.016145659119425823,0.004976915445140277,0.12958524280666642,0.03238403885536369,0.0019089538693686722,-0.03548608889308784
25.091920799000036,0.0,0.0,-0.002181661564992912,0.001090830782496456,-0.001090830782496456,-0.058124242445098354,-0.0,-0.998309357083356,1.0,1.0,-0.004663521656766534,0.12966787535697222,0.04177784360945225,0.0,-0.044771346263587475,-0.15914403647184372,-0.1664226781576872,-0.004254820756614208,-0.005898290313780308,0.015305002219974995,0.13967195339500904,0.033640735782682896,0.0,-0.031031334772706032,-0.004397411591939029,0.12021773346197806,0.02831769440591253,0.010737865515199285,-0.0337475773334841,-0.1687378866674205,-0.15800002115222123,-0.016069300964650868,-0.016145659119425823,0.004976915445140277,0.12958524280666642,0.03238403885536369,0.0019089538693686722,-0.03548608889308784
25.111800223000046,0.0,0.0,0.001090830782496456,-0.001090830782496456,0.0,-0.058124242445098354,-0.0,-0.998309357083356,1.0,1.0,-0.004570194752886891,0.12972996197640896,0.04170449264347553,0.0,-0.044710214249789715,-0.1592320315539837,-0.16672120243310928,-0.0040704477578401566,-0.005874092690646648,0.01529407687485218,0.13965335302054882,0.033622792921960354,0.0,-0.030901070684194565,-0.004397411591939029,0.12021773346197806,0.02831769440591253,0.010737865515199285,-0.0337475773334841,-0.1687378866674205,-0.15800002115222123,-0.016069300964650868,-0.016145659119425823,0.004976915445140277,0.12958524280666642,0.03238403885536369,0.0019089538693686722,-0.03548608889308784
25.13186521800003,0.0,0.0,0.0,0.0,0.0,-0.058124242445098354,-0.0,-0.998309357083356,1.0,1.0,-0.004655987257137895,0.12970095314085484,0.04168212227523327,0.0,-0.04475678503513336,-0.15906599909067154,-0.1666296236217022,-0.004151957109570503,-0.005921259522438049,0.015282989479601383,0.13966636173427105,0.03363318648189306,0.0,-0.030960364267230034,-0.004397411591939029,0.12021773346197806,0.02831769440591253,0.010737865515199285,-0.0337475773334841,-0.1687378866674205,-0.15800002115222123,-0.016069300964650868,-0.016145659119425823,0.004976915445140277,0.12958524280666642,0.03238403885536369,0.0019089538693686722,-0.03548608889308784
25.151951231000112,-0.01458676838521797,-0.04883720930232558,-0.00545415391248228,-0.001090830782496456,0.0,-0.058124242445098354,-0.0,-0.998309357083356,1.0,1.0,-0.006857566302642226,0.12743060570210218,0.04581455700099468,0.0,-0.05016655381768942,-0.15865173190832138,-0.16312393359839916,-0.00477579515427351,-0.015887148678302765,0.010488471016287804,0.13066115230321884,0.030446733348071575,0.0,-0.02951970510184765,-0.004397411591939029,0.12021773346197806,0.02831769440591253,0.010737865515199285,-0.0337475773334841,-0.1687378866674205,-0.15800002115222123,-0.016069300964650868,-0.016145659119425823,0.004976915445140277,0.12958524280666642,0.03238403885536369,0.0019089538693686722,-0.03548608889308784
25.171983912000087,-0.01458676838521797,-0.04883720930232558,-0.003272492347489368,0.0,0.001090830782496456,-0.058124242445098354,-0.0,-0.998309357083356,1.0,1.0,-0.006462795427069068,0.12609527632594109,0.045927198603749275,0.0,-0.04962494829669595,-0.16038638353347778,-0.16196967475116253,-0.0036740852519869804,-0.014625141397118568,0.011652089189738035,0.13273633271455765,0.030819579027593136,0.0,-0.029144790023565292,-0.004397411591939029,0.12021773346197806,0.02831769440591253,0.010737865515199285,-0.0337475773334841,-0.1687378866674205,-0.15800002115222123,-0.016069300964650868,-0.016145659119425823,0.004976915445140277,0.12958524280666642,0.03238403885536369,0.0019089538693686722,-0.03548608889308784
25.192071999000063,-0.01458676838521797,-0.04883720930232558,-0.003272492347489368,0.0,-0.001090830782496456,-0.058124242445098354,-0.0,-0.998309357083356,1.0,1.0,-0.006622334709390998,0.1269310563802719,0.045618804171681404,0.0,-0.049929164815694094,-0.16049668937921524,-0.16140316426753998,-0.003913000226020813,-0.015208963304758072,0.01142926188185811,0.13161809742450714,0.030586876906454563,0.0,-0.029295673593878746,-0.004397411591939029,0.12021773346197806,0.02831769440591253,0.010737865515199285,-0.0337475773334841,-0.1687378866674205,-0.15800002115222123,-0.016069300964650868,-0.016145659119425823,0.004976915445140277,0.12958524280666642,0.03238403885536369,0.0019089538693686722,-0.03548608889308784
25.212118401999987,-0.01458676838521797,-0.04883720930232558,-0.002181661564992912,-0.001090830782496456,-0.001090830782496456,-0.058124242445098354,-0.0,-0.998309357083356,1.0,1.0,-0.006690924754366279,0.12662349175661802,0.04595301114022732,0.0,-0.049617355689406395,-0.16097480058670044,-0.16124468110501766,-0.003644036129117012,-0.014716817066073418,0.011766909621655941,0.13204649928957224,0.03070875722914934,0.0,-0.02908582054078579,-0.004397411591939029,0.12021773346197806,0.02831769440591253,0.010737865515199285,-0.0337475773334841,-0.1687378866674205,-0.15800002115222123,-0.016069300964650868,-0.016145659119425823,0.004976915445140277,0.12958524280666642,0.03238403885536369,0.0019089538693686722,-0.03548608889308784
25.232180693000146,-0.01458676838521797,-0.04883720930232558,-0.002181661564992912,-0.004363323129985824,-0.002181661564992912,-0.058124242445098354,-0.0,-0.998309357083356,1.0,1.0,-0.0067308691795915365,0.12685313960537314,0.04591994546353817,0.0,-0.049604250118136406,-0.16114713624119759,-0.16127081774175167,-0.003584151156246662,-0.014811733737587929,0.011822334956377745,0.13178453128784895,0.030654839240014553,0.0,-0.02906721830368042,-0.004397411591939029,0.12021773346197806,0.02831769440591253,0.010737865515199285,-0.0337475773334841,-0.1687378866674205,-0.15800002115222123,-0.016069300964650868,-0.016145659119425823,0.004976915445140277,0.12958524280666642,0.03238403885536369,0.0019089538693686722,-0.03548608889308784
25.25229144700006,-0.0022492924818506214,-0.03046224519092742,-0.00545415391248228,-0.001090830782496456,-0.002181661564992912,-0.058124242445098354,-0.0,-0.998309357083356,1.0,1.0,-0.006078763632103801,0.12848446052521467,0.04397779144346714,0.0,-0.04622129909694195,-0.16136407852172852,-0.16451183520257473,-0.0018574940040707588,-0.007662038318812847,0.01598628517240286,0.13934350945055485,0.03394972253590822,0.0,-0.03027406707406044,-0.004397411591939029,0.12021773346197806,0.03138565598168369,0.010737865515199285,-0.035281558121369905,-0.1687378866674205,-0.15800002115222123,-0.016069300964650868,-0.016145659119425823,0.004976915445140277,0.12958524280666642,0.03238403885536369,0.0019089538693686722,-0.03548608889308784
25.2723114060002,-0.0022492924818506214,-0.03046224519092742,-0.016362461737446838,0.00545415391248228,0.019634954084936207,-0.058124242445098354,-0.0,-0.998309357083356,1.0,1.0,-0.006133973365649581,0.12890252750366926,0.04280715249478817,0.0,-0.04614792950451374,-0.16041582822799683,-0.16575258038938046,-0.002401823177933693,-0.009689749218523502,0.014944443479180336,0.13713178411126137,0.03423334378749132,0.0,-0.0312349870800972,-0.004397411591939029,0.12021773346197806,0.03138565598168369,0.010737865515199285,-0.035281558121369905,-0.1687378866674205,-0.15800002115222123,-0.016069300964650868,-0.016145659119425823,0.004976915445140277,0.12958524280666642,0.03238403885536369,0.0019089538693686722,-0.03548608889308784
25.292407197000102,-0.0022492924818506214,-0.03046224519092742,-0.03599741582238305,-0.003272492347489368,0.020725784867432664,-0.058124242445098354,-0.0,-0.998309357083356,1.0,1.0,-0.0062321515288203955,0.12802070518955588,0.046331046149134636,0.0,-0.047168461605906487,-0.16055843234062195,-0.16611199267208576,-0.002731279470026493,-0.008662731386721134,0.01585409976541996,0.1392577812075615,0.03496608603745699,0.0,-0.031390516087412834,-0.004397411591939029,0.12021773346197806,0.03445361755745485,0.010737865515199285,-0.03681553890925526,-0.1687378866674205,-0.15800002115222123,-0.016069300964650868,-0.016145659119425823,0.004976915445140277,0.12958524280666642,0.033918019643249045,0.0019089538693686722,-0.03548608889308784
25.312510191,0.01839055001845713,-0.03046224519092742,-0.019634954084936207,0.003272492347489368,0.006544984694978736,-0.058124242445098354,-0.0,-0.998309357083356,1.0,1.0,-0.004944691667333245,0.13293068390339613,0.03620143048465252,0.0,-0.039042701944708824,-0.1596394069492817,-0.16914047114551067,-0.0006483374163508415,-0.004483576864004135,0.01652682665735483,0.14637727476656437,0.04467706475406885,0.0,-0.036751702427864075,-0.004397411591939029,0.12021773346197806,0.03445361755745485,0.010737865515199285,-0.03681553890925526,-0.1687378866674205,-0.15800002115222123,-0.016069300964650868,-0.016145659119425823,0.004976915445140277,0.12958524280666642,0.033918019643249045,0.0019089538693686722,-0.03548608889308784
25.332847664000155,0.01839055001845713,-0.03046224519092742,0.0,0.003272492347489368,0.011999138607461015,-0.058124242445098354,-0.0,-0.998309357083356,1.0,1.0,-0.0029885752592235804,0.13549246452748775,0.03898761235177517,0.0,-0.04003044590353966,-0.15902268141508102,-0.17157894186675549,-0.0026164520531892776,-0.004753116983920336,0.016900633461773396,0.14703488536179066,0.04439228866249323,0.0,-0.038830842822790146,-0.004397411591939029,0.12021773346197806,0.03445361755745485,0.010737865515199285,-0.03681553890925526,-0.1687378866674205,-0.15800002115222123,-0.016069300964650868,-0.016145659119425823,0.004976915445140277,0.12958524280666642,0.033918019643249045,0.0019089538693686722,-0.03548608889308784
25.352668329000153,0.08217792543373952,-0.03046224519092742,0.008726646259971648,-0.002181661564992912,-0.00545415391248228,-0.058124242445098354,-0.0,-0.998309357083356,1.0,1.0,0.00926430500112474,0.1584266796708107,0.001767994835972786,0.0,-0.005950476974248886,-0.15876873582601547,-0.15808226726949215,-0.013528970070183277,-0.0206685122102499,0.00757194054313004,0.16021573916077614,0.10657316166907549,0.0,-0.06989351473748684,-0.004397411591939029,0.12021773346197806,0.03445361755745485,0.010737865515199285,-0.03681553890925526,-0.1687378866674205,-0.15800002115222123,-0.016069300964650868,-0.016145659119425823,0.004976915445140277,0.12958524280666642,0.033918019643249045,0.0019089538693686722,-0.03548608889308784
25.372760861000188,0.08217792543373952,-0.03046224519092742,-0.00545415391248228,0.001090830782496456,0.006544984694978736,-0.058124242445098354,-0.0,-0.998309357083356,1.0,1.0,0.018256969982758164,0.16692591086030006,0.0004315050318837166,0.0,0.003637034446001053,-0.16082095354795456,-0.14934494718909264,-0.03293154016137123,-0.03522930294275284,0.014185518957674503,0.1615368090569973,0.12789729703217745,0.0,-0.09175733476877213,-0.004397411591939029,0.12021773346197806,0.03445361755745485,0.010737865515199285,-0.03681553890925526,-0.1687378866674205,-0.15800002115222123,-0.016069300964650868,-0.016145659119425823,0.004976915445140277,0.12958524280666642,0.033918019643249045,0.0019089538693686722,-0.03548608889308784
25.39278004200014,0.08217792543373952,-0.03046224519092742,-0.011999138607461015,0.001090830782496456,0.001090830782496456,-0.058124242445098354,-0.0,-0.998309357083356,1.0,1.0,0.01982744806446135,0.16749008372426033,-0.0036219805479049683,0.0,0.005983404815196991,-0.1616152971982956,-0.14485525293275714,-0.034095168113708496,-0.039930310100317,0.019306928850710392,0.16231324151158333,0.13653236348181963,0.0,-0.09700114279985428,-0.004397411591939029,0.12175171424986386,0.03445361755745485,0.010737865515199285,-0.03681553890925526,-0.1687378866674205,-0.15800002115222123,-0.016069300964650868,-0.016145659119425823,0.004976915445140277,0.12958524280666642,0.033918019643249045,0.0019089538693686722,-0.03548608889308784
25.412853685000073,0.10344038390550032,-0.0350559862187769,-0.020725784867432664,-0.001090830782496456,-0.013089969389957472,-0.058124242445098354,-0.0,-0.998309357083356,1.0,1.0,0.025346769252792,0.17060598731040955,-0.014733938500285149,0.0,0.02066434919834137,-0.16372856125235558,-0.14235790236853063,-0.03844510391354561,-0.047687824815511703,0.01589303556829691,0.16090953722596169,0.15472314227372408,0.0,-0.10903719067573547,-0.002863430804053227,0.12481967582563502,0.03445361755745485,0.010737865515199285,-0.03681553890925526,-0.1687378866674205,-0.15800002115222123,-0.016069300964650868,-0.016145659119425823,0.004976915445140277,0.13111922359455222,0.03851996200690601,0.0019089538693686722,-0.03702006968097364
25.43288132800012,0.10344038390550032,-0.0350559862187769,-0.037088246604879506,-0.011999138607461015,-0.03381575425739013,-0.058183442780693595,0.001020762154047256,-0.9983053866582163,1.0,1.0,0.02756554656662047,0.17067696899175644,-0.01584283821284771,0.0,0.02775786817073822,-0.16679006814956665,-0.14238515007309616,-0.04201459512114525,-0.04947201907634735,0.02128662448376417,0.1600741185247898,0.16522953379899263,0.0,-0.12038133293390274,0.000204530771717934,0.129421618189292,0.03445361755745485,0.010737865515199285,-0.03681553890925526,-0.1687378866674205,-0.15800002115222123,-0.016069300964650868,-0.016145659119425823,0.004976915445140277,0.13572116595820918,0.04312190437056297,0.0019089538693686722,-0.038554050468859
25.454086677000078,0.10344038390550032,-0.0350559862187769,-0.07853981633974483,-0.020725784867432664,-0.061086523819801536,-0.058183351844080355,0.0020415211173361526,-0.9983038263773786,1.0,1.0,0.03127651126123965,0.17074452340602875,-0.016104239970445633,0.0,0.030333831906318665,-0.169353649020195,-0.13820915529504418,-0.045082442462444305,-0.05499749258160591,0.017292916774749756,0.1595967523753643,0.18082200456410646,0.0,-0.13443581014871597,0.004806473135374897,0.13402356055294895,0.03445361755745485,0.010737865515199285,-0.03681553890925526,-0.1687378866674205,-0.15800002115222123,-0.016069300964650868,-0.01767963990731118,0.0034429346572544747,0.13878912753398034,0.050791808309991096,0.0003749730814833138,-0.04315599283251596
25.47302630000013,0.10344038390550032,-0.0350559862187769,-0.09381144729469522,-0.0272707695624114,35.61889754085678,-0.05920019561297429,0.004082772111239606,-0.9982377811980837,1.0,1.0,0.03333527245558798,0.1732201911509037,-0.021660851314663887,0.0,0.03513026982545853,-0.16861677169799805,-0.13604218000546098,-0.04803018271923065,-0.05727548152208328,0.018212389200925827,0.15674107894301414,0.18763128388673067,0.0,-0.14206185936927795,0.00940841549903186,0.1386255029166059,0.02985167519379789,0.009203884727313927,-0.0322135965455983,-0.1687378866674205,-0.15800002115222123,-0.01760328175253667,-0.022281582270968145,0.0003749730814833138,0.14032310832186615,0.05692773146153386,0.0019089538693686722,-0.05082589677194409
25.49306225800001,0.10344038390550032,-0.0350559862187769,-0.04908738521234052,-0.032724923474893676,-0.33815754257390135,-0.060216591480619905,0.006123721167520668,-0.9981665503058689,1.0,1.0,0.044449625769630075,0.18388694152235985,-0.024545663967728615,0.0,0.04205890744924545,-0.16099968552589417,-0.1408835812471807,-0.058175355195999146,-0.05250902473926544,0.03050387930124998,0.15549423173069954,0.18406458664685488,0.0,-0.14445329457521439,0.015544338650574627,0.14169346449237707,0.022181771254369764,0.006135923151542766,-0.024543692606170175,-0.1687378866674205,-0.15493205957644962,-0.01913726254042203,-0.02688352463462511,-0.002692988494288291,0.14032310832186615,0.06613161618884779,0.0034429346572544747,-0.060029781499258014
25.513217696000083,0.10344038390550032,-0.025868504163077937,0.038179077387375956,-0.03381575425739013,-0.41233403578366035,-0.06123405437896356,0.004082270291930904,-0.998115086377106,1.0,1.0,0.048793798545375466,0.18620680272579193,-0.03497478924691677,0.0,0.04272542893886566,-0.15332601219415665,-0.14509512577205896,-0.05400637537240982,-0.03909287229180336,0.0476769981905818,0.15156509913504124,0.16638796497136354,0.0,-0.14004043489694595,0.02168026180211695,0.14476142606814824,0.016045848102827442,0.004601942363656963,-0.01687378866674205,-0.1687378866674205,-0.15186409800067846,-0.022205224116193634,-0.03148546699828207,-0.002692988494288291,0.14032310832186615,0.07993744327981823,0.0034429346572544747,-0.06923366622657194
25.533179711999992,0.10344038390550032,-0.025868504163077937,0.0545415391248228,-0.07744898555724837,-0.33052172709642613,-0.06225108837416363,0.0020410192909561847,-0.9980584332775742,1.0,1.0,0.04830507026053965,0.18795064836740494,-0.035417383536696434,0.0,0.056534767150878906,-0.1602073535323143,-0.1598615776747465,-0.043916068971157074,-0.03955570608377457,0.05015329550951719,0.14989403821527958,0.16485606599599123,0.0,-0.14188377559185028,0.02321424259000275,0.14782938764391984,0.011443905739170479,0.003067961575771161,-0.009203884727313927,-0.1687378866674205,-0.15033011721279266,-0.025273185691964795,-0.03455342857405323,-0.0011590077064024887,0.14032310832186615,0.09527725115867493,0.0034429346572544747,-0.08150551252965703
25.553279447000023,0.10344038390550032,-0.025868504163077937,-0.12326387842209953,0.016362461737446838,-0.5737769915931359,-0.06326754595443594,0.002040888579175353,-0.9979945152167474,1.0,1.0,0.05254844040609896,0.18121813610196114,-0.03486683778464794,0.0,0.04121659696102142,-0.14840464293956757,-0.13472049264237285,-0.07303082197904587,-0.05901224911212921,0.035919166170060635,0.15506132319569588,0.20676713157445192,0.0,-0.1660655438899994,0.027816184953659714,0.150897349219691,0.005307982587627713,0.003067961575771161,-0.003067961575771161,-0.1687378866674205,-0.15033011721279266,-0.026807166479850597,-0.03762139014982484,0.006510896233025636,0.14032310832186615,0.11061705903753118,0.0019089538693686722,-0.09377735883274212
25.57334866400015,0.11052787006275393,-0.012087281079529265,-0.09817477042468103,0.08508480103472356,-0.7068583470577035,-0.06123443705552888,0.002041147901850963,-0.9981213240051208,1.0,1.0,0.059811933198943734,0.18832430243492126,-0.044097037985920906,0.0,0.05103319138288498,-0.15207000821828842,-0.12673017010092735,-0.0763099417090416,-0.059546973556280136,0.043510391376912594,0.1487885508686304,0.21248595882207155,0.0,-0.1692332625389099,0.03241812731731668,0.15396531079546216,0.0007060402239707497,0.003067961575771161,0.003067961575771161,-0.1687378866674205,-0.1487961364249073,-0.028341147267735955,-0.03762139014982484,0.015714780960339562,0.14032310832186615,0.12288890534061626,0.0003749730814833138,-0.10451522434794185
25.5933990110002,0.11052787006275393,-0.012087281079529265,0.08508480103472356,0.14726215563702155,-0.8181230868723419,-0.058183473092992766,-0.0,-0.9983059067534547,1.0,1.0,0.06652504042722285,0.18797647207975388,-0.054291972890496254,0.0,0.07015657424926758,-0.15144967287778854,-0.15743473917245865,-0.05737553909420967,-0.02680709771811962,0.097766256891191,0.13997511006891727,0.1450259881094098,0.0,-0.1535361334681511,0.038554050468859,0.15703327237123332,-0.005429882927571572,0.003067961575771161,0.010737865515199285,-0.1687378866674205,-0.1487961364249073,-0.031409108843507116,-0.03762139014982484,0.02185070411188233,0.14032310832186615,0.13516075164370134,-0.0011590077064024887,-0.11371910907525533
25.614090738000186,0.11052787006275393,-0.012087281079529265,0.0545415391248228,0.11017390903214205,-0.7864889941799448,-0.0560912990409217,-0.0010198418007440308,-0.9984251229284064,1.0,1.0,0.06487152562476695,0.17464398592710495,-0.04914931394159794,0.0,0.07149511575698853,-0.15153589099645615,-0.17600975930690765,-0.043963611125946045,-0.0036156533751636744,0.10065667983144522,0.1446631457656622,0.13357206899672747,0.0,-0.1287764385342598,0.04315599283251596,0.15856725315911913,-0.010031825291228536,0.003067961575771161,0.01687378866674205,-0.1687378866674205,-0.15033011721279266,-0.03294308963139292,-0.03762139014982484,0.02798662726342465,0.14032310832186615,0.14743259794678643,-0.0011590077064024887,-0.12292299380256926
25.633577667000054,0.12234034699150986,-0.007493540051679579,-0.17016960206944712,0.05999569303730508,-0.7624907169650227,-0.05507460783200715,-0.0,-0.9984822419913889,1.0,1.0,0.06419085548259318,0.168404221534729,-0.04678148590028286,0.0,0.05552840977907181,-0.14307494461536407,-0.13827731786295772,-0.07224149256944656,-0.04376780241727829,0.04773903917521238,0.14465821348130703,0.20704253483563662,0.0,-0.1645037978887558,0.047757935196172926,0.16010123394700493,-0.014633767654885499,0.003067961575771161,0.023009711818284817,-0.1687378866674205,-0.15186409800067846,-0.03601105120716408,-0.03762139014982484,0.03872449277862438,0.14032310832186615,0.15970444424987196,-0.0011590077064024887,-0.1321268785298832
25.65362258900018,0.12234034699150986,-0.007493540051679579,-0.20725784867432664,0.07526732399225546,-0.9086620418195478,-0.054057266220190234,0.004079793676995489,-0.9985295024446461,1.0,1.0,0.0776606856379658,0.1772170625627041,-0.05741829611361027,0.0,0.06384604424238205,-0.15257807075977325,-0.11504063196480274,-0.10107536613941193,-0.059684641659259796,0.04345968645066023,0.14287365227937698,0.23892385233193636,0.0,-0.1887747198343277,0.05082589677194409,0.16010123394700493,-0.020769690806428265,0.003067961575771161,0.02914563496982714,-0.1687378866674205,-0.15186409800067846,-0.039079012782935685,-0.03762139014982484,0.05099633908170947,0.13878912753398034,0.17044230976507124,-0.0011590077064024887,-0.14133076325719712
25.673859451,0.14124031007751936,-0.007493540051679579,-0.18216874067690814,0.0719948316447661,-0.9697485656393493,-0.05303966287036629,0.006119961100426879,-0.9985736528863192,1.0,1.0,0.0845525844488293,0.1702152006328106,-0.08049930818378925,0.0,0.07171642780303955,-0.15813419967889786,-0.10605045035481453,-0.10084518045186996,-0.05927542969584465,0.049198283813893795,0.13799868896603584,0.2555657820776105,0.0,-0.20036834478378296,0.05389385834771569,0.16010123394700493,-0.025371633170085228,0.003067961575771161,0.038349519697141066,-0.1687378866674205,-0.15339807878856426,-0.042146974358706846,-0.039155370937710196,0.05559828144536643,0.13878912753398034,0.17811221370449937,-0.0011590077064024887,-0.14746668640873944
25.69385115099999,0.14124031007751936,-0.007493540051679579,-0.18653206380689397,0.044724062082354694,-1.0853766285839737,-0.052021698994007104,0.008160266508863858,-0.9986126140222148,1.0,1.0,0.09080810681916773,0.17482785508036613,-0.0788301769644022,0.0,0.08516101539134979,-0.16399584710597992,-0.11028910055756569,-0.10876695066690445,-0.05171056464314461,0.0524990214034915,0.13426574505865574,0.2522890465334058,0.0,-0.19891011714935303,0.058495800711372656,0.16010123394700493,-0.02997357553374219,0.006135923151542766,0.04448544284868339,-0.1687378866674205,-0.15339807878856426,-0.04674891672236381,-0.040689351725596,0.05559828144536643,0.13725514674609454,0.18424813685604213,-0.0011590077064024887,-0.1520686287723964
25.714056663000065,0.14124031007751936,-0.007493540051679579,-0.19416787928436915,0.055632369907319255,-1.10501158266891,-0.05100283316366535,0.011220623296006376,-0.9986354733445676,1.0,1.0,0.09444514499045908,0.16580940783023834,-0.08743187971413136,0.0,0.0882454514503479,-0.16254964098334312,-0.10980109125375748,-0.10549385845661163,-0.046233437955379486,0.05718763079494238,0.1295133954845369,0.24731596279889345,0.0,-0.20069855451583862,0.06309774307502918,0.16010123394700493,-0.03457551789739871,0.007669903939428124,0.04908738521234035,-0.1687378866674205,-0.15339807878856426,-0.04981687829813497,-0.04222333251348136,0.05559828144536643,0.13418718517032338,0.19191804079547026,-0.0011590077064024887,-0.15820455192393917
25.734023289000106,0.15541528239202657,-0.007493540051679579,-0.24216443371421323,0.1090830782496456,-1.1366456753613072,-0.04896506354317465,0.015301582357242077,-0.9986832751826664,1.0,1.0,0.09761147783137858,0.16078757867217064,-0.097974369302392,0.0,0.08980751037597656,-0.1575532779097557,-0.1013885885477066,-0.11671679466962814,-0.05019862577319145,0.049658807925879955,0.12572430819272995,0.2646159129217267,0.0,-0.20451636612415314,0.06616570465080078,0.16010123394700493,-0.039177460261055674,0.009203884727313927,0.053689327575997314,-0.1687378866674205,-0.15339807878856426,-0.055952801449677736,-0.04375731330136716,0.05559828144536643,0.13265320438243758,0.20418988709855534,-0.0011590077064024887,-0.1674084366512531
25.75398011900006,0.15541528239202657,-0.007493540051679579,-0.2279836335417593,0.11999138607461016,-1.1202832136238603,-0.04692612221233672,0.01938252873987821,-0.9987102966495142,1.0,1.0,0.10685159103013575,0.16195692867040634,-0.10547124780714512,0.0,0.09766027331352234,-0.16179102286696434,-0.10233686119318008,-0.11932487040758133,-0.05077630653977394,0.05163297709077597,0.12232234203838743,0.2692090468481183,0.0,-0.21120651066303253,0.0723016278023431,0.16010123394700493,-0.04377940262471264,0.010737865515199285,0.05982525072754008,-0.1687378866674205,-0.1487961364249073,-0.06208872460122006,-0.04529129408925296,0.05559828144536643,0.13111922359455222,0.21185979103798347,-0.0011590077064024887,-0.17354435980279542
25.77409331700005,0.1601402731635291,-0.007493540051679579,-0.19962203319685143,0.11999138607461016,-1.1279190291013355,-0.044888191783110834,0.021423909714666536,-0.9987622671742162,1.0,1.0,0.11079106316901743,0.15949846804141998,-0.11591821350157261,0.0,0.10265444219112396,-0.1611839309334755,-0.10621913522481918,-0.11706100404262543,-0.042768675833940506,0.059396098367869854,0.11857800395227969,0.2574658440425992,0.0,-0.2104513943195343,0.07843755095388587,0.16010123394700493,-0.049915325776255404,0.010737865515199285,0.0659611738790824,-0.1687378866674205,-0.14266021327336453,-0.06975862854064818,-0.04529129408925296,0.05559828144536643,0.12805126201878106,0.2195296949774116,-0.0011590077064024887,-0.1796802829543382
25.794103072000098,0.1601402731635291,-0.007493540051679579,-0.10471975511965978,0.09053895494720585,-1.0722866591940161,-0.04386901009330644,0.02244460981518004,-0.9987851367755118,1.0,1.0,0.11845046863891184,0.15660351887345314,-0.12554006464779377,0.0,0.12079158425331116,-0.16541245579719543,-0.12214414402842522,-0.10259555280208588,-0.014036796987056732,0.0799764534458518,0.11096027214080095,0.21686470974236727,0.0,-0.19207064807415009,0.08457347410542819,0.16010123394700493,-0.05758522971568353,0.010737865515199285,0.07209709703062517,-0.1672039058795347,-0.1365242901218222,-0.07742853248007675,-0.04529129408925296,0.05559828144536643,0.1234493196551241,0.22719959891684016,-0.0011590077064024887,-0.1858162061058805
25.814363528000058,0.1601402731635291,-0.007493540051679579,-0.11235557059713497,0.0719948316447661,-1.0351984125891367,-0.04284864446337095,0.02448493969335483,-0.9987814983247659,1.0,1.0,0.11980685428716242,0.14764629863202572,-0.13106821663677692,0.0,0.1252748966217041,-0.16632214933633804,-0.1266896016895771,-0.09378316253423691,0.003321501426398754,0.07894729729741812,0.11103261541575193,0.19871022272855043,0.0,-0.1814512312412262,0.09070939725697096,0.16010123394700493,-0.0637211528672263,0.010737865515199285,0.07976700097005329,-0.1672039058795347,-0.13038836697027945,-0.08509843641950487,-0.04529129408925296,0.05559828144536643,0.12038135807935249,0.23640348364415364,-0.0011590077064024887,-0.19195212925742328
25.83424324800012,0.1601402731635291,-0.016681022107378755,-0.14508049407202864,0.039269908169872414,-1.030835089459151,-0.042846414751296906,0.026523971036517133,-0.9987295247980875,1.0,1.0,0.1187349318061024,0.1473760772496462,-0.1300200242549181,0.0,0.12390735745429993,-0.1659860461950302,-0.12737987190485,-0.09427802264690399,0.00512493634596467,0.07048288639634848,0.11038144584745169,0.19533125031739473,0.0,-0.18063174188137054,0.09531133962062792,0.16010123394700493,-0.07139105680665442,0.010737865515199285,0.08897088569736722,-0.1672039058795347,-0.12425244381873712,-0.0912343595710472,-0.04529129408925296,0.05559828144536643,0.11577941571569553,0.2440733875835822,-0.0011590077064024887,-0.1980880524089656
25.854285559000118,0.1601402731635291,-0.016681022107378755,-0.10799224746714914,0.02945243112740431,-1.1333731830138178,-0.041826914970551854,0.02754455376109512,-0.9987451160041527,1.0,1.0,0.12078926549293101,0.1467048078775406,-0.1331783253699541,0.0,0.13185648620128632,-0.1709934026002884,-0.13792363600805402,-0.0865282341837883,0.024057699367403984,0.08059798832982779,0.11036469042301178,0.17244141269475222,0.0,-0.16640503704547882,0.10144726277217024,0.16010123394700493,-0.07906096074608254,0.010737865515199285,0.09817477042468115,-0.1672039058795347,-0.11965050145508016,-0.09583630193470416,-0.04529129408925296,0.05866624302113759,0.11117747335203901,0.25020931073512453,-0.0011590077064024887,-0.2011560139847372
25.874430498000038,0.1601402731635291,-0.016681022107378755,-0.11017390903214205,0.016362461737446838,-1.1813697374436618,-0.0428440070531794,0.028562671368786274,-0.9986734025014915,1.0,1.0,0.11532442108727992,0.14502261765301228,-0.13402037508785725,0.0,0.13479506969451904,-0.1729257069528103,-0.14522004523314536,-0.07845575362443924,0.039963457733392715,0.07906614895910025,0.11396552063524723,0.15757689345628023,0.0,-0.1540294587612152,0.10298124356005604,0.16010123394700493,-0.08673086468551067,0.012271846303085088,0.10431069357622347,-0.1672039058795347,-0.11811652066719436,-0.10197222508624693,-0.04222333251348136,0.05866624302113759,0.1096434925641532,0.2532772723108957,-0.002692988494288291,-0.20268999477262256
25.894424032000188,0.1601402731635291,-0.016681022107378755,-0.1461713248545251,0.002181661564992912,-1.054833366674073,-0.04386086204108165,0.029580581376543437,-0.998599626470208,1.0,1.0,0.11140110925771296,0.14289403520524502,-0.13206774182617664,0.0,0.13277189433574677,-0.1727524735033512,-0.13951140316203237,-0.07728389650583267,0.03775159269571304,0.06461590062826872,0.1160445949062705,0.16375877428799868,0.0,-0.1534445434808731,0.1060492051358272,0.16010123394700493,-0.09286678783705343,0.012271846303085088,0.11198059751565159,-0.1672039058795347,-0.11811652066719436,-0.10197222508624693,-0.036087409361939035,0.05866624302113759,0.1081095117762674,0.2532772723108957,-0.002692988494288291,-0.20268999477262256
25.914475546000176,0.1601402731635291,-0.016681022107378755,-0.1341721862470641,0.018544123302439753,-0.9839293658118032,-0.04385812421936841,0.03161864769303304,-0.9985372932735274,1.0,1.0,0.10720596299506724,0.14075169153511524,-0.1340899933129549,0.0,0.13214342296123505,-0.1725485660135746,-0.13449781062081456,-0.0758167952299118,0.03591013699769974,0.059455941431224346,0.11803029431030154,0.1626445995643735,0.0,-0.15506193786859512,0.1060492051358272,0.16010123394700493,-0.09900271098859575,0.012271846303085088,0.11811652066719436,-0.1672039058795347,-0.11811652066719436,-0.10350620587413228,-0.02841750542251091,0.05866624302113759,0.1081095117762674,0.2548112530987815,-0.002692988494288291,-0.20422397556050836
25.934580744000186,0.1601402731635291,-0.016681022107378755,0.008726646259971648,-0.009817477042468103,-0.9250245035569946,-0.043859515881335534,0.03059966224279223,-0.9985689778564533,1.0,1.0,0.10483483062125742,0.14990543015301228,-0.14661711640655994,0.0,0.1434924155473709,-0.18425219878554344,-0.15347348153591156,-0.05611920356750488,0.07096585631370544,0.08439316507428885,0.11950101214461029,0.13670599926263094,0.0,-0.13077303767204285,0.1060492051358272,0.16010123394700493,-0.10207067256436692,0.012271846303085088,0.12271846303085132,-0.16566992509164935,-0.11811652066719436,-0.10350620587413228,-0.020747601483082787,0.05866624302113759,0.1081095117762674,0.2548112530987815,-0.002692988494288291,-0.20268999477262256
25.954676887999995,0.1601402731635291,-0.016681022107378755,-0.032724923474893676,0.014180800172453928,-0.9064803802545549,-0.04487885095456135,0.029579242674597255,-0.9985544337389902,1.0,1.0,0.09508430049754679,0.14930273592472076,-0.14026493020355701,0.0,0.14180888235569,-0.1808459833264351,-0.15192316472530365,-0.04881207272410393,0.07566854357719421,0.07341714110225439,0.12772801984101534,0.13381777424365282,0.0,-0.12367969751358032,0.1060492051358272,0.16010123394700493,-0.10513863414013852,0.012271846303085088,0.12732040539450828,-0.16413594430376355,-0.11811652066719436,-0.10350620587413228,-0.013077697543654218,0.05866624302113759,0.1081095117762674,0.25020931073512453,-0.00422696928217365,-0.1996220331968514
25.975025546000097,0.1601402731635291,-0.016681022107378755,-0.0545415391248228,0.0,-0.8955720724295904,-0.04487885095456135,0.029579242674597255,-0.9985544337389902,1.0,1.0,0.0906870944891125,0.15343448519706726,-0.13681736774742603,0.0,0.13330256938934326,-0.1791707444936037,-0.15208840370178223,-0.04620422050356865,0.08789479732513428,0.0724424859508872,0.1350429393351078,0.12024780828505754,0.0,-0.11939678341150284,0.1060492051358272,0.16010123394700493,-0.11127455729168084,0.012271846303085088,0.13038836697027945,-0.16413594430376355,-0.11811652066719436,-0.10197222508624693,-0.005407793604226094,0.06020022380902295,0.1081095117762674,0.2410054260078106,-0.00422696928217365,-0.1980880524089656
25.994926192000094,0.1601402731635291,-0.016681022107378755,0.1734420944169365,-0.008726646259971648,-0.779944009484966,-0.04488146579875123,0.027540899467415527,-0.9986126140222148,1.0,1.0,0.08202865556813776,0.17064254358410835,-0.15476662106812,0.0,0.15323950350284576,-0.18569555133581161,-0.1770460344851017,-0.017493868246674538,0.11884059756994247,0.10312972124665976,0.13584564812481403,0.10571543592959642,0.0,-0.09024809300899506,0.1060492051358272,0.15856725315911913,-0.11741048044322361,0.012271846303085088,0.1349903093339364,-0.16413594430376355,-0.11811652066719436,-0.09890426351047577,0.003796091123087833,0.06020022380902295,0.1081095117762674,0.23180154128049668,-0.00422696928217365,-0.19348611004530908
26.014857226999993,0.1601402731635291,-0.016681022107378755,0.23234695667174513,-0.025089107997418487,-0.7406741013150936,-0.0459052247709637,0.02244255433247114,-0.9986936677949658,1.0,1.0,0.07727426872588694,0.17376557737588882,-0.1637080181390047,0.0,0.1604907065629959,-0.17828275449573994,-0.17947963252663612,-0.009106671437621117,0.12794654071331024,0.10667385067790747,0.14266706444323063,0.10576961655169725,0.0,-0.08628961630165577,0.1060492051358272,0.15856725315911913,-0.12661436517053754,0.012271846303085088,0.13805827090970757,-0.16413594430376355,-0.12118448224296552,-0.0943023211468188,0.014533956638287118,0.06173420459690875,0.1081095117762674,0.2195296949774116,-0.00422696928217365,-0.1873501868937663
26.035083497000187,0.1601402731635291,-0.016681022107378755,0.2181661564992912,-0.05999569303730508,-0.6523168079328807,-0.04794573140131898,0.01734207306005155,-0.9986993838700274,1.0,1.0,0.07353841350413859,0.1764587163925171,-0.1656640786677599,0.0,0.16305489838123322,-0.1801051963120699,-0.17928697913885117,-0.004462758079171181,0.1293342113494873,0.10823953058570623,0.14349867776036263,0.1039343299344182,0.0,-0.07858709804713726,0.10144726277217024,0.15856725315911913,-0.1296823267463087,0.012271846303085088,0.14112623248547917,-0.1672039058795347,-0.12271846303085132,-0.08816639799527604,0.025271822153486848,0.06787012774845153,0.1081095117762674,0.2087918294622123,-0.00422696928217365,-0.18121426374222355
26.055121049000036,0.1601402731635291,-0.016681022107378755,0.2181661564992912,-0.05999569303730508,-0.6523168079328807,-0.04794573140131898,0.01734207306005155,-0.9986993838700274,1.0,1.0,0.0714074729476124,0.18008246272802353,-0.15581794269382954,0.0,0.15648674964904785,-0.1808948554098606,-0.18194255232810974,-0.004727360792458057,0.13503114879131317,0.11793206539005041,0.14895506389439106,0.10054883826524019,0.0,-0.06871498562395573,0.09837930119639908,0.15856725315911913,-0.1312163075341945,0.012271846303085088,0.14419419406125034,-0.1672039058795347,-0.12578642460662248,-0.08203047484373371,0.037543668456571935,0.07554003168787965,0.1081095117762674,0.19805396394701258,-0.00422696928217365,-0.17354435980279542
26.07508886100004,0.1601402731635291,-0.016681022107378755,0.10799224746714914,-0.136353847812057,-0.3076142806640006,-0.05303789714210349,0.010199595604250671,-0.9985404096561408,1.0,1.0,0.06067343265749514,0.17590374499559402,-0.1465225089341402,0.0,0.13726475834846497,-0.18840791285037994,-0.16822032257914543,0.012370406650006771,0.1385638415813446,0.10405623074620962,0.163604274392128,0.09931824821978807,0.0,-0.05530809238553047,0.09377735883274212,0.16010123394700493,-0.13428426910996566,0.012271846303085088,0.1472621556370215,-0.1672039058795347,-0.12885438618239364,-0.07589455169219095,0.04981551475965702,0.08474391641519358,0.1081095117762674,0.1873160984318133,-0.00422696928217365,-0.1643404750754815
26.095141468000065,0.1601402731635291,-0.016681022107378755,0.2203478180642841,-0.24870941840919197,0.003272492347489368,-0.05710680513536734,0.006118586264503643,-0.9983493254915111,1.0,1.0,0.061739700147882104,0.18717088550329208,-0.14796914346516132,0.0,0.139354407787323,-0.19769030902534723,-0.1802041493356228,0.020991899073123932,0.13566581904888153,0.1147592207416892,0.15428753942251205,0.09572377521544695,0.0,-0.04244652856141329,0.08917541646908515,0.1647031763106619,-0.14042019226150798,0.010737865515199285,0.15033011721279266,-0.1672039058795347,-0.1349903093339364,-0.06822464775276282,0.06208736106274211,0.0908798395667359,0.1096434925641532,0.1750442521287282,-0.00422696928217365,-0.155136590348168
26.1151799820002,0.1601402731635291,-0.016681022107378755,0.284706834231575,-0.28361600344907856,0.07853981633974483,-0.06225121803610779,-0.0,-0.998060512119892,1.0,1.0,0.06531717465259135,0.1875367909669876,-0.15866929478943348,0.0,0.14882230758666992,-0.19114683009684086,-0.18927819654345512,0.02998761460185051,0.13037270307540894,0.1190949222072959,0.144957372918725,0.0900435196235776,0.0,-0.03620525263249874,0.08457347410542819,0.1693051186743184,-0.14655611541305075,0.010737865515199285,0.15493205957644962,-0.17180584824319167,-0.14112623248547917,-0.0605547438133347,0.0728252265779414,0.09548178193039286,0.11271145413992437,0.16277240582564312,-0.00422696928217365,-0.14439872483296828
26.135408142000188,0.1601402731635291,-0.016681022107378755,0.284706834231575,-0.28361600344907856,0.07853981633974483,-0.06225121803610779,-0.0,-0.998060512119892,1.0,1.0,0.06042594672180712,0.18605149537324905,-0.14803373999893665,0.0,0.1394105851650238,-0.19793972373008728,-0.19231227040290833,0.04112587869167328,0.14051829278469086,0.11696048732846975,0.15837965533137321,0.08915380109101534,0.0,-0.016811884939670563,0.07997153174177123,0.1708390994622042,-0.1511580577767077,0.010737865515199285,0.15800002115222123,-0.1794757521826198,-0.14419419406125034,-0.05135085908602077,0.08509707288102648,0.10008372429404983,0.11577941571569553,0.1535685210983292,-0.00422696928217365,-0.133660859317769
26.155413268000075,0.1601402731635291,-0.016681022107378755,0.21707532571679475,-0.26398104936414235,0.12762720155208535,-0.06834639220388143,-0.004080381624112324,-0.9976533070954633,1.0,1.0,0.05177978635765612,0.18423959612846375,-0.1308692116290331,0.0,0.12480740249156952,-0.1996991503983736,-0.19112936407327652,0.05202329903841019,0.14556483924388885,0.11997711565345526,0.16473360359668732,0.08531274367123842,0.0,-0.003435976803302765,0.07690357016600007,0.1708390994622042,-0.15422601935247887,0.010737865515199285,0.1610679827279924,-0.1825437137583914,-0.1487961364249073,-0.04061299357082104,0.09736891918411157,0.10621964744559259,0.12038135807935249,0.14436463637101526,-0.00422696928217365,-0.12292299380256926
26.175370950000115,0.1601402731635291,-0.016681022107378755,-0.08944812416470939,-0.20507618710933373,0.4428772976935611,-0.07654037567062434,-0.0010205383422749914,-0.9970659604026665,1.0,1.0,0.0033676899038255215,0.15479283779859543,-0.10459725745022297,0.0,0.07910662889480591,-0.20316341146826744,-0.1233966127038002,0.06072016805410385,0.13496515154838562,0.07043999340385199,0.19931404292583466,0.08877221215516329,0.0,-0.014478079974651337,0.0738356085902289,0.1708390994622042,-0.15422601935247887,0.012271846303085088,0.16260196351587775,-0.18561167533416256,-0.15339807878856426,-0.031409108843507116,0.1081067846993113,0.11235557059713491,0.1219153388672383,0.13669473243158714,-0.00422696928217365,-0.10911716671159881
26.19558587000006,0.1601402731635291,-0.016681022107378755,-0.12544553998709243,-0.24652775684419906,0.7461282552275759,-0.08161001035918455,0.0020402502589796138,-0.9966622515115412,1.0,1.0,-0.007151806494221091,0.15905100107192993,-0.10049072094261646,0.0,0.0688789039850235,-0.22588356025516987,-0.09254972636699677,0.059269703924655914,0.11651381850242615,0.056198871694505215,0.19221073389053345,0.09313216526061296,0.0,-0.01817154511809349,0.06923366622657194,0.17237308025009002,-0.15422601935247887,0.012271846303085088,0.16260196351587775,-0.19021361769781953,-0.16260196351587775,-0.01913726254042203,0.11424270785085362,0.11235557059713491,0.12498330044300945,0.12902482849215902,-0.00422696928217365,-0.09531133962062792
26.21562955100012,0.1601402731635291,-0.016681022107378755,-0.04036073895236887,-0.22580197197676638,0.815941425307349,-0.085747862880244,0.004083231565725905,-0.9963085020371207,1.0,1.0,-0.010376054560765624,0.15545333921909332,-0.10177105106413364,0.0,0.07038873434066772,-0.23593314923346043,-0.08979048952460289,0.06765187531709671,0.12066426873207092,0.05493221338838339,0.1901087909936905,0.09186723548918962,0.0,-0.011995702981948853,0.05696181992348685,0.17237308025009002,-0.15422601935247887,0.01380582709097089,0.16413594430376355,-0.1948155600614765,-0.1687378866674205,-0.008399397025222743,0.12037863100239639,0.10621964744559259,0.12805126201878106,0.12288890534061626,-0.00422696928217365,-0.08150551252965703
26.23606918900009,0.1601402731635291,-0.016681022107378755,-0.18544123302439752,-0.2683443724941282,0.9708393964218458,-0.09080701371072715,0.01020303524839631,-0.9958162402434798,1.0,1.0,-0.0383719892706722,0.13288986589759588,-0.12356406636536121,0.0,0.049909718334674835,-0.24898715317249298,-0.04590792953968048,0.05566144734621048,0.083988256752491,0.004445309721631929,0.19027738273143768,0.13464265037328005,0.0,-0.02625003457069397,0.038554050468859,0.1708390994622042,-0.1511580577767077,0.01380582709097089,0.16413594430376355,-0.2024854640009046,-0.17333982903107747,0.005406430065748147,0.12651455415393914,0.09548178193039286,0.13265320438243758,0.1182869629769593,-0.002692988494288291,-0.06769968543868614
26.25597076100007,0.1601402731635291,-0.016681022107378755,-0.18544123302439752,-0.2683443724941282,0.9708393964218458,-0.09080701371072715,0.01020303524839631,-0.9958162402434798,1.0,1.0,-0.042976626893505454,0.12430232670158148,-0.13758118636906147,0.0,0.053093746304512024,-0.270520843565464,-0.019839636981487274,0.014818589203059673,0.04186796769499779,-0.03239447344094515,0.17204704880714417,0.17810260225087404,0.0,-0.06409554369747639,0.02168026180211695,0.1693051186743184,-0.1434881538372796,0.01380582709097089,0.16413594430376355,-0.21322332951610434,-0.17333982903107747,0.017678276368833234,0.1280485349418245,0.08014197405153661,0.14032310832186615,0.11368502061330234,-0.002692988494288291,-0.05542783913560105
26.27592661000017,0.1601402731635291,-0.016681022107378755,-0.27598018797160334,-0.13308135546456762,1.2282754610910094,-0.09593649950052874,0.024494425404390313,-0.9950860320533566,1.0,1.0,-0.05618832795880735,0.11977811972610652,-0.17083791084587574,0.0,0.0650080218911171,-0.25809910148382187,0.023142874240875244,-0.020464301109313965,-0.029389075934886932,-0.09323946479707956,0.16317762061953545,0.2532714353874326,0.0,-0.14158698916435242,0.007874434711146502,0.16623715709854725,-0.13735223068573682,0.015339807878856249,0.16413594430376355,-0.22242721424341783,-0.17333982903107747,0.02841614188403252,0.1280485349418245,0.06633614696056572,0.14952699304917963,0.11215103982541698,-0.002692988494288291,-0.044689973620401766
26.296109900000147,0.1601402731635291,-0.016681022107378755,-0.34143003492139073,-0.08617563181722002,1.174824752748683,-0.09692167141413949,0.03366752796491161,-0.9947224171451157,1.0,0.0,-0.05138343735598028,0.1153599675744772,-0.1478371936827898,0.0,0.09382757544517517,-0.27437328547239304,0.003403782844543457,-0.03990147262811661,-0.03398171439766884,-0.09920767787843943,0.15463536977767944,0.29339020419865847,0.0,-0.1771852672100067,-0.00746537316771019,0.16010123394700493,-0.1281483459584229,0.015339807878856249,0.1610679827279924,-0.23316507975861755,-0.17333982903107747,0.03762002661134645,0.1280485349418245,0.0448604159301667,0.1571968969886082,0.11061705903753118,-0.0011590077064024887,-0.03702006968097364
26.31613574800008,0.1601402731635291,-0.016681022107378755,-0.4068798818711781,-0.0818123086872342,1.162825614141222,-0.09799280942471741,0.043892612554821346,-0.9942187122882788,1.0,0.0,-0.06465032114647329,0.10089557990431786,-0.1299798060208559,0.0,0.09724289178848267,-0.265759639441967,-0.013595208525657654,-0.01706070639193058,-0.0038601409178227186,-0.09748087916523218,0.1675141267478466,0.2760350601747632,0.0,-0.16628724336624146,-0.02127120025868108,0.15243133000757636,-0.1158764996553378,0.015339807878856249,0.15339807878856426,-0.24083498369804568,-0.1672039058795347,0.04375594976288921,0.12498057336605335,0.018782742536110723,0.16333282014015052,0.10908307824964582,0.0003749730814833138,-0.033952108105202036
26.33631400100012,0.1601402731635291,-0.016681022107378755,-0.4068798818711781,-0.0818123086872342,1.162825614141222,-0.09799280942471741,0.043892612554821346,-0.9942187122882788,1.0,0.0,-0.07233967049978673,0.10678730439394712,-0.12697971053421497,0.0,0.0959966778755188,-0.2641785368323326,-0.022447384893894196,-0.01654236391186714,-0.0036675992887467146,-0.09767785761505365,0.16855687275528908,0.26288967300206423,0.0,-0.15889768302440643,-0.030475084985994563,0.14476142606814824,-0.11127455729168084,0.015339807878856249,0.1457281748491357,-0.24697090684958845,-0.15800002115222123,0.04682391133866037,0.11884465021451059,-0.007294930857945255,0.16640078171592168,0.10294715509810305,-0.0011590077064024887,-0.03241812731731668
26.356358590000127,0.1601402731635291,-0.016681022107378755,-0.25634523388666713,-0.11344640137963143,1.174824752748683,-0.09897006008982064,0.05101549489166013,-0.9937818404895393,1.0,0.0,-0.0712479071225971,0.11672538984566927,-0.12825343199074268,0.0,0.1085323691368103,-0.25036823004484177,-0.048209063708782196,-0.0011568274348974228,-0.003923427779227495,-0.09593217168003321,0.16014529392123222,0.27699943352490664,0.0,-0.16374695301055908,-0.03967896971330849,0.1386255029166059,-0.10974057650379548,0.01687378866674205,0.13805827090970757,-0.25310683000113077,-0.1457281748491357,0.04682391133866037,0.1081067846993113,-0.028770661888343825,0.16946874329169329,0.10448113588598885,-0.0011590077064024887,-0.030884146529430875
26.37630243900003,0.1601402731635291,-0.016681022107378755,-0.15817046346198613,-0.07090400086226964,1.241365430480967,-0.09900748156641087,0.06226243686135117,-0.9931369027228638,1.0,0.0,-0.07481485023163259,0.10852007661014795,-0.13745752163231373,0.0,0.10352873802185059,-0.2283917311578989,-0.06418338418006897,0.016448210924863815,0.00477581238374114,-0.08760673645883799,0.15145375952124596,0.2807641224935651,0.0,-0.1755652278661728,-0.047348873652736614,0.129421618189292,-0.10974057650379548,0.01687378866674205,0.1334563285460506,-0.25464081078901657,-0.12885438618239364,0.04682391133866037,0.09736891918411157,-0.04871241213085748,0.17100272407957864,0.11215103982541698,-0.0011590077064024887,-0.03548608889308784
26.39653330200008,0.1601402731635291,-0.016681022107378755,-0.15817046346198613,-0.07090400086226964,1.241365430480967,-0.09900748156641087,0.06226243686135117,-0.9931369027228638,1.0,0.0,-0.08100789948366582,0.10874424315989017,-0.13322626240551472,0.0,0.1026611328125,-0.22725693322718143,-0.07398228347301483,0.023124035447835922,0.008426766842603683,-0.09117565397173166,0.15680725499987602,0.286631871946156,0.0,-0.17701728641986847,-0.05501877759216518,0.12175171424986386,-0.10974057650379548,0.01687378866674205,0.13038836697027945,-0.25617479157690193,-0.1135145783035374,0.04682391133866037,0.08509707288102648,-0.06098425843394257,0.17253670486746445,0.12595686691638786,-0.0011590077064024887,-0.046223954408287124
26.416473244000144,0.1601402731635291,-0.016681022107378755,0.016362461737446838,0.06217735460229799,0.559596191420682,-0.09596164177625575,0.06431471736068205,-0.9933050792372005,1.0,0.0,-0.06337304576300085,0.12558370968326926,-0.14876127429306507,0.0,0.09467469155788422,-0.20159016083925962,-0.08488985896110535,0.0009449189528822899,0.0050306725315749645,-0.07007371727377176,0.13346427213400602,0.28794433642178774,0.0,-0.18932487070560455,-0.061154700743707505,0.1156157910983211,-0.10974057650379548,0.01687378866674205,0.13038836697027945,-0.25464081078901657,-0.09817477042468115,0.04375594976288921,0.0728252265779414,-0.07018814316125649,0.17253670486746445,0.1412966747952441,-0.0011590077064024887,-0.06309774307502918
26.436638868000045,0.1601402731635291,-0.016681022107378755,0.016362461737446838,0.06217735460229799,0.559596191420682,-0.09596164177625575,0.06431471736068205,-0.9933050792372005,1.0,0.0,-0.07295257761143148,0.12045347038656473,-0.14943535812199116,0.0,0.09859170019626617,-0.20130987744778395,-0.09478267282247543,0.008037078194320202,0.004285391885787249,-0.06054466310888529,0.1339645516127348,0.2952702837064862,0.0,-0.1928146332502365,-0.06729062389525027,0.11101384873466413,-0.10974057650379548,0.01687378866674205,0.13038836697027945,-0.25310683000113077,-0.08283496254582445,0.03915400739923225,0.06055338027485631,-0.07479008552491345,0.16793476250380748,0.15970444424987196,-0.0011590077064024887,-0.08150551252965703
26.456678882000006,0.1601402731635291,-0.016681022107378755,0.2825251726665821,0.15162547876700738,0.2716168648416175,-0.09286096218600547,0.05918610776690457,-0.993918430430432,1.0,0.0,-0.062192963203415275,0.1479237712919712,-0.16879813559353352,0.0,0.11440643668174744,-0.18832197971642017,-0.11140672117471695,-0.010123483836650848,-0.01653287000954151,-0.020664791576564312,0.10147500224411488,0.27103297878056765,0.0,-0.203270822763443,-0.06882460468313563,0.10947986794677877,-0.11127455729168084,0.01687378866674205,0.13038836697027945,-0.2485048876374738,-0.07056311624273937,0.034552065035575286,0.05134949554754238,-0.07939202788856997,0.15873087777649356,0.17964619449238517,-0.0011590077064024887,-0.09531133962062792
26.476664287000176,0.1601402731635291,-0.016681022107378755,0.25743606466916363,0.19525871006686563,0.3010692959690218,-0.08471955135938233,0.04899443934036569,-0.995199549101178,1.0,0.0,-0.07565159513615072,0.13182334136217833,-0.18033173866569996,0.0,0.13231851160526276,-0.18455538526177406,-0.11236346885561943,-0.0009710704907774925,-0.029280876740813255,0.0058101441245526075,0.09871955402195454,0.2626569466665387,0.0,-0.20353561639785767,-0.07035858547102143,0.10947986794677877,-0.11434251886745245,0.01687378866674205,0.13038836697027945,-0.24236896448593148,-0.05982525072754008,0.02841614188403252,0.0421456108202289,-0.07939202788856997,0.15259495462495123,0.19958794473489838,-0.0011590077064024887,-0.11218512828736997
26.497172109000076,0.1601402731635291,-0.016681022107378755,0.25743606466916363,0.19525871006686563,0.3010692959690218,-0.08471955135938233,0.04899443934036569,-0.995199549101178,1.0,0.0,-0.07226292206905782,0.1282459544017911,-0.185716750100255,0.0,0.14510099589824677,-0.1832033433020115,-0.10962726920843124,-0.003898768685758114,-0.037989817559719086,0.026073033921420574,0.08361760526895523,0.24762794841080904,0.0,-0.2080148458480835,-0.07035858547102143,0.10794588715889297,-0.11894446123110897,0.01687378866674205,0.13038836697027945,-0.23623304133438872,-0.052155346788111956,0.022280218732490198,0.03447570688080033,-0.07018814316125649,0.14645903147340847,0.21492775261375463,-0.0011590077064024887,-0.12905891695411204
26.51694486800011,0.1601402731635291,-0.016681022107378755,0.1407171709420428,0.20616701789183017,0.10471975511965978,-0.07755905614940203,0.0438820975582143,-0.9960215631817945,1.0,0.0,-0.06513185217045248,0.11377901770174503,-0.1983440387994051,0.0,0.12725022435188293,-0.16913197934627533,-0.0919124074280262,-0.020645786076784134,-0.0431499220430851,0.007902020588517189,0.08356157690286636,0.2649181680753827,0.0,-0.20735372602939606,-0.07035858547102143,0.10794588715889297,-0.12354640359476593,0.01687378866674205,0.13038836697027945,-0.2300971181828464,-0.04601942363656919,0.019212257156719037,0.02833978372925801,-0.0548483352823998,0.14032310832186615,0.22719959891684016,-0.0011590077064024887,-0.14286474404508293
26.537095103000183,0.1601402731635291,-0.016681022107378755,0.1407171709420428,0.20616701789183017,0.10471975511965978,-0.07755905614940203,0.0438820975582143,-0.9960215631817945,1.0,0.0,-0.06014986499212682,0.10909145791083574,-0.20148019678890705,0.0,0.13181717693805695,-0.17440112680196762,-0.08792353048920631,-0.0257928054779768,-0.05179312080144882,-0.0034597888588905334,0.07480813935399055,0.2702171700075269,0.0,-0.21256911754608154,-0.06882460468313563,0.10794588715889297,-0.1296823267463087,0.01687378866674205,0.1349903093339364,-0.22396119503130363,-0.04448544284868339,0.016144295580947432,0.01913589900194408,-0.03644056582777239,0.13265320438243758,0.2410054260078106,-0.0011590077064024887,-0.15667057113605337
26.55718859800004,0.1601402731635291,-0.016681022107378755,0.16144295580947549,0.26616271092913524,0.11562806294462433,-0.07241995408576367,0.0407999741328246,-0.9965393681942408,1.0,0.0,-0.05919146700762212,0.10055895335972309,-0.2193755228072405,0.0,0.14408496022224426,-0.1722860485315323,-0.09004268050193787,-0.018296876922249794,-0.04994324967265129,0.011064561549574137,0.06132609397172928,0.24048412311822176,0.0,-0.2080903798341751,-0.06422266231947867,0.10794588715889297,-0.13735223068573682,0.01687378866674205,0.14112623248547917,-0.2162912910918755,-0.04295146206079803,0.014610314793062074,0.0053300719109731914,-0.024168719524687306,0.12498330044300945,0.25174329152301034,-0.002692988494288291,-0.16894241743913846
26.577135336000083,0.1601402731635291,-0.016681022107378755,-0.009817477042468103,0.1407171709420428,-0.5083271446433485,-0.06734672840496704,0.03979579405748052,-0.9969356613886787,1.0,1.0,-0.03681869595311582,0.0950881615281105,-0.2114254254847765,0.0,0.14462582767009735,-0.1613583192229271,-0.0857958160340786,-0.04660775884985924,-0.047819871455430984,-0.009971634484827518,0.062035758048295975,0.2473768489435315,0.0,-0.21217791736125946,-0.06268868153159331,0.10794588715889297,-0.1434881538372796,0.01687378866674205,0.1487961364249073,-0.20862138715244738,-0.04295146206079803,0.011542353217290469,-0.005407793604226094,-0.014964834797373379,0.11731339650358133,0.25941319546243846,-0.002692988494288291,-0.1796802829543382
26.597233165000034,0.1601402731635291,-0.016681022107378755,-0.009817477042468103,0.1407171709420428,-0.5083271446433485,-0.06734672840496704,0.03979579405748052,-0.9969356613886787,1.0,1.0,-0.03998595639131963,0.08649180084466934,-0.22068421728909016,0.0,0.14435921609401703,-0.16449417173862457,-0.08287407830357552,-0.04053362458944321,-0.043989717960357666,-0.00591844879090786,0.05733732134103775,0.2326845871284604,0.0,-0.2081773728132248,-0.06268868153159331,0.10947986794677877,-0.1511580577767077,0.01687378866674205,0.15186409800067846,-0.20401944478879042,-0.04295146206079803,0.008474391641519308,-0.013077697543654218,-0.010362892433716415,0.1081095117762674,0.2624811570382096,-0.002692988494288291,-0.18888416768165212
26.61728817900007,0.1601402731635291,-0.016681022107378755,-0.022907446432425576,0.16253378659197193,-0.42542400517361784,-0.06118856702982346,0.038752759118888196,-0.9973736425861225,1.0,1.0,-0.03147754236124456,0.08152473345398903,-0.22238901443779469,0.0,0.15933525562286377,-0.16837719827890396,-0.08777547255158424,-0.03741736710071564,-0.03215264156460762,-0.00945459958165884,0.05457182228565216,0.2118675010278821,0.0,-0.1946864128112793,-0.061154700743707505,0.10947986794677877,-0.15576000014036467,0.01687378866674205,0.15339807878856426,-0.1963495408493623,-0.04448544284868339,0.002338468489976986,-0.020747601483082787,-0.008828911645830613,0.09430368468529651,0.2640151378260954,-0.002692988494288291,-0.19348611004530908
26.637354877999996,0.1601402731635291,-0.016681022107378755,-0.022907446432425576,0.16253378659197193,-0.42542400517361784,-0.06118856702982346,0.038752759118888196,-0.9973736425861225,1.0,1.0,-0.024489419301971793,0.07724617421627045,-0.23077468760311604,0.0,0.17443637549877167,-0.1770537979900837,-0.09184292331337929,-0.02266034111380577,-0.005984004586935043,0.0020720376633107662,0.06103689968585968,0.17331201303750277,0.0,-0.18377546966075897,-0.0596207199558217,0.1156157910983211,-0.161895923291907,0.01687378866674205,0.15339807878856426,-0.19021361769781953,-0.04908738521234035,-0.0022634738736799775,-0.02841750542251091,-0.008828911645830613,0.08509979995798303,0.2655491186139808,-0.002692988494288291,-0.19655407162108024
26.65753131600013,0.1601402731635291,-0.016681022107378755,-0.17780541754692233,0.05890486225480862,-0.3239767424014474,-0.06124330440481109,0.041849591343287584,-0.9972451400583406,1.0,1.0,-0.029360355576500297,0.07921764999628067,-0.2158456314355135,0.0,0.17172138392925262,-0.17438574880361557,-0.08417032286524773,-0.030215460807085037,-0.018493816256523132,-0.028780643828213215,0.06693343073129654,0.19049224723130465,0.0,-0.18944205343723297,-0.05655275838005054,0.1140818103104353,-0.16649786565556396,0.01687378866674205,0.15339807878856426,-0.1810097329705056,-0.053689327575997314,-0.006865416237336941,-0.03148546699828207,-0.008828911645830613,0.07742989601855446,0.2655491186139808,-0.002692988494288291,-0.1996220331968514
26.677473758000133,0.1601402731635291,-0.016681022107378755,0.11780972450961724,0.12435470920459599,-0.47669305195095124,-0.0571231137058454,0.03876211287182366,-0.9976143786485141,1.0,1.0,-0.00574727519415319,0.0912542287260294,-0.23579816706478596,0.0,0.2221439778804779,-0.19581597764045,-0.11975057050585747,-0.0018703648820519447,0.04653354734182358,0.021771821193397045,0.07597731426358223,0.1196508826687932,0.0,-0.14721069484949112,-0.05195081601639358,0.10947986794677877,-0.17109980801922092,0.01687378866674205,0.15646604036433542,-0.17794177139473444,-0.05675728915176892,-0.011467358600993904,-0.033019447786167874,-0.008828911645830613,0.06975999207912634,0.2624811570382096,-0.002692988494288291,-0.2011560139847372
26.697623012000122,0.1601402731635291,-0.016681022107378755,0.11780972450961724,0.12435470920459599,-0.47669305195095124,-0.0571231137058454,0.03876211287182366,-0.9976143786485141,1.0,1.0,-0.005060321884229779,0.10467944853007793,-0.23480007238686085,0.0,0.21393755078315735,-0.19305610470473766,-0.12013258598744869,0.017724018543958664,0.06386630982160568,-0.011364525184035301,0.11465004598721862,0.12419768888503313,0.0,-0.13250218331813812,-0.047348873652736614,0.10334394479523601,-0.17570175038287789,0.01687378866674205,0.15800002115222123,-0.17640779060684864,-0.05982525072754008,-0.016069300964650868,-0.033019447786167874,-0.010362892433716415,0.06515804971546937,0.2532772723108957,-0.002692988494288291,-0.20268999477262256
26.717630564000046,0.1601402731635291,-0.016681022107378755,0.22143864884678055,-0.008726646259971648,-0.35561083509384467,-0.05612390995003241,0.029592607064562543,-0.9979851623842126,1.0,1.0,0.002863403409719467,0.12622214201837778,-0.2338100541383028,0.0,0.22825410962104797,-0.20357150584459305,-0.1442083944566548,0.021422959864139557,0.08054939657449722,0.000808503944426775,0.12009796872735023,0.12686858046799898,0.0,-0.10826960951089859,-0.04121295050119429,0.10027598321946485,-0.18183767353442065,0.015339807878856249,0.16260196351587775,-0.17640779060684864,-0.05982525072754008,-0.01760328175253667,-0.033019447786167874,-0.007294930857945255,0.06362406892758402,0.24867532994723873,-0.00422696928217365,-0.20422397556050836
26.737727596000013,0.1601402731635291,-0.016681022107378755,0.22143864884678055,-0.008726646259971648,-0.35561083509384467,-0.05612390995003241,0.029592607064562543,-0.9979851623842126,1.0,1.0,0.0046630678698420525,0.13001650478690863,-0.24536061473190784,0.0,0.23013070225715637,-0.20088696479797363,-0.15085244923830032,0.024001378566026688,0.08115575462579727,0.0004580114036798477,0.12222513429878745,0.11678816843777895,0.0,-0.10342462360858917,-0.03354304656176617,0.10027598321946485,-0.18643961589807717,0.015339807878856249,0.1672039058795347,-0.17640779060684864,-0.05982525072754008,-0.01913726254042203,-0.03148546699828207,-0.005760950070059452,0.06209008813969821,0.23793746443203945,-0.00422696928217365,-0.20422397556050836
26.75802366200014,0.16132152085640467,-0.016681022107378755,0.29888763440402893,-0.031634092692397225,-0.40033489717619936,-0.05613302898357626,0.023473812120404617,-0.9981473153806831,1.0,1.0,0.015971297631040215,0.1433362253010273,-0.25396704860031605,0.0,0.23238953948020935,-0.1973922774195671,-0.16106546483933926,0.02531559020280838,0.08710917085409164,0.015587433241307735,0.12493052706122398,0.11403923202306032,0.0,-0.08844130486249924,-0.02433916183445224,0.10027598321946485,-0.19257553904961994,0.01380582709097089,0.17487380981896328,-0.17487380981896328,-0.05982525072754008,-0.01913726254042203,-0.025349543846739306,-0.00422696928217365,0.06209008813969821,0.22719959891684016,-0.00422696928217365,-0.20422397556050836
26.777771681000104,0.16132152085640467,-0.016681022107378755,0.0719948316447661,0.1407171709420428,-1.0101093045917182,-0.05303268375499156,0.017337608150670317,-0.9984422576180142,0.0,1.0,0.01848794729448855,0.14415459148585796,-0.2346372175961733,0.0,0.2199362814426422,-0.1766913142055273,-0.13637071708217263,0.0037724031135439873,0.10199237614870071,0.016048411838710308,0.15544559061527252,0.09406296629458666,0.0,-0.10387090593576431,-0.02127120025868108,0.10027598321946485,-0.1987114622011627,0.01380582709097089,0.18407769454627676,-0.17333982903107747,-0.05829126993965428,-0.01760328175253667,-0.01767963990731118,-0.00422696928217365,0.06209008813969821,0.21646173340164043,-0.00422696928217365,-0.2011560139847372
26.79806719200019,0.16132152085640467,-0.016681022107378755,0.0719948316447661,0.1407171709420428,-1.0101093045917182,-0.05303268375499156,0.017337608150670317,-0.9984422576180142,0.0,1.0,0.022981569403782487,0.15486066415905952,-0.22844591923058033,0.0,0.21361956000328064,-0.18502715229988098,-0.13640501210466027,0.013902693055570126,0.10534847527742386,0.014592788182199001,0.15785785391926765,0.09372552949935198,0.0,-0.09506737440824509,-0.013601296319252512,0.10027598321946485,-0.20484738535270502,0.012271846303085088,0.19174759848570533,-0.17333982903107747,-0.05829126993965428,-0.01760328175253667,-0.010009735967883057,-0.00422696928217365,0.06362406892758402,0.2072578486743265,-0.00422696928217365,-0.19348611004530908
26.81803370800003,0.16250276854928017,-0.016681022107378755,0.028361600344907856,0.038179077387375956,-0.6206827152404835,-0.05099925136708418,0.016319760437466937,-0.9985653417675082,0.0,1.0,0.02191739738918841,0.15322201699018478,-0.23020069487392902,0.0,0.2136228382587433,-0.1906503438949585,-0.12911448255181313,0.02729141339659691,0.10546427220106125,-0.0025586606934666634,0.16761283949017525,0.08995710778981447,0.0,-0.0891309380531311,-0.005931392379824388,0.1018099640073502,-0.21405127008001895,0.012271846303085088,0.19788352163724765,-0.17180584824319167,-0.06289321230331124,-0.014535320176765065,0.000728129547316228,-0.00422696928217365,0.06669203050335518,0.19958794473489838,-0.00422696928217365,-0.1858162061058805
26.838070612000138,0.16250276854928017,-0.016681022107378755,0.028361600344907856,0.038179077387375956,-0.6206827152404835,-0.05099925136708418,0.016319760437466937,-0.9985653417675082,0.0,1.0,0.027543181786313653,0.15963755920529366,-0.21592274494469166,0.0,0.20997682213783264,-0.1895965151488781,-0.12860466353595257,0.025449074804782867,0.11127717792987823,-0.0020081489346921444,0.174580629914999,0.08514334727078676,0.0,-0.0790159348398447,0.0017385115596037365,0.10794588715889297,-0.22018719323156172,0.009203884727313927,0.2024854640009046,-0.17180584824319167,-0.06902913545485401,-0.011467358600993904,0.012999975850401316,-0.00422696928217365,0.07129397286701214,0.1888500792196991,-0.00422696928217365,-0.17814630216645239
26.858422918000088,0.16250276854928017,-0.016681022107378755,0.05781403147231216,-0.02181661564992912,-0.38069994309126315,-0.05201812698581151,0.014279485839242375,-0.9985440454727347,0.0,1.0,0.02797717251814902,0.16937141120433807,-0.2171784359961748,0.0,0.2063312530517578,-0.19709313660860062,-0.133789686486125,0.0364212729036808,0.1173005923628807,-0.0010102791711688042,0.17094754055142403,0.07283732388168573,0.0,-0.06345373950898647,0.007874434711146502,0.1156157910983211,-0.22632311638310404,0.007669903939428124,0.20708740636456158,-0.17180584824319167,-0.07669903939428213,-0.009933377813108546,0.022203860577715243,-0.00422696928217365,0.07742989601855446,0.176578232916614,-0.00422696928217365,-0.16894241743913846
26.878273473000036,0.1636840162421559,-0.016681022107378755,0.10144726277217041,-0.031634092692397225,-0.4439681284760576,-0.051004345704382385,0.008160695312701182,-0.9986650888918072,0.0,1.0,0.03636151016689837,0.17784684151411057,-0.2095716018229723,0.0,0.19964727759361267,-0.19322357699275017,-0.14106964180245996,0.03363312408328056,0.12442265450954437,0.010070779360830784,0.17361567541956902,0.07065701577812433,0.0,-0.050918832421302795,0.010942396286917663,0.12328569503774922,-0.230925058746761,0.006135923151542766,0.21015536794033274,-0.17333982903107747,-0.08590292412159606,-0.006865416237336941,0.03447570688080033,-0.002692988494288291,0.08509979995798303,0.16430638661352848,-0.00422696928217365,-0.15973853271182498
26.898239582000087,0.1636840162421559,-0.016681022107378755,0.10144726277217041,-0.031634092692397225,-0.4439681284760576,-0.051004345704382385,0.008160695312701182,-0.9986650888918072,0.0,1.0,0.037210686365142465,0.17993688955903053,-0.19482256658375263,0.0,0.18680846691131592,-0.18696048483252525,-0.14291406492702663,0.041125137358903885,0.13422727584838867,0.00789872370660305,0.1789831630885601,0.05802908632904291,0.0,-0.042185502126812935,0.015544338650574627,0.12788763740140618,-0.2293910779588752,0.006135923151542766,0.21168934872821854,-0.17487380981896328,-0.09203884727313838,-0.0053314354494515825,0.04674755318388542,-0.002692988494288291,0.09430368468529651,0.15050055952255803,-0.00422696928217365,-0.14746668640873944
26.918294189000108,0.16486526393503143,-0.007493540051679579,0.14835298641951802,-0.04799655442984406,-0.4232423436086249,-0.05202340407553178,0.0010200667465790545,-0.9986453449008944,0.0,1.0,0.04169186041690409,0.19046443700790405,-0.17424331791698933,0.0,0.16762270033359528,-0.18776876479387283,-0.14937474206089973,0.039288245141506195,0.1383104920387268,0.01560466643422842,0.17769482731819153,0.0493628503754735,0.0,-0.035314349457621574,0.018612300226345788,0.13402356055294895,-0.22632311638310404,0.010737865515199285,0.21168934872821854,-0.1794757521826198,-0.09664078963679534,-0.0007294930857946191,0.05748541869908515,-0.002692988494288291,0.10043960783683928,0.13669473243158714,-0.00422696928217365,-0.13672882089354016
26.93835076000005,0.16486526393503143,-0.007493540051679579,0.14835298641951802,-0.04799655442984406,-0.4232423436086249,-0.05202340407553178,0.0010200667465790545,-0.9986453449008944,0.0,1.0,0.03828038484789431,0.18558365106582642,-0.14007890410721302,0.0,0.1377791315317154,-0.1838701982051134,-0.15690029971301556,0.05031954497098923,0.1483934074640274,0.014834695495665073,0.18509230017662048,0.03534098993986845,0.0,-0.027264080941677094,0.02014628101423159,0.14169346449237707,-0.22172117401944708,0.010737865515199285,0.21168934872821854,-0.1825437137583914,-0.1012427320004523,0.0038724492778623443,0.06822328421428443,-0.002692988494288291,0.10657553098838204,0.12288890534061626,-0.00422696928217365,-0.12292299380256926
26.958509735999996,0.16486526393503143,-0.007493540051679579,0.03490658503988659,-0.13744467859455345,-0.22689280275926285,-0.05609132821058785,-0.0,-0.9984256421484637,0.0,1.0,0.028074302012100816,0.18990136682987213,-0.118970962241292,0.0,0.11732836067676544,-0.18885307386517525,-0.15186460223048925,0.06855389475822449,0.154990091919899,0.0011787523981183767,0.19868136197328568,0.034141176380217075,0.0,-0.0007971376180648804,0.02168026180211695,0.1493633684318052,-0.21558525086790475,0.010737865515199285,0.21015536794033274,-0.1825437137583914,-0.10737865515199507,0.006940410853633505,0.07742716894159836,-0.002692988494288291,0.11117747335203901,0.10908307824964582,-0.00422696928217365,-0.11065114749948417
26.978523788000075,0.1672277593207827,0.0,0.20398535632683726,-0.33815754257390135,-0.20180369476184434,-0.06732980004043508,-0.007141039398227964,-0.9977052187809925,0.0,1.0,0.045175144681707025,0.20142652839422226,-0.11339731700718403,0.0,0.09891676902770996,-0.19011318683624268,-0.16373180784285069,0.055920518934726715,0.14091409742832184,0.014718454331159592,0.16828272491693497,0.024974864907562733,0.0,-0.005500044673681259,0.02321424259000275,0.15703327237123332,-0.20791534692847619,0.010737865515199285,0.20555342557667577,-0.1825437137583914,-0.11198059751565159,0.011542353217290469,0.08816503445679809,-0.002692988494288291,0.11577941571569553,0.09681123194656029,-0.00422696928217365,-0.09684532040851328
26.998591969000017,0.1672277593207827,0.0,0.20398535632683726,-0.33815754257390135,-0.20180369476184434,-0.06732980004043508,-0.007141039398227964,-0.9977052187809925,0.0,1.0,0.04323978559114039,0.19597886502742767,-0.09934625960886478,0.0,0.09099391102790833,-0.187015226110816,-0.1739918403327465,0.07638795673847198,0.1575097292661667,0.006338925566524267,0.18032407760620117,0.018081488087773323,0.0,0.008265770971775055,0.02321424259000275,0.1631691955227761,-0.1987114622011627,0.010737865515199285,0.1963495408493623,-0.1825437137583914,-0.11658253987930856,0.017678276368833234,0.09736891918411157,-0.002692988494288291,0.12038135807935249,0.086073366431361,-0.00422696928217365,-0.08457347410542819
27.018669761000183,0.16840900701365824,0.0,-0.10144726277217041,-0.4188790204786391,-0.2007128639793479,-0.0836352483481641,-0.0050997102651319575,-0.9964833858067844,1.0,1.0,-0.009541636100038886,0.17671700939536095,-0.06224340386688709,0.0,0.036888912320137024,-0.20073599182069302,-0.1271966341882944,0.0798865333199501,0.14533662796020508,-0.012031649239361286,0.21031588315963745,0.018936489708721638,0.0,0.03193081170320511,0.024748223377888554,0.1693051186743184,-0.19104155826173413,0.012271846303085088,0.19021361769781953,-0.18407769454627676,-0.12118448224296552,0.022280218732490198,0.1065728039114255,-0.002692988494288291,0.12805126201878106,0.07533550091616127,-0.00422696928217365,-0.0723016278023431
27.038726017000045,0.16840900701365824,0.0,-0.10144726277217041,-0.4188790204786391,-0.2007128639793479,-0.0836352483481641,-0.0050997102651319575,-0.9964833858067844,1.0,1.0,-0.024196441983804107,0.17400967329740524,-0.039473434910178185,0.0,0.016600504517555237,-0.2098357081413269,-0.09987415373325348,0.07216095924377441,0.12928460538387299,-0.008202741853892803,0.20514480024576187,0.006566955707967281,0.0,0.02396942675113678,0.027816184953659714,0.1693051186743184,-0.1849056351101918,0.01380582709097089,0.18561167533416256,-0.18714565612204836,-0.12885438618239364,0.02841614188403252,0.11731066942662523,-0.002692988494288291,0.13418718517032338,0.06613161618884779,-0.0011590077064024887,-0.060029781499258014
27.058808031000126,0.16840900701365824,0.0,-0.11235557059713497,-0.559596191420682,-0.038179077387375956,-0.09384584773573405,-0.0030601906870348057,-0.9955820368486569,1.0,0.0,-0.044943699380382895,0.15633292868733406,-0.05806342698633671,0.0,-0.005923863500356674,-0.23882719315588474,-0.08097587153315544,0.0794413685798645,0.11161041259765625,-0.018986583687365055,0.2018282786011696,0.0389826400205493,0.0,0.051966987550258636,0.024748223377888554,0.1693051186743184,-0.17416776959499208,0.015339807878856249,0.18561167533416256,-0.19174759848570533,-0.13959225169759337,0.034552065035575286,0.1295825157297103,-0.0011590077064024887,0.1449250506855231,0.05846171224941922,0.0019089538693686722,-0.046223954408287124
27.07882230600012,0.16840900701365824,0.0,-0.3763366199612773,-0.16580627893946132,0.1636246173744684,-0.10101267789697103,0.011223630877441226,-0.9948218277731996,1.0,0.0,-0.07811431749723852,0.11855389294214547,-0.08244256861507893,0.0,0.005946047604084015,-0.20670104213058949,0.013057515025138855,0.02108878269791603,0.02892564982175827,-0.06567761395126581,0.1989482343196869,0.05207113269716501,0.0,-0.033982742577791214,0.010942396286917663,0.16777113788643305,-0.16036194250402164,0.01687378866674205,0.18407769454627676,-0.19788352163724765,-0.1472621556370215,0.04068798818711761,0.13725241966913843,-0.005760950070059452,0.1541289354128366,0.0538597698857627,0.0034429346572544747,-0.027816184953659714
27.098976412000184,0.16840900701365824,0.0,-0.3763366199612773,-0.16580627893946132,0.1636246173744684,-0.10101267789697103,0.011223630877441226,-0.9948218277731996,1.0,0.0,-0.0488671341445297,0.1398858055472374,-0.10445832647383213,0.0,0.013871319591999054,-0.23270832188427448,0.038410574197769165,-0.015283248387277126,-0.026416756212711334,-0.09466336760669947,0.1750897504389286,0.12199386674910784,0.0,-0.06983261741697788,-0.0013294500161674244,0.16777113788643305,-0.14502213462516494,0.01687378866674205,0.1810097329705056,-0.20708740636456158,-0.15339807878856426,0.04528993055077457,0.13878640045702423,-0.005760950070059452,0.16179883935226516,0.04618986594633413,0.0034429346572544747,-0.015544338650574627
27.11893640900007,0.16840900701365824,0.0,-0.7624907169650227,-0.5355979142057599,0.7352199474026113,-0.1112612199389936,0.034705334659869566,-0.9931850183545026,1.0,0.0,-0.07999243750236928,0.0991914663463831,-0.133152412250638,0.0,0.0510641485452652,-0.2942291349172592,0.033771246671676636,-0.048836831003427505,-0.010984321124851704,-0.12009577546268702,0.18572813272476196,0.19552408624440432,0.0,-0.10430539399385452,-0.013601296319252512,0.1647031763106619,-0.1281483459584229,0.01687378866674205,0.17333982903107747,-0.21322332951610434,-0.15646604036433542,0.05295983449020314,0.13878640045702423,-0.013430854009487576,0.16640078171592168,0.03851996200690601,0.0034429346572544747,-0.007874434711146502
27.139130625999996,0.16840900701365824,0.0,-0.7624907169650227,-0.5355979142057599,0.7352199474026113,-0.1112612199389936,0.034705334659869566,-0.9931850183545026,1.0,0.0,-0.06976242526434362,0.11014907900243998,-0.11433623917400837,0.0,0.0668322890996933,-0.30791790783405304,0.021441638469696045,-0.06404030323028564,0.007687355857342482,-0.10792372468858957,0.1885424107313156,0.19167130161076784,0.0,-0.10997352004051208,-0.02433916183445224,0.1616352147348903,-0.10513863414013852,0.01687378866674205,0.16260196351587775,-0.21782527187976086,-0.15646604036433542,0.05756177685385966,0.13878640045702423,-0.030304642676229628,0.16793476250380748,0.02931607727959208,0.0003749730814833138,0.002863430804053227
27.15913245600018,0.16840900701365824,0.0,-0.8443030256522569,-0.9250245035569946,0.5912302841130791,-0.1357415668005851,0.05919557048446567,-0.9889742724042627,1.0,0.0,-0.10282579972408712,0.08454175665974617,-0.09846663661301136,0.0,0.09302383661270142,-0.3490658503988659,-0.005030155181884766,-0.07037732750177383,0.0518764853477478,-0.0725564593449235,0.19601256400346756,0.17299764323979616,0.0,-0.11421970278024673,-0.03814498892542313,0.15703327237123332,-0.08826484547339647,0.01687378866674205,0.15033011721279266,-0.2285631373949606,-0.15493205957644962,0.05909575764174546,0.13725241966913843,-0.042576488979314715,0.17253670486746445,0.02318015412804976,0.0003749730814833138,0.012067315531367154
27.179246748000196,0.16840900701365824,0.0,-0.6981317007977318,-0.7232208087951503,0.6839509006252779,-0.15707891986622916,0.08057944590540327,-0.984293231629293,1.0,0.0,-0.10792064084671438,0.09133234061300755,-0.09416182525455952,0.0,0.1164497584104538,-0.3490658503988659,-0.014696002006530762,-0.08168023079633713,0.05117660388350487,-0.04338220600038767,0.19585976749658585,0.18054691422730684,0.0,-0.11355005949735641,-0.047348873652736614,0.150897349219691,-0.07445901838242558,0.018407769454627854,0.1349903093339364,-0.24236896448593148,-0.15186409800067846,0.05909575764174546,0.13111649651759566,-0.059450277646056766,0.1786726280190072,0.021646173340163957,-0.0011590077064024887,0.019737219470795278
27.199311577000117,0.16840900701365824,0.0,-0.6981317007977318,-0.7232208087951503,0.6839509006252779,-0.15707891986622916,0.08057944590540327,-0.984293231629293,1.0,0.0,-0.11646594270132482,0.07577890902757645,-0.07749536819756031,0.0,0.14386510848999023,-0.3490658503988659,-0.03035333752632141,-0.07591291517019272,0.0602889284491539,-0.025265361182391644,0.19194990396499634,0.19566590059548616,0.0,-0.1261715218424797,-0.058086739167936344,0.1493633684318052,-0.06218717207934049,0.018407769454627854,0.12118448224296552,-0.2607767339405589,-0.13959225169759337,0.060629738429631264,0.12191261179028219,-0.06712018158548488,0.18174058959477837,0.0201121925522786,-0.0011590077064024887,0.0258731426223376
27.21928103800019,0.16840900701365824,0.0,-0.48323803664593,-0.5235987755982988,0.5792311455056182,-0.1765090185952357,0.10712975117051879,-0.9784517273574049,1.0,0.0,-0.10179276927374303,0.08986441045999527,-0.05718018300831318,0.0,0.16137853264808655,-0.3490658503988659,-0.061421267688274384,-0.06356844305992126,0.0555185005068779,0.006298432359471917,0.1829821728169918,0.1960089998319745,0.0,-0.1414145603775978,-0.07035858547102143,0.14322744528026288,-0.052983287352026565,0.018407769454627854,0.10891263593988043,-0.2699806186678728,-0.12732040539450828,0.05909575764174546,0.11117474627508246,-0.06251823922182792,0.18174058959477837,0.02318015412804976,-0.0011590077064024887,0.027407123410223402
27.23947497600011,0.16959025470653377,0.0,-0.48323803664593,-0.5235987755982988,0.5792311455056182,-0.1765090185952357,0.10712975117051879,-0.9784517273574049,1.0,0.0,-0.12264429195784032,0.0682075023651123,-0.03668503649532795,0.0,0.1748136430978775,-0.3490658503988659,-0.08586114272475243,-0.04324818402528763,0.0588412880897522,0.015569915063679218,0.18425855785608292,0.18535751570016146,0.0,-0.14262734353542328,-0.08263043177410652,0.13248957976506315,-0.0483813449883696,0.018407769454627854,0.09817477042468115,-0.2822524649709579,-0.1135145783035374,0.05295983449020314,0.10043688075988318,-0.056382316070285605,0.1786726280190072,0.03238403885536369,-0.0011590077064024887,0.027407123410223402
27.259478455000135,0.16959025470653377,0.0,-0.15271630954950383,-0.3959715740462135,0.44505895925855404,-0.18564925027860998,0.11220559082773132,-0.9761886402012624,1.0,0.0,-0.10038705333136022,0.09987636283040047,-0.018539683893322945,0.0,0.18651294708251953,-0.34515319764614105,-0.10803091898560524,-0.05113355442881584,0.037277501076459885,0.03956506680697203,0.16239501163363457,0.19887590873986483,0.0,-0.15942063927650452,-0.09030033571353464,0.12328569503774922,-0.04684736420048424,0.018407769454627854,0.09203884727313838,-0.28992236891038603,-0.0997087512125665,0.04528993055077457,0.09123299603256925,-0.04871241213085748,0.1771386472311214,0.044655885158448774,-0.0011590077064024887,0.027407123410223402
27.279974148000065,0.16959025470653377,0.0,0.16907877128695067,-0.18980455615438332,0.4701480672559725,-0.19190768411465148,0.11330719647194848,-0.9748502038802774,1.0,0.0,-0.0983487160410732,0.10623764432966709,-0.02143925055861473,0.0,0.18789038062095642,-0.2938581332564354,-0.134486376773566,-0.026258379220962524,0.019076939672231674,0.073319754563272,0.14137324132025242,0.19642937649041414,0.0,-0.1718592792749405,-0.09797023965296277,0.10947986794677877,-0.04684736420048424,0.018407769454627854,0.08897088569736722,-0.2960582920619288,-0.08436894333371026,0.03608604582346109,0.08049513051736952,-0.03644056582777239,0.1756046664432356,0.061529673825190825,-0.0011590077064024887,0.02433916183445224
27.299851721000095,0.16959025470653377,0.0,0.16907877128695067,-0.18980455615438332,0.4701480672559725,-0.19190768411465148,0.11330719647194848,-0.9748502038802774,1.0,0.0,-0.10902129276655614,0.09546295925974846,-0.010118445381522179,0.0,0.18171580135822296,-0.2744620516896248,-0.15337932668626308,-0.014099000953137875,0.016213061287999153,0.08839935716241598,0.14665822498500347,0.1848446922376752,0.0,-0.17195045948028564,-0.10257218201661973,0.09720802164369324,-0.04684736420048424,0.018407769454627854,0.08743690490948142,-0.30066023442558576,-0.07056311624273937,0.02841614188403252,0.07129124579005604,-0.0211007579489157,0.1756046664432356,0.07993744327981823,-0.0011590077064024887,0.015135277107138315
27.319839089000197,0.16959025470653377,0.0,0.23671027980173096,0.10471975511965978,0.5345070834232635,-0.19086303446684072,0.10716908352416189,-0.975748989039036,1.0,0.0,-0.088529342552647,0.10580884106457233,-0.04980202950537205,0.0,0.11603458225727081,-0.22721132077276707,-0.1309470236301422,-0.022382579743862152,0.014359476044774055,0.07811921741813421,0.13158192578703165,0.2035400466993451,0.0,-0.15824367105960846,-0.10257218201661973,0.08800413691637976,-0.04684736420048424,0.018407769454627854,0.08743690490948142,-0.3021942152134711,-0.05829126993965428,0.016144295580947432,0.06208736106274211,0.0003749730814833138,0.1756046664432356,0.09681123194656029,-0.0011590077064024887,0.002863430804053227
27.340148562000195,0.17077150239940952,0.0,0.23671027980173096,0.10471975511965978,0.5345070834232635,-0.19086303446684072,0.10716908352416189,-0.975748989039036,1.0,0.0,-0.08310281648300588,0.10709886904805899,-0.053862711414694786,0.0,0.11815553903579712,-0.23946066945791245,-0.14473039493896067,-0.023230187594890594,0.01610102318227291,0.08126044925302267,0.1263220338150859,0.20694898534566164,0.0,-0.171918123960495,-0.10410616280450553,0.081868213764837,-0.04531338341259844,0.018407769454627854,0.08743690490948142,-0.29912625363769996,-0.04908738521234035,0.0038724492778623443,0.055951437911199345,0.023384684899767687,0.17407068565535025,0.11521900140118814,-0.0011590077064024887,-0.014010357862688824
27.360181003000207,0.17077150239940952,0.0,0.16144295580947549,0.06872233929727672,0.6141377305455047,-0.1867586138907576,0.10613604286687864,-0.9766557021500274,1.0,0.0,-0.0884767787065357,0.09523351490497589,-0.06289507634937763,0.0,0.10809746384620667,-0.23172002471983433,-0.13299180381000042,-0.026537425816059113,0.0225191842764616,0.08162185456603765,0.12689109472557902,0.21872993279248476,0.0,-0.16841723024845123,-0.10410616280450553,0.07726627140118003,-0.04224542183682728,0.018407769454627854,0.09050486648525302,-0.294524311274043,-0.04295146206079803,-0.009933377813108546,0.05134949554754238,0.03872449277862438,0.16793476250380748,0.13209279006793018,-0.0011590077064024887,-0.033952108105202036
27.380265092000172,0.17077150239940952,0.0,0.13308135546456762,-0.04908738521234052,0.9261153343394911,-0.184603462448837,0.10607049776065772,-0.9770724697568278,1.0,0.0,-0.10027965321205556,0.09464267268776894,-0.05750580318272114,0.0,0.11608918011188507,-0.2452404499053955,-0.12621005065739155,-0.022562414407730103,0.011345107108354568,0.084798245690763,0.11977603239938617,0.2313176291063428,0.0,-0.1796150803565979,-0.10410616280450553,0.07573229061329467,-0.037643479473170316,0.018407769454627854,0.09664078963679534,-0.28685440733461487,-0.038349519697141066,-0.023739204904078992,0.04521357239600006,0.05099633908170947,0.15873087777649356,0.1535685210983292,0.0003749730814833138,-0.05389385834771569
27.400223071000028,0.17195275009228506,0.0,0.13308135546456762,-0.04908738521234052,0.9261153343394911,-0.184603462448837,0.10607049776065772,-0.9770724697568278,1.0,0.0,-0.09938333346508443,0.09478398784995079,-0.042788295075297356,0.0,0.1286027729511261,-0.24938830733299255,-0.12022094056010246,-0.036449678242206573,0.0016117789782583714,0.10224037524312735,0.12156882230192423,0.23480497766286135,0.0,-0.18668429553508759,-0.10410616280450553,0.07419830982540887,-0.03457551789739871,0.018407769454627854,0.10431069357622347,-0.27765052260730094,-0.03681553890925526,-0.03754503199504988,0.03294172609291497,0.06020022380902295,0.14952699304917963,0.16890832897718544,0.0019089538693686722,-0.06769968543868614
27.420280048999985,0.17195275009228506,0.0,-0.21707532571679475,-0.210530341021816,0.2181661564992912,-0.18970695236656882,0.11525207321194772,-0.9750529379701064,1.0,0.0,-0.11037974222563207,0.06443194672465324,-0.001058107241988182,0.0,0.13635769486427307,-0.2661481127142906,-0.13006280362606049,-0.05762656778097153,0.0303935669362545,0.10311824735254049,0.13504478987306356,0.20774099696427584,0.0,-0.17501342296600342,-0.10410616280450553,0.07419830982540887,-0.03457551789739871,0.018407769454627854,0.11198059751565159,-0.2715145994557586,-0.03681553890925526,-0.042146974358706846,0.029873764517143367,0.06633614696056572,0.14032310832186615,0.17964619449238517,0.0034429346572544747,-0.08610745489331399
27.441121144000135,0.17195275009228506,0.0,-0.21707532571679475,-0.210530341021816,0.2181661564992912,-0.18970695236656882,0.11525207321194772,-0.9750529379701064,1.0,0.0,-0.11994441016577184,0.06320380419492722,-0.014632754027843475,0.0,0.11703945696353912,-0.2521735429763794,-0.11419418081641197,-0.05610291287302971,0.02027122490108013,0.09215544071048498,0.11942183203063905,0.2144849644973874,0.0,-0.169297993183136,-0.10410616280450553,0.07266432903752307,-0.03457551789739871,0.018407769454627854,0.11965050145508016,-0.268446637879987,-0.03681553890925526,-0.04368095514659265,0.026805802941372206,0.07247207011210849,0.13265320438243758,0.19038406000758445,0.0034429346572544747,-0.10451522434794185
27.460585760000185,0.17195275009228506,0.0,-0.05999569303730508,-0.2378011105842274,-0.3108867730114899,-0.19691929778410738,0.11733533287654069,-0.9733731092540854,1.0,0.0,-0.11116384877823293,0.06950410827994347,0.023769489489495754,0.0,0.15533657371997833,-0.2705993205308914,-0.142618389101699,-0.07284623384475708,-0.012769097462296486,0.11797146406024694,0.1118533443659544,0.19692922104150057,0.0,-0.19274482131004333,-0.10410616280450553,0.07266432903752307,-0.03457551789739871,0.018407769454627854,0.12732040539450828,-0.268446637879987,-0.03988350048502687,-0.04368095514659265,0.025271822153486848,0.07860799326365081,0.12805126201878106,0.19805396394701258,0.0034429346572544747,-0.1213890130146839
27.480463722000195,0.17195275009228506,0.0,-0.6686792696703275,-0.2694352032766246,-0.10144726277217041,-0.2051660316645228,0.1326944483402386,-0.969690199409436,1.0,0.0,-0.1440560834016651,0.004010997712612152,0.035014936700463295,0.0,0.12512987852096558,-0.27585161477327347,-0.11863155849277973,-0.06232732906937599,0.06284508109092712,0.06996537651866674,0.15317182801663876,0.18578641582280397,0.0,-0.1418996825814247,-0.10410616280450553,0.07266432903752307,-0.03457551789739871,0.018407769454627854,0.1349903093339364,-0.268446637879987,-0.04908738521234035,-0.04521493593447801,0.023737841365601045,0.08320993562730777,0.12498330044300945,0.19958794473489838,0.0003749730814833138,-0.13826280168142596
27.500610032000168,0.17195275009228506,0.0,-0.6686792696703275,-0.2694352032766246,-0.10144726277217041,-0.2051660316645228,0.1326944483402386,-0.969690199409436,1.0,0.0,-0.1400352732744068,0.03186378628015518,0.06354922614991665,0.0,0.13724035024642944,-0.306203693151474,-0.12454572506248951,-0.08157218992710114,0.04128023609519005,0.05214222054928541,0.13159005530178547,0.16075799334794283,0.0,-0.15202228724956512,-0.10410616280450553,0.07266432903752307,-0.03457551789739871,0.018407769454627854,0.14266021327336453,-0.2699806186678728,-0.06289321230331124,-0.04521493593447801,0.023737841365601045,0.08781187799096474,0.1234493196551241,0.20418988709855534,-0.0011590077064024887,-0.1536026095602822
27.520520512000076,0.17195275009228506,0.0,-0.6446809924554054,-0.559596191420682,-0.07853981633974483,-0.2224299890873306,0.15100751552717856,-0.963183072011193,1.0,0.0,-0.19256366952322423,-0.006398119032382965,0.13274928741157055,0.0,0.2058320939540863,-0.3490658503988659,-0.15584063157439232,-0.06953375041484833,0.03242194280028343,0.07065820600837469,0.13118791487067938,0.13120571244508028,0.0,-0.158711239695549,-0.1087081051681625,0.07113034824963771,-0.03150755632162755,0.018407769454627854,0.15033011721279266,-0.2699806186678728,-0.07516505860639633,-0.04521493593447801,0.025271822153486848,0.08781187799096474,0.1219153388672383,0.2072578486743265,-0.0011590077064024887,-0.16127251349971033
27.541564623000113,0.17195275009228506,0.0,-0.6446809924554054,-0.559596191420682,-0.07853981633974483,-0.2224299890873306,0.15100751552717856,-0.963183072011193,1.0,0.0,-0.23363617225550115,-0.01598573476076126,0.18841478042304516,0.0,0.2334866225719452,-0.3490658503988659,-0.17597254365682602,-0.05158618092536926,0.011933507397770882,0.09422545041888952,0.13316812366247177,0.0805847691372037,0.0,-0.14188139140605927,-0.11637800910759062,0.06499442509809494,-0.023837652382199426,0.018407769454627854,0.15493205957644962,-0.2761165418194156,-0.08436894333371026,-0.04521493593447801,0.03140774530502917,0.08167595483942197,0.12038135807935249,0.2087918294622123,-0.0011590077064024887,-0.16894241743913846
27.56097327700013,0.17195275009228506,0.0,-0.6250460383704692,-0.47778388273344774,-0.13853550937704992,-0.23671448379936094,0.1673326523409276,-0.9570611457060371,1.0,0.0,-0.28321832581423223,-0.035741500556468964,0.29259991459548473,0.0,0.2695613205432892,-0.3490658503988659,-0.23919791728258133,-0.011031702160835266,-0.004784405697137117,0.10758143570274115,0.13664356153458357,0.01331883657258004,0.0,-0.12575169652700424,-0.13171781698644686,0.05885850194655262,-0.01309978686700014,0.018407769454627854,0.15953400194010658,-0.28992236891038603,-0.09050486648525302,-0.04521493593447801,0.03447570688080033,0.08014197405153661,0.1234493196551241,0.21185979103798347,-0.0011590077064024887,-0.17201037901491006
27.580729833000078,0.17195275009228506,0.0,-0.8213955792198313,-0.41560652813114973,0.3021601267515183,-0.24795840912737863,0.1897953255049071,-0.9499970325003683,1.0,0.0,-0.3490658503988659,-0.07048159092664719,0.341089753434062,0.0,0.27484288811683655,-0.3490658503988659,-0.2563248574733734,0.024234961718320847,0.0031402320601046085,0.07822080608457327,0.13379026111215353,-0.036391361616551876,0.0,-0.09239569306373596,-0.15319354801684587,0.049654617219238695,-0.0008279405639146087,0.018407769454627854,0.16413594430376355,-0.30066023442558576,-0.0997087512125665,-0.04521493593447801,0.037543668456571935,0.08014197405153661,0.12651728123089526,0.21185979103798347,0.0019089538693686722,-0.17354435980279542
27.601346395000064,0.17195275009228506,0.0,-0.8213955792198313,-0.41560652813114973,0.3021601267515183,-0.24795840912737863,0.1897953255049071,-0.9499970325003683,1.0,0.0,-0.3490658503988659,-0.0706203356385231,0.3490658503988659,0.0,0.31237199902534485,-0.3490658503988659,-0.3117865025997162,0.05091070383787155,-0.026235895231366158,0.06273118685930967,0.12445271317847073,-0.0991313410922885,0.0,-0.08011407218873501,-0.1838731637745588,0.038916751704038965,0.01451186731494164,0.01687378866674205,0.1702718674553063,-0.31139809994078504,-0.11044661672776623,-0.04674891672236381,0.037543668456571935,0.08627789720307893,0.12805126201878106,0.20572386788644115,0.0034429346572544747,-0.16894241743913846
27.62084334400015,0.17195275009228506,0.0,-0.8813912722571364,-0.23889194136672387,0.7068583470577035,-0.2540792516633168,0.22856928663687937,-0.9397871115739549,1.0,0.0,-0.3490658503988659,-0.13196810334920883,0.3490658503988659,0.0,0.2901780307292938,-0.3490658503988659,-0.3429155647754669,0.13030463457107544,0.0023483596742153168,0.01593864429742098,0.11035658325999975,-0.13904167246073484,0.0,-0.026112981140613556,-0.22068870268381408,0.02817888618883968,0.03138565598168369,0.01687378866674205,0.17487380981896328,-0.31906800388021317,-0.12118448224296552,-0.04828289751024917,0.039077649244457294,0.08627789720307893,0.1219153388672383,0.19498600237124142,0.0034429346572544747,-0.1674084366512531
27.641424129000143,0.17195275009228506,0.0,-0.8813912722571364,-0.23889194136672387,0.7068583470577035,-0.2540792516633168,0.22856928663687937,-0.9397871115739549,1.0,1.0,-0.3490658503988659,-0.12719137221574783,0.3490658503988659,0.0,0.3278332054615021,-0.3490658503988659,-0.3490658503988659,0.16108646988868713,-0.023656349629163742,-0.014858203940093517,0.10173761285841465,-0.20518128108233213,0.0,-0.01133943721652031,-0.2544362800172982,0.015907039885754592,0.04672546386053994,0.015339807878856249,0.1810097329705056,-0.32060198466809897,-0.1349903093339364,-0.04828289751024917,0.039077649244457294,0.0924138203546217,0.1219153388672383,0.18271415606815633,0.008044877020911438,-0.1536026095602822
27.66136501599999,0.17195275009228506,0.0,-0.8224864100023278,-0.27598018797160334,1.0101093045917182,-0.25507747445830065,0.2591587140496334,-0.931542936721714,1.0,1.0,-0.3490658503988659,-0.17453292519943295,0.3490658503988659,0.0,0.3297896683216095,-0.3490658503988659,-0.3490658503988659,0.23292425274848938,-0.0043992334976792336,-0.0490128705278039,0.08436500653624535,-0.24772689770907164,0.0,0.020510509610176086,-0.28051395341135416,0.006703155158440666,0.06359925252728199,0.007669903939428124,0.18714565612204836,-0.31906800388021317,-0.15033011721279266,-0.04674891672236381,0.03294172609291497,0.07247207011210849,0.12651728123089526,0.16890832897718544,0.008044877020911438,-0.14439872483296828
27.681107813000153,0.17195275009228506,0.0,-0.7221299780126539,-0.4079707126536745,0.04581489286485115,-0.26222455750532936,0.2836514668734692,-0.9223774318475401,1.0,1.0,-0.3490658503988659,-0.17453292519943295,0.3490658503988659,-0.06802759692072868,0.386168509721756,-0.3490658503988659,-0.3490658503988659,0.2650368809700012,-0.01767733134329319,-0.04866137821227312,0.09461534768342972,-0.3426208598539233,0.0,0.04121662676334381,-0.30198968444175317,-0.005568691144644422,0.085074983557681,0.004601942363656963,0.1948155600614765,-0.32060198466809897,-0.16566992509164935,-0.04521493593447801,0.02833978372925801,0.05866624302113759,0.12651728123089526,0.1535685210983292,0.011112838596682599,-0.12905891695411204
27.701660468,0.17195275009228506,0.0,-0.7221299780126539,-0.4079707126536745,0.04581489286485115,-0.26222455750532936,0.2836514668734692,-0.9223774318475401,1.0,1.0,-0.3490658503988659,-0.17453292519943295,0.3490658503988659,-0.1728275969207287,0.43592211604118347,-0.3490658503988659,-0.3490658503988659,0.3663468062877655,0.004101439844816923,-0.07965563330799341,0.09092713706195354,-0.3490658503988659,0.0,0.053852394223213196,-0.31579551153272406,-0.020908499023501115,0.10655071458808002,0.0015339807878858025,0.20401944478879042,-0.3221359654559848,-0.1825437137583914,-0.04061299357082104,0.025271822153486848,0.035656531202852774,0.11884737729146713,0.1397626940073583,0.012646819384568402,-0.11218512828736997
27.721212767999987,0.17195275009228506,0.0,-0.9130253649495337,-0.5890486225480862,0.49632800603588745,-0.2755759208781254,0.3174226347892481,-0.907359235780198,1.0,1.0,-0.3490658503988659,-0.17453292519943295,0.3490658503988659,-0.2662118375301361,0.47870001196861267,-0.3490658503988659,-0.3490658503988659,0.4107094407081604,0.017105331644415855,-0.11751338932663202,0.09241745620965958,-0.3490658503988659,0.0,0.0684700533747673,-0.3234654154721522,-0.03624830690235736,0.12649246483059323,-0.0015339807878858025,0.21782527187976086,-0.3221359654559848,-0.1963495408493623,-0.03601105120716408,0.023737841365601045,0.015714780960339562,0.11884737729146713,0.12288890534061626,0.012646819384568402,-0.09224337804485676
27.741351226000006,0.17195275009228506,0.0,-0.9130253649495337,-0.5890486225480862,0.49632800603588745,-0.2755759208781254,0.3174226347892481,-0.907359235780198,1.0,1.0,-0.3490658503988659,-0.17453292519943295,0.3490658503988659,-0.3439372330904007,0.504427045583725,-0.3490658503988659,-0.3490658503988659,0.45827609300613403,0.03133431449532509,-0.14923369977623224,0.09671914391219616,-0.3490658503988659,-0.047788772732019424,0.08061075210571289,-0.32806735783580915,-0.05158811478121361,0.14490023428522109,-0.003067961575771161,0.23316507975861755,-0.3221359654559848,-0.21168934872821854,-0.028341147267735955,0.022203860577715243,-0.00422696928217365,0.11731339650358133,0.10141317431021725,0.012646819384568402,-0.0723016278023431
27.76334276700004,0.17195275009228506,0.0,-0.9828385350293068,-0.5323254218582705,0.6446809924554054,-0.2838523373476743,0.3481785864588379,-0.8934201265439389,1.0,1.0,-0.3490658503988659,-0.17453292519943295,0.3490658503988659,-0.3801482766866684,0.4868776500225067,-0.3490658503988659,-0.3490658503988659,0.4753428101539612,0.06293509900569916,-0.1730825761333108,0.0885031521320343,-0.3490658503988659,-0.058878954499959946,0.10231469571590424,-0.3311353194115803,-0.0653939418721845,0.16330800373984894,-0.007669903939428124,0.2500388684253596,-0.32060198466809897,-0.22549517581918943,-0.02067124332830783,0.022203860577715243,-0.028770661888343825,0.11271145413992437,0.07533550091616127,0.012646819384568402,-0.05082589677194409
27.784332509000023,0.17195275009228506,0.0,-0.9828385350293068,-0.5323254218582705,0.6446809924554054,-0.2838523373476743,0.3481785864588379,-0.8934201265439389,1.0,1.0,-0.3490658503988659,-0.17453292519943295,0.3490658503988659,-0.4198411554098129,0.5025524199008942,-0.3490658503988659,-0.3490658503988659,0.49835866689682007,0.05865488946437836,-0.19525653216987848,0.09544985368847847,-0.3490658503988659,-0.08249690011143684,0.11768580973148346,-0.33420328098735147,-0.07919976896315539,0.18478373477024795,-0.01380582709097089,0.2715145994557586,-0.32060198466809897,-0.23776702212227452,-0.006865416237336941,0.022203860577715243,-0.053314354494514445,0.1096434925641532,0.047723846734219935,0.012646819384568402,-0.030884146529430875
27.805217734000053,0.17195275009228506,0.0,-1.1933688760511227,-0.44505895925855404,0.284706834231575,-0.2957524303909694,0.3946765191769143,-0.869920079736196,1.0,1.0,-0.3490658503988659,-0.17453292519943295,0.3490658503988659,-0.48397405445575714,0.4903058707714081,-0.3490658503988659,-0.3490658503988659,0.5375282764434814,0.09674335271120071,-0.214787513948977,0.10206843726336956,-0.3490658503988659,-0.11774222552776337,0.1536352038383484,-0.33420328098735147,-0.09300559605412584,0.2108614081643035,-0.021475731030399015,0.29912625363769996,-0.32060198466809897,-0.25157284921324496,0.011542353217290469,0.022203860577715243,-0.07939202788856997,0.1081095117762674,0.010908307824964672,0.011112838596682599,-0.00940841549903186
27.8238455300002,0.17195275009228506,0.0,-1.5391622341024993,-0.3948807432637171,0.12762720155208535,-0.3011085213204928,0.4215519298486899,-0.8553523419205863,1.0,1.0,-0.3490658503988659,-0.17453292519943295,0.3490658503988659,-0.49654777348041534,0.46498987078666687,-0.3490658503988659,-0.3490658503988659,0.5279023051261902,0.10304710268974304,-0.232739613391459,0.10988848004490137,-0.3490658503988659,-0.12306670844554901,0.17428649961948395,-0.33420328098735147,-0.10681142314509673,0.2338711199825883,-0.03067961575771294,0.32366994624387013,-0.31906800388021317,-0.2623107147284447,0.029950122671918322,0.022203860577715243,-0.10546970128262595,0.10504155020049624,-0.025907231084291035,0.011112838596682599,0.008999353955595549
27.843708215000106,0.17195275009228506,0.0,-1.682061066609535,-0.34579335805137656,0.07635815477475191,-0.30824094513657546,0.4633820830861101,-0.8308216203350081,1.0,1.0,-0.3490658503988659,-0.17453292519943295,0.3490658503988659,-0.5303504914045334,0.4282666742801666,-0.3490658503988659,-0.3490658503988659,0.5518059730529785,0.12271235883235931,-0.23609876725822687,0.11418251227587461,-0.3490658503988659,-0.15054133534431458,0.20471897721290588,-0.33420328098735147,-0.12061725023606762,0.2553468510129873,-0.04448544284868339,0.3497476196379261,-0.31906800388021317,-0.2715145994557586,0.05295983449020314,0.023737841365601045,-0.13154737467668193,0.10197358862472508,-0.07039267393297442,0.008044877020911438,0.02433916183445224
27.86379745100021,0.17195275009228506,0.0,-1.5849771269673505,-0.3839724354387525,0.1908953869368798,-0.31125220038297907,0.4898395284715735,-0.8143582160839911,1.0,0.0,-0.3490658503988659,-0.17453292519943295,0.3490658503988659,-0.5763226002454758,0.4197235405445099,-0.3490658503988659,-0.3490658503988659,0.5915464162826538,0.13078941404819489,-0.24525939021259546,0.11197348032146692,-0.3490658503988659,-0.19360584020614624,0.2250118851661682,-0.33420328098735147,-0.13749103890280967,0.27528860125550053,-0.06289321230331124,0.3727573314562109,-0.31906800388021317,-0.27765052260730094,0.08210546946003028,0.026805802941372206,-0.15455708649496674,0.10043960783683928,-0.11181015520588665,-0.002692988494288291,0.03814498892542313
27.88382520800019,0.17195275009228506,0.0,-1.5162547876700738,-0.2628902185816459,0.35015668118136234,-0.3111945188391268,0.5162768083036006,-0.7978823401055644,1.0,0.0,-0.3490658503988659,-0.17453292519943295,0.3490658503988659,-0.6070467680692673,0.3825700581073761,-0.3490658503988659,-0.3490658503988659,0.6108652381980153,0.1559372991323471,-0.2497148374095559,0.10599840991199017,-0.3490658503988659,-0.20873239636421204,0.2353973090648651,-0.33880522335100843,-0.14822890441800896,0.2890944283464714,-0.0813009817579391,0.40036898563815226,-0.31906800388021317,-0.2822524649709579,0.11278508521774278,0.03294172609291497,-0.17910077910113692,0.10350756941261044,-0.14709171332725657,-0.014964834797373379,0.05195081601639358
27.904249255000195,0.17195275009228506,0.0,-1.5162547876700738,-0.2628902185816459,0.35015668118136234,-0.3111945188391268,0.5162768083036006,-0.7978823401055644,1.0,0.0,-0.3490658503988659,-0.17453292519943295,0.3490658503988659,-0.5968851894140244,0.3546455204486847,-0.3490658503988659,-0.3490658503988659,0.5973751544952393,0.153153657913208,-0.24893896374851465,0.11830103048123419,-0.3490658503988659,-0.20325900614261627,0.24416518211364746,-0.34187318492678004,-0.15283084678166592,0.3029002554374423,-0.09203884727313838,0.43411656297163637,-0.31906800388021317,-0.28685440733461487,0.14653266255122688,0.03294172609291497,-0.19750854855576433,0.10504155020049624,-0.1777713290849695,-0.030304642676229628,0.0749605278346784
27.924086199000158,0.1565965300849023,0.0,-1.6547902970471238,-0.013089969389957472,0.35452000431134817,-0.3020815516438229,0.5613001804192655,-0.7705120658482645,1.0,0.0,-0.3490658503988659,-0.17453292519943295,0.3490658503988659,-0.6160949915647507,0.2861441671848297,-0.3490658503988659,-0.3490658503988659,0.6096145510673523,0.1917240470647812,-0.2313093999400735,0.1240782632958144,-0.3490658503988659,-0.20638777315616608,0.2507714629173279,-0.3434071657146654,-0.15896676993320868,0.3121041401647558,-0.1135145783035374,0.4555922940020354,-0.31906800388021317,-0.28992236891038603,0.18795014382413955,0.040611630032343096,-0.21131437564673522,0.10504155020049624,-0.208450944842682,-0.05024639291874284,0.09643625886507741
27.9442044540001,0.1565965300849023,0.0,-2.2351122733352384,0.08726646259971647,0.806123948264881,-0.2836939998401165,0.6112687262742078,-0.738828978000879,1.0,0.0,-0.3490658503988659,-0.17453292519943295,0.3490658503988659,-0.5333458036184311,0.1813441671848297,-0.3490658503988659,-0.3490658503988659,0.5326510667800903,0.20943951023931956,-0.18345700297504663,0.15488428622484207,-0.3490658503988659,-0.12714765965938568,0.24615556001663208,-0.346475127290437,-0.165102693084751,0.3259099672557267,-0.13959225169759337,0.4770680250324344,-0.32060198466809897,-0.294524311274043,0.2247656827333948,0.04828153397177122,-0.21898427958616334,0.10657553098838204,-0.23452861823673798,-0.07785804710068461,0.11484402831970482
27.964405578000196,0.1376965669988926,0.0,-1.425715832722868,0.17016960206944712,0.9522952731194061,-0.26740430153593764,0.6327888051613791,-0.7266864988304871,1.0,0.0,-0.3490658503988659,-0.17453292519943295,0.3490658503988659,-0.5409819930791855,0.12494422495365143,-0.3490658503988659,-0.3490658503988659,0.5776678323745728,0.20943951023931956,-0.13837456796318293,0.15952366590499878,-0.3490658503988659,-0.1290944665670395,0.2497733235359192,-0.3510770696540935,-0.17123861623629377,0.3335798711951548,-0.16566992509164935,0.4970097752749476,-0.32060198466809897,-0.29912625363769996,0.2615812216426501,0.055951437911199345,-0.2266541835255919,0.1081095117762674,-0.25293638769136584,-0.09626581655531202,0.13478577856221846
27.984532185000035,0.1376965669988926,0.0,-1.425715832722868,0.17016960206944712,0.9522952731194061,-0.26740430153593764,0.6327888051613791,-0.7266864988304871,1.0,0.0,-0.3490658503988659,-0.17453292519943295,0.3490658503988659,-0.5500987023115158,0.11905120313167572,-0.34817248582839966,-0.3490658503988659,0.5561099648475647,0.20943951023931956,-0.12308682594448328,0.17238854989409447,-0.3490658503988659,-0.1223321408033371,0.23150748014450073,-0.3541450312298651,-0.17277259702417957,0.3366478327709264,-0.1932815792735907,0.5092816215780327,-0.3175340230923278,-0.3021942152134711,0.292260837400363,0.06515532263851327,-0.22818816431347727,0.1096434925641532,-0.2636742532065651,-0.10700368207051175,0.15472752880473167
28.004657162000058,0.1376965669988926,0.0,-1.1900963837036334,0.4734205596034619,1.0591966898040588,-0.24896183540442618,0.6530146502411179,-0.7152551090922245,1.0,0.0,-0.3490658503988659,-0.17453292519943295,0.3490658503988659,-0.5876109451055527,0.0725574791431427,-0.30886562913656235,-0.3490658503988659,0.5664156079292297,0.20943951023931956,-0.12165708933025599,0.171657532453537,-0.31640932988375425,-0.14700356125831604,0.22867095470428467,-0.3556790120177505,-0.17430657781206493,0.3397157943466976,-0.22242721424341783,0.5154175447295755,-0.316000042304442,-0.3021942152134711,0.3244744339459613,0.0728252265779414,-0.21591631801039218,0.11271145413992437,-0.2698101763581079,-0.12080950916148264,0.17006733668358792
28.024588439000127,0.13415282392026578,0.0,-0.4177881896961426,0.09708393964218458,1.0122909661567112,-0.2265842919962768,0.6685257263854112,-0.7083310749793518,1.0,0.0,-0.3490658503988659,-0.17453292519943295,0.3490658503988659,-0.6336954087018967,0.10622473061084747,-0.3490658503988659,-0.3490658503988659,0.6108652381980153,0.20943951023931956,-0.10355018172413111,0.1535300873219967,-0.3172075552865863,-0.21964897215366364,0.2144504189491272,-0.3556790120177505,-0.17584055859995074,0.3412497751345834,-0.25770877236478773,0.5154175447295755,-0.31446606151655665,-0.3021942152134711,0.35362006891578845,0.08509707288102648,-0.19904252934365013,0.11884737729146713,-0.27441211872176485,-0.1346153362524531,0.1838731637745588
28.044710342000144,0.13415282392026578,0.0,-0.1407171709420428,-0.04036073895236887,1.0733774899765127,-0.21126639966831334,0.674623624061619,-0.707283164106962,1.0,0.0,-0.3490658503988659,-0.17453292519943295,0.3490658503988659,-0.6389460414648056,0.1209602802991867,-0.34820088744163513,-0.3490658503988659,0.6108652381980153,0.20610277354717255,-0.09976441506296396,0.1465404760092497,-0.3225230975076556,-0.24213039875030518,0.20000013709068298,-0.3556790120177505,-0.17584055859995074,0.34431773671035454,-0.29145634969827183,0.5154175447295755,-0.31139809994078504,-0.3021942152134711,0.3827657038856156,0.09583493839622621,-0.18216874067690808,0.12498330044300945,-0.2790140610854218,-0.14842116334342398,0.1976789908655297
28.064759987000116,0.13415282392026578,0.0,0.016362461737446838,0.07417649320975901,1.4671674024577332,-0.1827005307215787,0.6818098017989641,-0.7083473090546125,1.0,0.0,-0.33953705593012273,-0.17453292519943295,0.33309745602309704,-0.6435149163007736,0.09658871591091156,-0.31255030632019043,-0.3490658503988659,0.6108652381980153,0.2034648060798645,-0.10251312050968409,0.141802866011858,-0.30460480879992247,-0.24852880835533142,0.19086520373821259,-0.3556790120177505,-0.17584055859995074,0.3458517174982399,-0.32520392703175593,0.5154175447295755,-0.3083301383650139,-0.3021942152134711,0.40884337727967157,0.10503882312354014,-0.16529495201016603,0.13111922359455222,-0.2805480418733072,-0.1591590288586237,0.208416856380729
28.08478359500009,0.11407161314138073,0.0,0.1559888018969932,0.04908738521234052,1.296997800388286,-0.1683339603918145,0.6794570764905967,-0.714144074389516,1.0,0.0,-0.3218670205678791,-0.17453292519943295,0.3070214372128248,-0.6511858552694321,0.09341637790203094,-0.3162863552570343,-0.3490658503988659,0.6108652381980153,0.1979016214609146,-0.09062810335308313,0.14264816604554653,-0.28178549837321043,-0.25182044506073,0.20285692811012268,-0.3556790120177505,-0.1773745393878361,0.3458517174982399,-0.35741752357735423,0.5138835639416897,-0.3083301383650139,-0.3021942152134711,0.43645503146161335,0.11270872706296826,-0.14995514413130978,0.13572116595820918,-0.2805480418733072,-0.1683629135859372,0.2160867603201571
28.10511505100021,0.11407161314138073,0.0,0.5388704065532492,0.29670597283903605,0.7450374244450795,-0.1541327565866407,0.672672096626465,-0.7237094332445579,0.0,0.0,-0.28656572266481817,-0.17453292519943295,0.29654314927756786,-0.7178487628698349,0.08506838977336884,-0.32437676191329956,-0.3490658503988659,0.6108652381980153,0.2075851857662201,-0.08831115905195475,0.13903971947729588,-0.2683290047571063,-0.2986113280057907,0.24283498525619507,-0.3556790120177505,-0.1773745393878361,0.3458517174982399,-0.389631120122953,0.5092816215780327,-0.3052621767892427,-0.3021942152134711,0.4594647432798977,0.12037863100239639,-0.14075125940399585,0.13878912753398034,-0.2805480418733072,-0.17756679831325112,0.21915472189592872
28.125255453000136,0.10580287929125137,0.0,0.5388704065532492,0.29670597283903605,0.7450374244450795,-0.1541327565866407,0.672672096626465,-0.7237094332445579,0.0,0.0,-0.2672934846486896,-0.17453292519943295,0.26229423098266125,-0.7408869713544846,0.08658356964588165,-0.32126154005527496,-0.3490658503988659,0.6108652381980153,0.20943951023931956,-0.07225032988935709,0.1485230065882206,-0.24287403654307127,-0.29325272142887115,0.23481065034866333,-0.3556790120177505,-0.1789085201757219,0.3458517174982399,-0.4218447166685513,0.5000777368507192,-0.3021942152134711,-0.3021942152134711,0.4778725127345256,0.12651455415393914,-0.13154737467668193,0.1433910698976373,-0.2805480418733072,-0.18677068304056504,0.22222268347169988
28.144928271000026,0.10580287929125137,0.0,0.6664976081053346,0.2999784651865254,0.5726861608106394,-0.13781516890870482,0.6604919576587557,-0.7380767934888414,0.0,0.0,-0.24371160729788244,-0.17453292519943295,0.2372643630951643,-0.7536273449659348,0.08641955256462097,-0.32360729575157166,-0.3490658503988659,0.6108652381980153,0.20943951023931956,-0.05894199851900339,0.15664167702198029,-0.21918542217463255,-0.2899242788553238,0.24395450949668884,-0.34954308886620816,-0.1804425009636077,0.3458517174982399,-0.4525243324262642,0.4862719097597483,-0.29912625363769996,-0.3021942152134711,0.4932123206133818,0.1280485349418245,-0.1238774707372538,0.14952699304917963,-0.2790140610854218,-0.19597456776787897,0.22222268347169988
28.165258171000005,0.10580287929125137,0.0,0.6992225315802283,0.04254240051736178,0.5737769915931359,-0.13060347392626623,0.6519970299912823,-0.746888616515835,0.0,0.0,-0.23984070285223424,-0.17453292519943295,0.2290926706045866,-0.7408866137266159,0.10884913802146912,-0.3490658503988659,-0.3490658503988659,0.6108652381980153,0.20943951023931956,-0.03201862517744303,0.1806720271706581,-0.19704710971564054,-0.26909828186035156,0.24260157346725464,-0.34187318492678004,-0.18197648175149306,0.3412497751345834,-0.48166996739609136,0.46939812109300627,-0.29912625363769996,-0.3021942152134711,0.5054841669164669,0.1280485349418245,-0.11620756679782568,0.1556629162007224,-0.277480080297536,-0.2051784524951929,0.22375666425958568
28.18517766900004,0.1069841269841271,-0.007493540051679579,0.6664976081053346,-0.11017390903214205,0.545415391248228,-0.12547819841897237,0.6437133593688745,-0.7549094864230859,0.0,0.0,-0.22777195437811315,-0.17453292519943295,0.20882169716060162,-0.7059635370969772,0.13155996799468994,-0.3490658503988659,-0.3490658503988659,0.5812526941299438,0.20943951023931956,-0.004193621687591076,0.19602835923433304,-0.1788347465917468,-0.23547986149787903,0.2212732434272766,-0.32960133862369495,-0.18197648175149306,0.3351138519830406,-0.5123495831538043,0.44638840927472145,-0.2975922728498146,-0.3021942152134711,0.5146880516437808,0.1280485349418245,-0.10700368207051175,0.1571968969886082,-0.27287813793387905,-0.21591631801039218,0.22222268347169988
28.205304850000175,0.1069841269841271,-0.007493540051679579,0.6065019150680295,-0.12980886311707826,0.44724062082354693,-0.12248718308329717,0.6328504459303688,-0.7645241677449133,0.0,0.0,-0.20865297480486333,-0.17453292519943295,0.20235571078956127,-0.6850814670324326,0.13981375098228455,-0.3490658503988659,-0.3490658503988659,0.5661271214485168,0.20943951023931956,0.016391013748943806,0.21781226992607117,-0.16567016672343016,-0.20787015557289124,0.20719954371452332,-0.3173294923206094,-0.18197648175149306,0.32897792883149785,-0.5414952181236314,0.4203107358806655,-0.2975922728498146,-0.3021942152134711,0.5208239747953236,0.1280485349418245,-0.09473183576742666,0.1571968969886082,-0.2636742532065651,-0.2251202027377061,0.22068870268381408
28.225515567000002,0.1069841269841271,-0.007493540051679579,0.5290529295107811,-0.2912518189265537,0.3643374813538163,-0.12348526802506332,0.626611194771809,-0.7694867114950227,0.0,0.0,-0.2006111906375736,-0.17453292519943295,0.19964919798076153,-0.6535140126943588,0.1597352772951126,-0.3490658503988659,-0.3490658503988659,0.5389225482940674,0.20943951023931956,0.044893584214150906,0.23794525861740112,-0.15485827159136534,-0.17206308245658875,0.1917734146118164,-0.30198968444175317,-0.18351046253937886,0.31824006331629856,-0.5706408530934586,0.389631120122953,-0.2975922728498146,-0.3021942152134711,0.5254259171589806,0.13111649651759566,-0.07939202788856997,0.1571968969886082,-0.2544703684792512,-0.2358580682529054,0.21915472189592872
28.245739172000185,0.1069841269841271,-0.007493540051679579,0.4505131131710363,-0.2999784651865254,0.33488505022641196,-0.12246523881147701,0.6204905433114836,-0.7745926354825922,0.0,0.0,-0.1672683374490589,-0.17308267205953598,0.16841783933341503,-0.6194978207349777,0.16189885139465332,-0.3490658503988659,-0.3490658503988659,0.5001959204673767,0.20943951023931956,0.06800880189985037,0.2483074590563774,-0.13788641523569822,-0.13912293314933777,0.1637059599161148,-0.2835819149871253,-0.18351046253937886,0.3075021978010993,-0.5982525072753999,0.3558835427894689,-0.2975922728498146,-0.3021942152134711,0.5300278595226375,0.13571843888125262,-0.059450277646056766,0.1541289354128366,-0.2437325029640519,-0.24352797219233396,0.21915472189592872
28.26591372300004,0.1069841269841271,-0.007493540051679579,0.4603305902135044,-0.17453292519943295,0.23125612588924865,-0.12455095814171091,0.6145875147648359,-0.7789539431321756,0.0,0.0,-0.12552474602125585,-0.16776030510663986,0.12924080155789852,-0.5894605368375778,0.15084761381149292,-0.3490658503988659,-0.3490658503988659,0.4709376394748688,0.20943951023931956,0.09736613091081381,0.24861111491918564,-0.11212312709540129,-0.09614594653248787,0.1392977088689804,-0.26670812632038327,-0.18351046253937886,0.2921623899222426,-0.6258641614573417,0.31906800388021317,-0.2975922728498146,-0.3021942152134711,0.5330958210984087,0.13878640045702423,-0.03644056582777239,0.15106097383706543,-0.22992667587308102,-0.24966389534387629,0.21915472189592872
28.28584740600013,0.1069841269841271,-0.007493540051679579,0.421060682043632,-0.25634523388666713,0.05672320068981571,-0.12962031746359,0.6072762904790241,-0.783845699307379,0.0,0.0,-0.09431366785429418,-0.15638475865125656,0.10474901460111141,-0.5541587918996811,0.15804925560951233,-0.3490658503988659,-0.3490658503988659,0.44779524207115173,0.20943951023931956,0.13217252399772406,0.26484154909849167,-0.09060804825276136,-0.0502685122191906,0.13400356471538544,-0.24676637607787005,-0.18197648175149306,0.27682258204338633,-0.6504078540635119,0.28532042654672907,-0.2975922728498146,-0.3021942152134711,0.5330958210984087,0.1433883428206812,-0.013430854009487576,0.15259495462495123,-0.21612084878211013,-0.25426583770753325,0.21915472189592872
28.30580934900013,0.1069841269841271,-0.007493540051679579,0.41996985126113556,-0.23889194136672387,-0.02399827721492203,-0.13369671938117444,0.6011249443932194,-0.7878921172692112,0.0,0.0,-0.05122318281792104,-0.15103166550397873,0.07748465798795223,-0.5158637017011642,0.1553684026002884,-0.3490658503988659,-0.3490658503988659,0.4146111011505127,0.20943951023931956,0.16662478353828192,0.2631108984351158,-0.07831508200615644,0.0,0.10863003134727478,-0.22222268347169988,-0.18197648175149306,0.2599487933766443,-0.6734175658817967,0.25310683000113077,-0.2975922728498146,-0.3021942152134711,0.5330958210984087,0.14645630439645235,0.012646819384568402,0.16333282014015052,-0.20078104090325388,-0.25426583770753325,0.21915472189592872
28.325993529000016,0.1069841269841271,-0.044243468274476075,0.46796640569097964,-0.22143864884678055,-0.07853981633974483,-0.1377351688846097,0.5937916169692063,-0.7927424164691982,0.0,0.0,-0.012892054161056876,-0.1442522332072258,0.03934689052402973,-0.4655321091413498,0.14788857102394104,-0.3490658503988659,-0.3490658503988659,0.38524484634399414,0.20943951023931956,0.19317039754241705,0.2575911805033684,-0.06372316461056471,0.0,0.0850195437669754,-0.19154306771398694,-0.1804425009636077,0.23693908155835947,-0.6948932969121953,0.22396119503130363,-0.2975922728498146,-0.3021942152134711,0.5330958210984087,0.1495242659722235,0.04025847356650974,0.17407068565535025,-0.18544123302439763,-0.25426583770753325,0.2160867603201571
28.34598932300014,0.1069841269841271,-0.044243468274476075,0.5017821599483697,-0.18871372537188688,-0.12435470920459599,-0.14184256861378858,0.585738376865573,-0.7979920047192997,0.0,0.0,0.022092249477282166,-0.1403997763991356,0.011329539818689227,-0.4066590815782547,0.13840129971504211,-0.3490658503988659,-0.3490658503988659,0.3589085042476654,0.20943951023931956,0.21694113221019506,0.25304659456014633,-0.052005927078425884,0.0,0.06680573523044586,-0.15932947116838864,-0.1789085201757219,0.21546335052796045,-0.710233104791052,0.19941750242513345,-0.2975922728498146,-0.3021942152134711,0.5300278595226375,0.15105824676010932,0.07093808932422269,0.18634253195843534,-0.17010142514554094,-0.25273185691964745,0.2114848179565006
28.366159799000116,0.1069841269841271,-0.044243468274476075,0.5585053606381855,-0.11017390903214205,-0.06654067773228381,-0.14390377494316678,0.5766356939212003,-0.8042281890440811,0.0,0.0,0.06016793311573565,-0.13363303989171982,-0.019898656755685806,-0.3491073101758957,0.11796033382415771,-0.33394482731819153,-0.3490658503988659,0.3328801691532135,0.20943951023931956,0.23519435431808233,0.2447849065065384,-0.033841866068542004,0.0,0.0560174286365509,-0.12404791304701875,-0.17584055859995074,0.19552160028544724,-0.7209709703062512,0.17640779060684864,-0.2975922728498146,-0.3021942152134711,0.522357955583209,0.15259222754799467,0.10008372429404983,0.19861437826152042,-0.1547616172666847,-0.24812991455599093,0.20228093322918667
28.386363200999995,0.10462163159837584,-0.09018087855297156,0.5486878835957173,-0.16471544815696484,0.08290313946973066,-0.1449480748453633,0.5675431662959296,-0.8104843058254823,0.0,0.0,0.08631255314685404,-0.12788548320531845,-0.031229956075549126,-0.30860547721385956,0.11878135800361633,-0.33173397183418274,-0.34099462628364563,0.3131100535392761,0.20943951023931956,0.2552289804443717,0.24261782318353653,-0.024128994904458523,0.0,0.04525613784790039,-0.08723237413776348,-0.17123861623629377,0.17404586925504822,-0.7286408742456794,0.15800002115222123,-0.2975922728498146,-0.3021942152134711,0.5100861092801239,0.15412620833588048,0.13229732083964812,0.2093522437767197,-0.13788782859994264,-0.238926029828677,0.19154306771398694
28.406298385000127,0.10462163159837584,-0.09018087855297156,0.5672320068981571,-0.14289883250703572,0.17016960206944712,-0.14489282979069684,0.5591638783471964,-0.8162976326236442,0.0,0.0,0.11464032367803156,-0.1230255737900734,-0.03912867791950703,-0.29101990163326263,0.1149568110704422,-0.31792840361595154,-0.3283177316188812,0.30089071393013,0.20518822968006134,0.26106549706310034,0.23503722250461578,-0.02213218715041876,0.0,0.03768566995859146,-0.05195081601639358,-0.165102693084751,0.1525701382246492,-0.7301748550335652,0.14266021327336453,-0.2975922728498146,-0.3021942152134711,0.49628028218915343,0.15412620833588048,0.1614429558094757,0.21855612850403364,-0.12408200150897174,-0.22972214510136307,0.18080520219878765
28.426645822000182,0.10462163159837584,-0.09018087855297156,0.6174102228929941,-0.14180800172453928,0.19525871006686563,-0.144903919015525,0.5500226221786477,-0.8224828079331913,0.0,0.0,0.14334724680520594,-0.11577575653791428,-0.047607576474547386,-0.2923789769411087,0.11281915009021759,-0.3096652179956436,-0.32207244634628296,0.29272696375846863,0.19402725994586945,0.2632039925083518,0.22670507431030273,-0.013828708790242672,0.0,0.038225412368774414,-0.015135277107138315,-0.15896676993320868,0.1310944071942502,-0.7301748550335652,0.1334563285460506,-0.2975922728498146,-0.3021942152134711,0.48094047431029674,0.15566018912376628,0.18598664841564588,0.22622603244346176,-0.11487811678165781,-0.21745029879827799,0.16546539431993096
28.44971442200017,0.10462163159837584,-0.09477461958082124,0.6174102228929941,-0.14180800172453928,0.19525871006686563,-0.144903919015525,0.5500226221786477,-0.8224828079331913,0.0,0.0,0.16641513840295374,-0.12110074609518051,-0.03826206736266613,-0.3232789486646652,0.10399764776229858,-0.30542030185461044,-0.32946760952472687,0.28749972581863403,0.18442969024181366,0.26595432963222265,0.21884363889694214,-0.02007599826902151,0.0,0.027763381600379944,0.024748223377888554,-0.15283084678166592,0.11422061852750814,-0.722504951094137,0.12578642460662248,-0.2975922728498146,-0.3021942152134711,0.46253270485566933,0.15566018912376628,0.2059283986581591,0.23082797480711872,-0.10414025126645853,-0.19904252934365013,0.1485916056531889
28.466847184000017,0.10462163159837584,-0.09477461958082124,0.605411084285533,-0.14835298641951802,0.2999784651865254,-0.13880608154885812,0.5358323000966949,-0.8328364892931488,0.0,0.0,0.18216028646565974,-0.11075582355260849,-0.0326645839959383,-0.3616770952939987,0.11931666731834412,-0.3082948848605156,-0.3227534294128418,0.2926487326622009,0.1616450548171997,0.2529419204220176,0.2157711386680603,-0.022557414136826992,0.0,0.023400671780109406,0.058495800711372656,-0.1466949236301236,0.09427886828499493,-0.7117670855789373,0.12271846303085132,-0.2975922728498146,-0.3021942152134711,0.44719289697681264,0.15566018912376628,0.22126820653701534,0.23389593638288989,-0.09186840496337344,-0.18063475988902228,0.13171781698644686
28.486760350000168,0.10462163159837584,-0.09477461958082124,0.4036073895236887,0.04036073895236887,0.40578905108868163,-0.13463326137000875,0.5313934028316254,-0.8363581388136907,0.0,0.0,0.21803966001607478,-0.12355684489011765,-0.0613670889288187,-0.4172918051481247,0.09750819206237793,-0.2780195474624634,-0.28060875833034515,0.2923850119113922,0.15981988608837128,0.24404919054359198,0.20686458051204681,-0.017709397710859776,0.0,0.005433633923530579,0.08610745489331399,-0.14055900047858083,0.07587109883036708,-0.701029220063738,0.12118448224296552,-0.2975922728498146,-0.3021942152134711,0.4303191083100706,0.15566018912376628,0.23200607205221507,0.2354299171707757,-0.08113053944817371,-0.1591590288586237,0.11484402831970482
28.506725440000082,0.10462163159837584,-0.09477461958082124,0.3523383427463553,0.05126904677733343,0.28688849579656794,-0.13066967380519431,0.5247204088739833,-0.8411860251209383,0.0,0.0,0.2342274768743664,-0.1128605380654335,-0.09048892743885517,-0.44837792217731476,0.09541396796703339,-0.2840700149536133,-0.26014813780784607,0.2751966118812561,0.1479802429676056,0.23578569199889898,0.19884825497865677,-0.0036699073389172554,0.0,-0.006506543606519699,0.10911716671159881,-0.12982113496338155,0.05899731016362503,-0.6872233929727671,0.12118448224296552,-0.2975922728498146,-0.3021942152134711,0.41344531964332853,0.15566018912376628,0.2381419952037574,0.2354299171707757,-0.07192665472086023,-0.1376832978282247,0.09950422044084857
28.52692528700004,0.10462163159837584,-0.09477461958082124,0.44505895925855404,0.08290313946973066,0.17780541754692233,-0.12554982048983898,0.5195516961733987,-0.8451646452486721,0.0,0.0,0.25351711944676936,-0.11371981352567673,-0.09304131008684635,-0.48749299347400665,0.09833522140979767,-0.2875096723437309,-0.2720347046852112,0.2662421762943268,0.1341213434934616,0.24012964870780706,0.1799100823700428,0.0023772409185767174,-0.01797574758529663,-0.01023583859205246,0.133660859317769,-0.12215123102395342,0.04058954070899762,-0.6718835850939109,0.12118448224296552,-0.294524311274043,-0.3021942152134711,0.3950375501887011,0.15412620833588048,0.241209956779529,0.2354299171707757,-0.0627227699935463,-0.11774154758571104,0.08263043177410652
28.54703522700015,0.10462163159837584,-0.09477461958082124,0.36324665057131983,0.17562375598192942,0.3425208657038872,-0.11941704098499331,0.5144118688584327,-0.8491878470043969,0.0,0.0,0.2778007669840008,-0.11015517264604568,-0.12171514518558979,-0.5068391412496567,0.0807546079158783,-0.2653842568397522,-0.2387140542268753,0.26402828097343445,0.12425711750984192,0.2265918841585517,0.17533908411860466,0.010250626830384135,-0.04780500754714012,-0.020790454000234604,0.15973853271182498,-0.12061725023606762,0.023715752042255567,-0.6504078540635119,0.12118448224296552,-0.28992236891038603,-0.3021942152134711,0.3781637615219591,0.15412620833588048,0.241209956779529,0.23389593638288989,-0.05351888526623237,-0.09779979734319783,0.06882460468313563
28.566907893000007,0.10462163159837584,-0.09477461958082124,0.3861540970037454,0.210530341021816,0.32506757318394386,-0.11323618727348914,0.508032623983762,-0.8538620607919857,0.0,0.0,0.29581427411176264,-0.10130508989095688,-0.13984458334743977,-0.511944517493248,0.0711696445941925,-0.26014044880867004,-0.22596319764852524,0.24827954173088074,0.10919295251369476,0.2198802074417472,0.16275905817747116,0.025162148289382458,-0.0647663064301014,-0.023942429572343826,0.18428222531799515,-0.11908326944818182,0.005307982587627713,-0.627398142245227,0.12118448224296552,-0.28532042654672907,-0.3021942152134711,0.3628239536431024,0.1495242659722235,0.24581189914318596,0.22929399401923337,-0.047382962114689606,-0.07939202788856997,0.05348479680427938
28.588473349000196,0.10462163159837584,-0.09477461958082124,0.4701480672559725,0.16580627893946132,0.2596177262341565,-0.10816889690299744,0.5000260328534788,-0.8592284074747533,0.0,0.0,0.3090063913259655,-0.09154900163412094,-0.15134756453335285,-0.4901059716939926,0.07100209593772888,-0.25418610870838165,-0.22418543696403503,0.23485897481441498,0.09363977611064911,0.21658675279468298,0.1482999101281166,0.04074274282902479,-0.062295395880937576,-0.02452625334262848,0.20882591792416533,-0.11754928866029646,-0.01309978686700014,-0.6013204688511715,0.11965050145508016,-0.2822524649709579,-0.3021942152134711,0.34748414576424613,0.1433883428206812,0.24734587993107132,0.2216240900798048,-0.03971305817526148,-0.06251823922182792,0.04121295050119429
28.608074704000046,0.10462163159837584,-0.09477461958082124,0.6206827152404835,0.08835729338221293,0.17453292519943295,-0.10511774835900657,0.4898691185662442,-0.8654354428003649,0.0,0.0,0.31307217315770686,-0.08482835441827774,-0.14817501790821552,-0.46278928220272064,0.08102917671203613,-0.25885864347219467,-0.24199873954057693,0.23205512762069702,0.0780433863401413,0.22082339134067297,0.13623561710119247,0.05225533712655306,-0.0510777048766613,-0.013562172651290894,0.2318356297424497,-0.11448132708452485,-0.02843959474585639,-0.5783107570328867,0.1135145783035374,-0.27918450339518674,-0.2975922728498146,0.33367831867327524,0.13725241966913843,0.24581189914318596,0.21242020535249131,-0.03357713502371916,-0.05024639291874284,0.030475084985994563
28.62861695300012,0.10462163159837584,-0.09477461958082124,0.6206827152404835,0.08835729338221293,0.17453292519943295,-0.10511774835900657,0.4898691185662442,-0.8654354428003649,0.0,0.0,0.32831033901311457,-0.08618681877851486,-0.1582373697310686,-0.44877324998378754,0.07672286033630371,-0.2494068592786789,-0.24400397390127182,0.21960093080997467,0.07141955941915512,0.22360972966998816,0.12648309767246246,0.05790957901626825,-0.02811984345316887,-0.01892925426363945,0.25177737998496336,-0.1129473462966395,-0.04531338341259844,-0.5568350260024877,0.10584467436410927,-0.2761165418194156,-0.29145634969827183,0.32140647237019015,0.13111649651759566,0.241209956779529,0.20168233983729159,-0.027441211872176394,-0.042576488979314715,0.02127120025868108
28.648361066000007,0.10462163159837584,-0.09477461958082124,0.7188574856651645,0.1439896632895322,0.12217304763960307,-0.0979990893868242,0.47059979382631206,-0.8768876852425206,0.0,0.0,0.3394575996790081,-0.07866763323545456,-0.1797944623976946,-0.42307667434215546,0.08063217997550964,-0.23704535700380802,-0.24383234232664108,0.20747746527194977,0.060808561742305756,0.22950020339339972,0.10966259613633156,0.07338459137827158,0.0,-0.014994211494922638,0.2686511686517054,-0.1129473462966395,-0.05911921050356933,-0.5353592949720887,0.0997087512125665,-0.2761165418194156,-0.2837864457588437,0.30913462606710507,0.12191261179028219,0.2381419952037574,0.19247845510997766,-0.01977130793274827,-0.03797454661565775,0.013601296319252512
28.668394303000014,0.10462163159837584,-0.09477461958082124,0.8072147790473774,0.25743606466916363,0.23561944901923448,-0.090826493538695,0.45107090049554144,-0.8878544874007265,0.0,0.0,0.3484027071390301,-0.0700782760977745,-0.19043593294918537,-0.4006694406270981,0.0822441577911377,-0.22761895693838596,-0.24774032831192017,0.1901891529560089,0.05081948637962341,0.23649574723094702,0.09628302045166492,0.08261530566960573,0.0,-0.015374414622783661,0.2824569957426763,-0.10987938472086789,-0.07445901838242558,-0.5169515255174613,0.09357282806102418,-0.2745825610315298,-0.2761165418194156,0.29686277976402,0.11270872706296826,0.2381419952037574,0.18327457038266373,-0.013635384781205503,-0.03644056582777239,0.008999353955595549
28.691011762000016,0.0,0.0,0.7406741013150936,0.14508049407202864,0.14508049407202864,-0.21516681895210013,0.43633829331681706,-0.8736773625357368,0.0,0.0,0.28197237686254084,-0.08542224019765854,-0.08563593294918537,-0.34975625574588776,0.13924069702625275,-0.32491324841976166,-0.33698566257953644,0.14718006551265717,0.06788576394319534,0.2951629897579551,0.05820034444332123,0.02555189188569784,0.0,0.00795835256576538,0.29626282283364674,-0.10374346156932557,-0.08673086468551067,-0.5000777368507192,0.09050486648525302,-0.26691265709210166,-0.26691265709210166,0.2845909334609349,0.10350484233565434,0.2381419952037574,0.17253670486746445,-0.005965480841777379,-0.03644056582777239,0.00746537316771019
28.70980201800012,0.0,0.0,0.7068583470577035,0.10035643198967395,0.17889624832941878,-0.08473579702407802,0.4287835512061779,-0.8994245443158161,0.0,0.0,0.3490658503988659,-0.0821942463517189,-0.1453546155244112,-0.33656181395053864,0.06489971280097961,-0.22011324841976165,-0.24635887145996094,0.20559890568256378,0.07300862669944763,0.2366338660940528,0.07654883340001106,-0.003329954110085964,0.0,-0.002484619617462158,0.30853466913673183,-0.0976075384177828,-0.10207067256436692,-0.4847379289718625,0.08897088569736722,-0.2623107147284447,-0.25924275315267353,0.2723190871578498,0.09583493839622621,0.2381419952037574,0.16179883935226516,0.0032384038855365477,-0.03644056582777239,0.005931392379824388
28.729805868000085,0.0,0.0,0.6086835766330224,0.03599741582238305,0.25416357232167425,-0.08163618073167547,0.41940587850898275,-0.9041207016033057,0.0,0.0,0.34788235859014094,-0.06919235736131668,-0.16299468465149403,-0.3147963732481003,0.05837368965148926,-0.2124074213206768,-0.22608386725187302,0.18080098927021027,0.06743226200342178,0.1996964057907462,0.08176550641655922,0.035166374407708645,0.0,0.0024943500757217407,0.31006864992461763,-0.09147161526624048,-0.1158764996553378,-0.46786414030512047,0.08897088569736722,-0.2607767339405589,-0.25464081078901657,0.26004724085476427,0.08663105366891229,0.24581189914318596,0.14952699304917963,0.01244228861285003,-0.03644056582777239,0.005931392379824388
28.749999603000106,0.0,0.0,0.5617778529856748,0.019634954084936207,0.27379852640661045,-0.07961720819258496,0.4103348422233225,-0.9084527601461617,0.0,0.0,0.3490658503988659,-0.06905437260866165,-0.17576493509113789,-0.2963853031396866,0.06983587145805359,-0.21847054176032543,-0.22579459100961685,0.15258243680000305,0.07759623229503632,0.208997025154531,0.07426153868436813,0.05280760768800974,0.0,0.0007212087512016296,0.3146705922882746,-0.08686967290258352,-0.1281483459584229,-0.4509903516383784,0.09050486648525302,-0.2623107147284447,-0.25157284921324496,0.24777539455167918,0.07742716894159836,0.24887986071895712,0.13878912753398034,0.021646173340163957,-0.03644056582777239,0.005931392379824388
28.769971508000026,0.0,0.0,0.49414634447089456,-0.003272492347489368,0.21489366415180183,-0.07857138766588545,0.40204060701764766,-0.9122444230298908,0.0,0.0,0.3490658503988659,-0.0544452890753746,-0.16557601280510426,-0.25247061252593994,0.08917973935604095,-0.2211617697030306,-0.2225201651453972,0.13146589696407318,0.0733174979686737,0.20937570836395025,0.07392095401883125,0.0719126658514142,0.0,-0.007032230496406555,0.31927253465193156,-0.08073374975104075,-0.13888621147362262,-0.432582582183751,0.09050486648525302,-0.25617479157690193,-0.25157284921324496,0.2355035482485941,0.06975726500217024,0.24274393756741436,0.12651728123089526,0.02931607727959208,-0.03490658503988659,0.005931392379824388
28.790808512000012,0.0,0.0,0.45705809786601503,-0.0545415391248228,0.04799655442984406,-0.0795680626583584,0.39069958971988805,-0.9170729273059514,0.0,0.0,0.3490658503988659,-0.058263398706912994,-0.15933802910149097,-0.2261439859867096,0.09558068215847015,-0.21760681830346584,-0.22104183584451675,0.11618512868881226,0.07805586606264114,0.21444849576801062,0.07048515975475311,0.06374029535800219,0.0,-0.014592789113521576,0.3238744770155885,-0.07919976896315539,-0.14655611541305075,-0.41417481272912315,0.09050486648525302,-0.2500388684253596,-0.2500388684253596,0.2247656827333948,0.06515532263851327,0.23660801441587204,0.11577941571569553,0.03545200043113485,-0.030304642676229628,0.00746537316771019
28.810347997999997,0.0,0.0,0.45705809786601503,-0.0545415391248228,0.04799655442984406,-0.0795680626583584,0.39069958971988805,-0.9170729273059514,0.0,0.0,0.3490658503988659,-0.057459138333797455,-0.15496963448822498,-0.23108072578907013,0.08551834523677826,-0.2158837877213955,-0.21662736684083939,0.12915773689746857,0.06954042613506317,0.19908013846725225,0.07503645867109299,0.04571893531829119,0.0,-0.011367850005626678,0.3284764193792455,-0.07919976896315539,-0.1511580577767077,-0.39423306248660994,0.09050486648525302,-0.24390294527381684,-0.2500388684253596,0.21402781721819508,0.06208736106274211,0.23200607205221507,0.10657553098838204,0.03851996200690601,-0.0211007579489157,0.00746537316771019
28.83076087900008,0.0,0.0,0.3817907738737596,-0.06544984694978735,0.13308135546456762,-0.07960783616876418,0.38477120814902693,-0.9195725690776478,0.0,0.0,0.3490658503988659,-0.04311879724264145,-0.14293781109154224,-0.2187291830778122,0.09078744053840637,-0.21934344060719013,-0.20486868917942047,0.12343834340572357,0.061329782009124756,0.17509068455547094,0.085696991533041,0.05518633220344782,0.0,-0.014356784522533417,0.33307836174290245,-0.07766578817526959,-0.15422601935247887,-0.3727573314562109,0.09050486648525302,-0.24083498369804568,-0.2485048876374738,0.20175597091511,0.06208736106274211,0.2274041296885581,0.09890562704895348,0.04158792358267717,-0.013430854009487576,0.00746537316771019
28.850639731,0.0,0.0,0.37306412761378793,-0.026179938779914945,0.11780972450961724,-0.07857232850954111,0.37551450508456014,-0.9234799649498014,0.0,0.0,0.3490658503988659,-0.04682721942663193,-0.13517548330128193,-0.2041301429271698,0.0826076865196228,-0.20587613619863987,-0.20082266256213188,0.11592698097229004,0.059241585433483124,0.16694202926009893,0.08012011647224426,0.04151108022779226,0.0,-0.02746805176138878,0.3346123425307878,-0.07766578817526959,-0.15422601935247887,-0.35281558121369727,0.09050486648525302,-0.23776702212227452,-0.24543692606170264,0.1910181053999107,0.06208736106274211,0.22280218732490115,0.09276970389741115,0.04312190437056297,-0.008828911645830613,0.008999353955595549
28.87049052700013,0.0,0.0,0.35779249665883756,-0.02945243112740431,0.08290313946973066,-0.07957240998268192,0.3682774359454894,-0.9263044649266049,0.0,0.0,0.3490658503988659,-0.04005341976881027,-0.12197050638496876,-0.18277499079704285,0.08083197474479675,-0.20396670885384083,-0.19988826289772987,0.11676223576068878,0.05095135420560837,0.15606291498988867,0.08129695430397987,0.03549296874552965,0.0,-0.030403556302189827,0.3361463233186736,-0.07306384581161263,-0.15269203856459307,-0.3313398501832987,0.09050486648525302,-0.2346990605465029,-0.24083498369804568,0.18028023988471098,0.06208736106274211,0.21359830259758722,0.08509979995798303,0.047723846734219935,-0.005760950070059452,0.008999353955595549
28.893552387,0.0,0.0,0.42542400517361784,-0.07526732399225546,-0.002181661564992912,-0.08160406605653187,0.35497768734591356,-0.9313064038701699,0.0,0.0,0.3490658503988659,-0.040065862238407135,-0.11235282011330128,-0.15017791092395782,0.08749713003635406,-0.20198222622275352,-0.20869062840938568,0.10910496860742569,0.04477762058377266,0.16442525293678045,0.06599032133817673,0.021552872844040394,0.0,-0.0316923838108778,0.3361463233186736,-0.06846190344795566,-0.15269203856459307,-0.3083301383650139,0.09050486648525302,-0.23163109897073175,-0.2346990605465029,0.1710763551573975,0.06208736106274211,0.19979247550661633,0.08049785759432607,0.050791808309991096,-0.00422696928217365,0.008999353955595549
28.91100501599999,0.0,0.0,0.42542400517361784,-0.07526732399225546,-0.002181661564992912,-0.08160406605653187,0.35497768734591356,-0.9313064038701699,0.0,0.0,0.34263744787313044,-0.035074032843112946,-0.10449817962944508,-0.12227734923362732,0.07696069777011871,-0.19417945761233568,-0.20276642963290215,0.11916238069534302,0.03750057518482208,0.14742210414260626,0.07109393924474716,0.010266734403558075,0.0,-0.037032365798950195,0.3361463233186736,-0.0638599610842987,-0.1496240769888219,-0.28992236891038603,0.09050486648525302,-0.2270291566070748,-0.2285631373949606,0.16340645121796893,0.06208736106274211,0.18445266762776008,0.07896387680644026,0.0523257890978769,-0.002692988494288291,0.010533334743481351
28.93105219800009,0.0,0.0,0.6206827152404835,-0.05235987755982989,-0.1505346479845109,-0.2102224278884896,0.33635588462158333,-0.9179712684464045,0.0,0.0,0.28483399585820735,-0.03196140378713608,-0.032505614683032036,-0.11921072006225586,0.14727526903152466,-0.287080779671669,-0.2952500134706497,0.06851792335510254,0.006088270340114832,0.21433003153651953,0.022629916667938232,-0.05198667477816343,0.0,-0.040594032034277916,0.3361463233186736,-0.05772403793275638,-0.1434881538372796,-0.2715145994557586,0.09050486648525302,-0.22549517581918943,-0.22396119503130363,0.1572705280664266,0.06208736106274211,0.17678276368833196,0.07896387680644026,0.0538597698857627,-0.002692988494288291,0.010533334743481351
28.951264675000175,0.0,0.0,0.7930339788749234,0.02945243112740431,-0.23561944901923448,-0.08474414421888031,0.32059832873166766,-0.9434167380511495,0.0,0.0,0.29388660029508173,-0.008569546043872833,-0.05815248377621174,-0.07347143813967705,0.09852990508079529,-0.182280779671669,-0.21326248347759247,0.17331792335510254,0.01366204023361206,0.17713409569114447,0.06628243252635002,-0.08609520923346281,0.0,-0.02203454077243805,0.3361463233186736,-0.05158811478121361,-0.13581824989785102,-0.2500388684253596,0.09050486648525302,-0.22089323345553247,-0.21935925266764666,0.15113460491488384,0.06208736106274211,0.1706468405367892,0.07742989601855446,0.050791808309991096,-0.0011590077064024887,0.010533334743481351
28.9712732280002,0.0,0.0,0.770126532442498,0.019634954084936207,-0.19962203319685143,-0.08674074534846905,0.30614380711224376,-0.9480253226909149,0.0,1.0,0.2778765244875103,0.0011727064847946167,-0.03801419772207737,-0.048885609954595566,0.07394582033157349,-0.18027857318520546,-0.2307756319642067,0.17185311019420624,0.00810764729976654,0.13738225307315588,0.06709038838744164,-0.0604459447786212,0.0,-0.008133277297019958,0.33001040016713085,-0.04698617241755665,-0.1281483459584229,-0.2300971181828464,0.08897088569736722,-0.22396119503130363,-0.21782527187976086,0.14653266255122688,0.05748541869908515,0.1706468405367892,0.0743619344427833,0.04618986594633413,-0.0011590077064024887,0.010533334743481351
28.991479149000043,0.0,0.0,0.7963064712224128,-0.0272707695624114,-0.3337942194439155,-0.0898399885627762,0.290959053868082,-0.9525080605576158,1.0,1.0,0.2703173740301281,0.01501888781785965,-0.0330375861376524,0.0,0.07564660906791687,-0.1730458177626133,-0.24558599293231964,0.1537485271692276,0.013996444642543793,0.15191335882991552,0.0712163969874382,-0.057601737789809704,0.0,0.003756500780582428,0.3223404962277027,-0.042384230053899685,-0.11894446123110897,-0.21168934872821854,0.08897088569736722,-0.22549517581918943,-0.21782527187976086,0.14193072018756991,0.05134949554754238,0.172180821324675,0.06822601129124098,0.04005394279479181,0.0019089538693686722,0.012067315531367154
29.01141000000007,0.0,0.0,0.7286749627076325,-0.022907446432425576,-0.2748893571891069,-0.09185332985473767,0.27760117467209605,-0.9562952230432133,1.0,1.0,0.2460138334427029,0.024738147854804993,-0.02345159463584423,0.0,0.0836971253156662,-0.1734255962073803,-0.24305622279644012,0.16201476752758026,0.004323698114603758,0.1464289715513587,0.08110367879271507,-0.03958941902965307,0.0,0.019421502947807312,0.31160263071250344,-0.03624830690235736,-0.11741048044322361,-0.19021361769781953,0.09357282806102418,-0.22396119503130363,-0.21935925266764666,0.13886275861179875,0.04367959160811426,0.16757887896101803,0.06209008813969821,0.03238403885536369,0.0034429346572544747,0.012067315531367154
29.031642087000137,0.0,0.0,0.7286749627076325,-0.022907446432425576,-0.2748893571891069,-0.09185332985473767,0.27760117467209605,-0.9562952230432133,1.0,1.0,0.2314341349992901,0.013401389122009277,-0.014930902048945427,0.0,0.060959361493587494,-0.17117464169859886,-0.2537626177072525,0.17191356420516968,0.012177247554063797,0.1453395327553153,0.07988635078072548,-0.061448085121810436,0.0,0.026239104568958282,0.29626282283364674,-0.0331803453265862,-0.10820659571590968,-0.17333982903107747,0.09357282806102418,-0.21935925266764666,-0.22089323345553247,0.1373287778239134,0.040611630032343096,0.16297693659736107,0.05902212656392705,0.024714134915935118,0.0034429346572544747,0.010533334743481351
29.05208863400003,0.0,0.0,0.7581273938350369,-0.09053895494720585,-0.433059820651093,-0.09391109668916524,0.2541724247348059,-0.9625887410639435,1.0,1.0,0.21987904445268214,0.04489055275917053,-0.03072313405573368,0.0,0.05381491035223007,-0.16411535441875458,-0.24215425550937653,0.15064473450183868,0.017544111236929893,0.14968655910342932,0.0951381791383028,-0.04572312440723181,0.0,0.028945736587047577,0.2870589381063328,-0.02857840296292924,-0.10207067256436692,-0.15646604036433542,0.09510680884890954,-0.2162912910918755,-0.22089323345553247,0.1357947970360276,0.039077649244457294,0.1599089750215899,0.05902212656392705,0.017044230976506994,0.0034429346572544747,0.010533334743481351
29.07189180200021,0.0,0.0,0.6981317007977318,0.17998707911191522,-0.08617563181722002,-0.0908150972633546,0.2408130669005807,-0.9663134506561439,1.0,1.0,0.21109241084195673,0.043482132256031036,-0.05176393873989582,0.0,0.03478599339723587,-0.1576128639280796,-0.20650196820497513,0.1464185267686844,0.02077498845756054,0.1268967231735587,0.094887999817729,-0.04172444995492697,0.0,0.019655629992485046,0.27478709180324773,-0.020908499023501115,-0.0974687302007104,-0.1365242901218222,0.09510680884890954,-0.2147573103039897,-0.22396119503130363,0.1357947970360276,0.03447570688080033,0.15684101344581874,0.05748814577604125,0.010908307824964672,0.0034429346572544747,0.008999353955595549
29.092161314000123,0.0,0.0,0.7766715171374766,0.28688849579656794,-0.09053895494720585,-0.08260894723270316,0.2202905259538751,-0.9719299594168654,1.0,1.0,0.1923542453441769,0.0634390227496624,-0.0661002118140459,0.0,0.05074663460254669,-0.1491556614637375,-0.19714711979031563,0.13723203539848328,0.016817796975374222,0.15003771986812353,0.09717876464128494,-0.02054609637707472,0.0,0.02478952705860138,0.2609812647122773,-0.011704614296187188,-0.09440076862493879,-0.11811652066719436,0.09510680884890954,-0.21322332951610434,-0.2300971181828464,0.1357947970360276,0.029873764517143367,0.15684101344581874,0.05748814577604125,0.004772384673421906,0.004976915445140277,0.012067315531367154
29.11222012600001,0.0,0.0,0.6163193921104976,0.30325095753401476,0.05890486225480862,-0.07551216975095268,0.21122998835739465,-0.9745151636778354,1.0,1.0,0.18107952014543116,0.05505528301000595,-0.0740018580108881,0.0,0.05337148904800415,-0.16067223250865936,-0.1811523139476776,0.1356155425310135,0.013586746528744698,0.1312043508514762,0.09035791456699371,-0.022387715987861156,0.0,0.022240474820137024,0.24410747604553523,-0.004034710356759064,-0.09133280704916763,-0.0997087512125665,0.09510680884890954,-0.21015536794033274,-0.2346990605465029,0.13886275861179875,0.02833978372925801,0.15223907108216178,0.05748814577604125,0.0032384038855365477,0.006510896233025636,0.016669257895024117
29.132231402000116,0.0,0.0,0.36760997370130566,0.33597588100890846,0.09708393964218458,-0.06835528404997204,0.20506585214991616,-0.9763583109824365,1.0,1.0,0.17030824557878077,0.058127664029598236,-0.06588552333414555,0.0,0.043730445206165314,-0.1721949428319931,-0.1565039660781622,0.12671200931072235,0.015930403023958206,0.09473208989948034,0.09989463537931442,-0.020959007553756237,0.0,0.012863457202911377,0.23030164895456434,0.0036351935826695048,-0.08826484547339647,-0.08436894333371026,0.09510680884890954,-0.20708740636456158,-0.23776702212227452,0.14193072018756991,0.023737841365601045,0.15070509029427598,0.05748814577604125,0.0017044230976507452,0.006510896233025636,0.02280518104656644
29.15269856000009,0.0,0.0,0.24980024919168842,0.3839724354387525,0.2923426497090502,-0.06021492932234741,0.20105662841529562,-0.977727157471336,1.0,1.0,0.15826722816564143,0.05924801528453827,-0.0674899984151125,0.0,0.035654470324516296,-0.17994572967290878,-0.13286228850483894,0.12311165034770966,0.00814024917781353,0.07591902371495962,0.09617173671722412,-0.015606098808348179,0.0,0.007898233830928802,0.21649582186359345,0.011305097522097629,-0.08673086468551067,-0.07056311624273937,0.09050486648525302,-0.20555342557667577,-0.23930100291015988,0.14653266255122688,0.01913589900194408,0.14763712871850482,0.06055610735181241,0.0017044230976507452,0.008044877020911438,0.028941104198109205
29.172618837000073,0.0,0.0,0.24980024919168842,0.3839724354387525,0.2923426497090502,-0.06021492932234741,0.20105662841529562,-0.977727157471336,1.0,1.0,0.1444697363767773,0.06332629919052124,-0.06589032150804996,0.0,0.027730539441108704,-0.187651002779603,-0.129036670550704,0.12195524573326111,0.005393046420067549,0.06470219697803259,0.08844519779086113,-0.017697407864034176,0.0,0.006345659494400024,0.20575795634839417,0.018975001461525753,-0.0836629031097395,-0.05522330836388312,0.08743690490948142,-0.20401944478879042,-0.23930100291015988,0.15113460491488384,0.01913589900194408,0.1368992632033051,0.06362406892758402,0.0017044230976507452,0.009578857808796797,0.03354304656176617
29.192753037000102,0.0,0.0,0.21162117180431245,0.3937899124812206,0.4014257279586958,-0.04592539728252848,0.194927797354732,-0.9797418086939408,1.0,1.0,0.1282307042274624,0.06753160059452057,-0.06397944875061512,0.0,0.028598397970199585,-0.18991739302873611,-0.1204448789358139,0.12513132393360138,0.0022852718830108643,0.052092029713094234,0.09601498395204544,-0.01027620304375887,0.0,0.007180467247962952,0.19348611004530908,0.02511092461306852,-0.0821289223218537,-0.04448544284868339,0.08283496254582445,-0.2024854640009046,-0.23930100291015988,0.15113460491488384,0.01760191821405828,0.12309343611233464,0.06362406892758402,0.0017044230976507452,0.009578857808796797,0.03661100813753733
29.21380298200006,0.0,0.0,0.14508049407202864,0.46687557490848314,0.37306412761378793,-0.035720051077435144,0.19186770293022307,-0.9807705452975763,1.0,1.0,0.12252513156272471,0.06948115304112434,-0.058907413855195045,0.0,0.01087149977684021,-0.18720869161188602,-0.11595497094094753,0.1145210713148117,0.010185204446315765,0.045262123458087444,0.09724746271967888,-0.011671151034533978,0.0,0.004723638296127319,0.1796802829543382,0.03124684776461084,-0.0821289223218537,-0.035281558121369905,0.07669903939428213,-0.2024854640009046,-0.23623304133438872,0.15113460491488384,0.01606793742617292,0.10621964744559259,0.06362406892758402,0.0032384038855365477,0.009578857808796797,0.03814498892542313
29.232734885000127,0.0,0.0,0.210530341021816,0.4079707126536745,0.46796640569097964,-0.022446478926002798,0.18467330389120484,-0.9825436002609408,1.0,1.0,0.10806833789683878,0.0743529461324215,-0.05839123763144016,0.0,0.018023908138275146,-0.1913951225578785,-0.11462501436471939,0.1229812353849411,0.008079953491687775,0.03952124994248152,0.09446714073419571,-0.006493770517408848,0.0,0.005753085017204285,0.1674084366512531,0.035848790128267805,-0.08059494153396835,-0.02914563496982714,0.07056311624273937,-0.2009514832130188,-0.2285631373949606,0.15113460491488384,0.014533956638287118,0.0924138203546217,0.06362406892758402,0.0032384038855365477,0.009578857808796797,0.03814498892542313
29.252946176000023,0.0,0.0,0.3392483733563978,0.2912518189265537,0.4799655442984406,-0.016328426411122202,0.17859216387164908,-0.9837876912701128,1.0,1.0,0.0988909734878689,0.08257000148296356,-0.06065755523741245,0.0,0.02323964238166809,-0.19466145802289248,-0.12031781487166882,0.12267549335956573,0.012977058067917824,0.04227903392165899,0.09366796165704727,-0.011892219074070454,0.0,0.0077010467648506165,0.15820455192393917,0.04198471327981057,-0.07906096074608254,-0.023009711818284817,0.06442719309119704,-0.2009514832130188,-0.21782527187976086,0.14806664333911268,0.011465995062515957,0.07860799326365081,0.06362406892758402,0.0032384038855365477,0.009578857808796797,0.03814498892542313
29.273124597000105,0.0,0.0,0.32070425005395803,0.23452861823673804,0.5225079448158024,-0.010206813309129375,0.17249514492428644,-0.9849574843309847,1.0,1.0,0.0879932998213917,0.08929428085684776,-0.06107284314930439,0.0,0.021011032164096832,-0.1949932500720024,-0.12381818145513535,0.12203696370124817,0.014765134081244469,0.03487719129770994,0.0960640050470829,-0.011791101656854153,0.0,0.00548388808965683,0.14900066719662525,0.04812063643135289,-0.07906096074608254,-0.018407769454627854,0.05675728915176892,-0.2009514832130188,-0.20555342557667577,0.14499868176334152,0.009932014274630155,0.06787012774845153,0.06362406892758402,0.0032384038855365477,0.009578857808796797,0.03967896971330849
29.293023059999996,0.0,0.0,0.33597588100890846,0.2279836335417593,0.358883327441334,-0.00509949807294701,0.1652237375634831,-0.9862429273079515,1.0,1.0,0.08245684043504298,0.09722790867090225,-0.05797845311462879,0.0,0.019421525299549103,-0.19085935316979885,-0.1270732767879963,0.10754822939634323,0.023262804374098778,0.03501266147941351,0.09865142591297626,-0.015317914076149464,0.0,0.00353231281042099,0.13672882089354016,0.052722578795009856,-0.07752697995819674,-0.01380582709097089,0.052155346788111956,-0.2009514832130188,-0.1932815792735907,0.14039673939968456,0.009932014274630155,0.05866624302113759,0.06362406892758402,0.0032384038855365477,0.009578857808796797,0.03967896971330849
29.31511304500009,0.0,0.0,0.32506757318394386,0.21707532571679475,0.25743606466916363,-0.0,0.1591041743766305,-0.9872617999780661,1.0,1.0,0.06904946849681437,0.10200273618102074,-0.05895931459963322,0.0,0.02132241427898407,-0.18866592086851597,-0.12523330375552177,0.10294342041015625,0.024975279346108437,0.031824286095798016,0.1014560516923666,-0.016501913778483868,0.0,0.001673370599746704,0.12292299380256926,0.06039248273443798,-0.07752697995819674,-0.009203884727313927,0.04755340442445499,-0.2009514832130188,-0.1810097329705056,0.1373287778239134,0.009932014274630155,0.052530319869594826,0.06362406892758402,0.0017044230976507452,0.009578857808796797,0.03967896971330849
29.333587066000064,0.0,0.0,0.30652344988150415,0.16798794050445423,0.21925698728178766,0.0020414232746768534,0.15412745723810245,-0.9880488649435971,1.0,1.0,0.060703458497300744,0.10796655062586069,-0.05505835451185703,0.0,0.019572027027606964,-0.18726578913629055,-0.12831181660294533,0.09928403049707413,0.02766713872551918,0.025505206547677517,0.10664469841867685,-0.012466215528547764,0.0,0.0030172839760780334,0.11218512828736997,0.06652840588598075,-0.07599299917031138,-0.006135923151542766,0.04448544284868339,-0.2009514832130188,-0.1702718674553063,0.1342608162481418,0.009932014274630155,0.04792837750593786,0.06362406892758402,0.0017044230976507452,0.009578857808796797,0.03967896971330849
29.354307442000163,0.0,0.0,0.3097959422289935,0.10471975511965978,0.18216874067690814,0.004082478652058916,0.1479898511371357,-0.9889804534612724,1.0,1.0,0.053754044929519296,0.11334222555160522,-0.05594152398407459,0.0,0.01943996548652649,-0.18651413545012474,-0.13042004220187664,0.09253054112195969,0.029286924749612808,0.023973518051207066,0.10652808472514153,-0.016124301590025425,0.0,-0.0003813207149505615,0.10144726277217024,0.07419830982540887,-0.07445901838242558,-0.004601942363656963,0.04295146206079803,-0.2009514832130188,-0.15953400194010658,0.12812489309659947,0.009932014274630155,0.0433264351422809,0.06362406892758402,0.0017044230976507452,0.009578857808796797,0.03967896971330849
29.374124813000208,0.0,0.0,0.3097959422289935,0.10471975511965978,0.18216874067690814,0.004082478652058916,0.1479898511371357,-0.9889804534612724,1.0,1.0,0.04533109278418124,0.11692737322300673,-0.056168029084801674,0.0,0.01925649493932724,-0.18604354746639729,-0.13189129903912544,0.08693300932645798,0.03401073068380356,0.023689459078013897,0.10646330565214157,-0.017125911079347134,0.0,0.00012280046939849854,0.09070939725697096,0.08033423297695119,-0.07445901838242558,-0.003067961575771161,0.04295146206079803,-0.2009514832130188,-0.15186409800067846,0.1219889699450567,0.009932014274630155,0.04025847356650974,0.06362406892758402,0.0017044230976507452,0.009578857808796797,0.03967896971330849
29.39393007400008,0.0,0.0,0.34470252726888007,0.04036073895236887,0.136353847812057,0.007140199764163241,0.1377038525945768,-0.9904477101432154,1.0,1.0,0.04143241257406771,0.12589393695816398,-0.05461091734468937,0.0,0.02660459280014038,-0.18413769081234932,-0.13587777083739638,0.07959907501935959,0.03548136726021767,0.01958996057510376,0.11151330731809139,-0.012455669231712818,0.0,-0.0013714507222175598,0.08150551252965703,0.08647015612849396,-0.07445901838242558,-0.003067961575771161,0.04295146206079803,-0.2009514832130188,-0.1457281748491357,0.11585304679351438,0.009932014274630155,0.035656531202852774,0.06515804971546937,0.0017044230976507452,0.009578857808796797,0.03967896971330849
29.414370047000148,0.0,0.0,0.3119776037939864,-0.017453292519943295,0.03490658503988659,0.007145126624084971,0.1326952087330066,-0.9911311359980725,1.0,1.0,0.035263905534520745,0.12787852436304092,-0.05205135978758335,0.0,0.029890164732933044,-0.18292643502354622,-0.13828424457460642,0.07067617774009705,0.039291489869356155,0.017135510221123695,0.11358170118182898,-0.013779235072433949,0.0,-0.0008349604904651642,0.0723016278023431,0.09260607928003672,-0.07445901838242558,-0.003067961575771161,0.04295146206079803,-0.2009514832130188,-0.14112623248547917,0.10971712364197161,0.011465995062515957,0.032588569627081614,0.06515804971546937,0.0017044230976507452,0.009578857808796797,0.03967896971330849
29.434216805999995,0.0,0.0,0.2519819107566813,0.00545415391248228,0.05126904677733343,0.0071444864858119465,0.12553883396498133,-0.9920629806013159,1.0,1.0,0.0275513066444546,0.13338720239698887,-0.049819136038422585,0.0,0.023082531988620758,-0.17863848432898521,-0.13364147581160069,0.06720691174268723,0.038467202335596085,0.012531893327832222,0.11928432458080351,-0.009936071000993252,0.0,-0.004430755972862244,0.06463172386291498,0.09720802164369324,-0.07445901838242558,-0.003067961575771161,0.04295146206079803,-0.2009514832130188,-0.13959225169759337,0.10511518127831465,0.012999975850401316,0.029520608051310453,0.06515804971546937,0.0017044230976507452,0.009578857808796797,0.03967896971330849
29.45422528600011,0.0,0.0,0.21162117180431245,-0.022907446432425576,0.08944812416470939,0.007140853612962402,0.12139451142036083,-0.9925786522017739,1.0,1.0,0.021422686288133264,0.13447329960763454,-0.04320964030921459,0.0,0.02474946528673172,-0.17942895740270615,-0.13361909985542297,0.06573756784200668,0.03843291848897934,0.007096775574609637,0.12367288826499134,-0.002892722375690937,0.0,-0.0030856281518936157,0.05696181992348685,0.1018099640073502,-0.07292503759453978,-0.0015339807878858025,0.04295146206079803,-0.19941750242513345,-0.13805827090970757,0.10204721970254349,0.01606793742617292,0.026452646475538848,0.06515804971546937,0.0017044230976507452,0.009578857808796797,0.03967896971330849
29.4749046070001,0.0,0.0,0.1712604328519436,0.008726646259971648,0.026179938779914945,0.007143474525206234,0.11837757784627471,-0.9929429590036665,1.0,1.0,0.015528954798355699,0.13743555918335915,-0.04050789214670658,0.0,0.015924863517284393,-0.1760396920144558,-0.13072400353848934,0.0580911859869957,0.03662347048521042,0.008484215941280127,0.1240448362659663,-0.0038791121914982796,0.0,-0.008183985948562622,0.04929191598405873,0.10641190637100717,-0.06985707601876862,-0.0015339807878858025,0.04295146206079803,-0.19941750242513345,-0.13805827090970757,0.09897925812677233,0.01760191821405828,0.023384684899767687,0.06515804971546937,0.0017044230976507452,0.009578857808796797,0.03967896971330849
29.494439500999988,0.0,0.0,0.11999138607461016,0.011999138607461015,0.022907446432425576,0.008165863252939698,0.11636355135439069,-0.9931731181387907,1.0,1.0,0.00702132354490459,0.13592313136905432,-0.039136944338679314,0.0,0.010930046439170837,-0.1754898801445961,-0.12782208994030952,0.057333216071128845,0.032788798213005066,0.005483620800077915,0.12621463183313608,0.0010955752804875374,0.0,-0.010015644133090973,0.041622012044630605,0.11101384873466413,-0.06678911444299745,-0.0015339807878858025,0.04295146206079803,-0.1963495408493623,-0.13805827090970757,0.09437731576311537,0.01913589900194408,0.020316723323996526,0.06515804971546937,0.0017044230976507452,0.009578857808796797,0.03967896971330849
29.51641493200009,0.0,0.0,0.10471975511965978,0.01090830782496456,0.12326387842209953,0.00815951095967883,0.11423315343550361,-0.9934204593408974,1.0,1.0,0.004705664003267884,0.1370981726795435,-0.03395040147006512,0.0,0.009985551238059998,-0.17635605856776237,-0.1282708439975977,0.053019069135189056,0.03357483446598053,0.005055493908002973,0.12456913525238633,0.001874738372862339,0.0,-0.01003091037273407,0.03548608889308784,0.1140818103104353,-0.0637211528672263,-0.0015339807878858025,0.04295146206079803,-0.1948155600614765,-0.13805827090970757,0.0897753733994584,0.020669879789829884,0.018782742536110723,0.06669203050335518,0.0017044230976507452,0.009578857808796797,0.03814498892542313
29.53537544599999,0.0,0.0,0.10471975511965978,0.01090830782496456,0.12326387842209953,0.00815951095967883,0.11423315343550361,-0.9934204593408974,1.0,1.0,-0.0018772173207253218,0.13749366905540228,-0.03539914824068546,0.0,0.002257775515317917,-0.17472343891859055,-0.12630471214652061,0.04985769838094711,0.03320718929171562,0.004516890621744096,0.12184101302409545,0.0017271311953663826,0.0,-0.013050787150859833,0.029350165741545073,0.1171497718862069,-0.06065319129145469,-0.0015339807878858025,0.04141748127291223,-0.1948155600614765,-0.13805827090970757,0.08517343103580144,0.020669879789829884,0.015714780960339562,0.06822601129124098,0.0017044230976507452,0.009578857808796797,0.03814498892542313
29.555188058000113,0.0,0.0,0.13962634015954636,-0.028361600344907856,0.16580627893946132,0.008164162189113004,0.10919566927938643,-0.9939867465245081,1.0,1.0,-0.0032749532256275415,0.14107573591172695,-0.029265696182847023,0.0,0.008007973432540894,-0.17902103811502457,-0.13415973028168082,0.04924297332763672,0.03328409045934677,0.0020683829206973314,0.12296998250531033,0.006638871971517801,0.0,-0.01149265468120575,0.02321424259000275,0.12021773346197806,-0.056051248927797725,-0.003067961575771161,0.038349519697141066,-0.1948155600614765,-0.13805827090970757,0.08057148867214448,0.020669879789829884,0.015714780960339562,0.06822601129124098,0.0032384038855365477,0.009578857808796797,0.03814498892542313
29.576311076000138,0.0,0.0,0.12326387842209953,-0.013089969389957472,0.2203478180642841,0.008158573182156893,0.1060614513680396,-0.9943261065753712,1.0,1.0,-0.009411105653271079,0.14122855477035046,-0.02870299108326435,0.0,0.006185855716466904,-0.17323464900255203,-0.13259220495820045,0.04956892877817154,0.03241163492202759,0.0019579262007027864,0.12317044055089355,0.008161723148077726,0.0,-0.011105872690677643,0.017078319438459985,0.12175171424986386,-0.052983287352026565,-0.003067961575771161,0.0337475773334841,-0.19174759848570533,-0.13805827090970757,0.07596954630848751,0.020669879789829884,0.01418080017245376,0.06822601129124098,0.004772384673421906,0.009578857808796797,0.03661100813753733
29.596191539000074,0.0,0.0,0.1189005552921137,-0.037088246604879506,0.17453292519943295,0.007141091420700928,0.10303574764154194,-0.9946520193119148,1.0,1.0,-0.012200781842693686,0.14297915063798428,-0.025074122473597527,0.0,0.0007706396281719208,-0.1757020205259323,-0.13443511305376887,0.047466930001974106,0.029044736176729202,0.0020529967732727528,0.1228579833987169,0.009475910803303123,0.0,-0.01723421737551689,0.010942396286917663,0.12481967582563502,-0.0483813449883696,-0.003067961575771161,0.03067961575771294,-0.19174759848570533,-0.13805827090970757,0.07290158473271635,0.020669879789829884,0.01418080017245376,0.06822601129124098,0.004772384673421906,0.008044877020911438,0.03661100813753733
29.616327331000093,0.0,0.0,0.2203478180642841,-0.038179077387375956,0.008726646259971648,0.0071447544297332174,0.09798520360776983,-0.9951622241414123,1.0,1.0,-0.00976486480794847,0.14516840688884258,-0.020972715690732002,0.0,0.01093912124633789,-0.17477381974458694,-0.14311438077129424,0.03523266315460205,0.031799428164958954,0.0047881536884233356,0.12075231061317027,0.009549643145874143,0.0,-0.009511500597000122,0.0063404539232607,0.12635365661352083,-0.04531338341259844,-0.003067961575771161,0.027611654181941336,-0.19174759848570533,-0.13805827090970757,0.06983362315694519,0.020669879789829884,0.01418080017245376,0.06822601129124098,0.004772384673421906,0.008044877020911438,0.03507702734965153
29.636390699000003,0.0,0.0,0.16144295580947549,-0.031634092692397225,0.008726646259971648,0.006120295401962447,0.09384452949675753,-0.995568052052558,1.0,1.0,-0.015543184941634536,0.14478479884564877,-0.020571941509842873,0.0,0.0024298205971717834,-0.16863872855901718,-0.13922417722642422,0.0370030403137207,0.027440421283245087,0.0048766182153485715,0.12267114839050919,0.011185105598997325,0.0,-0.014455083757638931,0.0017385115596037365,0.12788763740140618,-0.04224542183682728,-0.003067961575771161,0.027611654181941336,-0.19174759848570533,-0.13805827090970757,0.06523168079328823,0.020669879789829884,0.01418080017245376,0.06822601129124098,0.004772384673421906,0.008044877020911438,0.03507702734965153
29.656652211000164,0.0,0.0,0.16144295580947549,-0.031634092692397225,0.008726646259971648,0.006120295401962447,0.09384452949675753,-0.995568052052558,1.0,1.0,-0.016834782203659415,0.14496280252933502,-0.015811234712600708,0.0,0.0027872025966644287,-0.17112653702497482,-0.14111857488751411,0.030655942857265472,0.028274398297071457,0.00547786382958293,0.12098748586140573,0.011114203138276935,0.0,-0.01255606859922409,-0.002863430804053227,0.129421618189292,-0.039177460261055674,-0.003067961575771161,0.027611654181941336,-0.19174759848570533,-0.13805827090970757,0.05909575764174546,0.020669879789829884,0.01418080017245376,0.06822601129124098,0.004772384673421906,0.008044877020911438,0.032009065773880366
29.677187887000173,0.0,0.0,0.09490227807719166,-0.08399397025222712,-0.025089107997418487,0.004081012304753739,0.09182277685695914,-0.9957670023599123,1.0,1.0,-0.014130372321233153,0.14334568940103054,-0.011246791109442711,0.0,-0.0016986802220344543,-0.17257864028215408,-0.14473242731764913,0.02937343344092369,0.030069783329963684,0.0068886419758200645,0.12527917581610382,0.012051996367517859,0.0,-0.01599816232919693,-0.004397411591939029,0.13095559897717735,-0.03610949868528451,-0.003067961575771161,0.027611654181941336,-0.19174759848570533,-0.13805827090970757,0.0560277960659743,0.023737841365601045,0.012646819384568402,0.06975999207912634,0.006306365461307709,0.008044877020911438,0.028941104198109205
29.69721477300004,0.0,0.0,0.05999569303730508,-0.07744898555724837,-0.0719948316447661,0.002040709024264458,0.09081155157976838,-0.9958660038410555,1.0,1.0,-0.0184552741702646,0.14107863791286945,-0.009917587041854858,0.0,-0.0015621371567249298,-0.172534067183733,-0.1448245020583272,0.027201544493436813,0.02706030011177063,0.006573417689651251,0.12591388705186546,0.014961127657443285,0.0,-0.016607504338026047,-0.00746537316771019,0.13095559897717735,-0.03457551789739871,-0.003067961575771161,0.027611654181941336,-0.19174759848570533,-0.13805827090970757,0.05142585370231734,0.026805802941372206,0.012646819384568402,0.06975999207912634,0.00937432703707887,0.008044877020911438,0.027407123410223402
29.717806448000147,0.0,0.0,0.006544984694978736,-0.07090400086226964,-0.06872233929727672,0.0010202610412674389,0.0918234937140695,-0.9957747762770204,1.0,1.0,-0.019263017689809203,0.14077341370284557,-0.0062077846378088,0.0,-0.005658868700265884,-0.17056557163596153,-0.14239625283516943,0.026058021932840347,0.02811402454972267,0.007527073845267296,0.12556875706650317,0.014559532515704632,0.0,-0.01846230775117874,-0.010533334743481351,0.13095559897717735,-0.03150755632162755,-0.003067961575771161,0.027611654181941336,-0.19174759848570533,-0.13805827090970757,0.048357892126546176,0.02833978372925801,0.012646819384568402,0.06975999207912634,0.010908307824964672,0.006510896233025636,0.0258731426223376
29.737719595000044,0.0,0.0,0.006544984694978736,-0.06217735460229799,-0.09490227807719166,-0.0010203561056082939,0.09081169339913815,-0.9958675590736947,1.0,1.0,-0.01804270572029054,0.14201741479337215,-0.005382891744375229,0.0,-0.0090203657746315,-0.16905448958277702,-0.14380540186539292,0.023664217442274094,0.02678385190665722,0.009476848412305117,0.1260554741602391,0.016693695914000273,0.0,-0.019394543021917343,-0.010533334743481351,0.13095559897717735,-0.026905613957970587,-0.003067961575771161,0.027611654181941336,-0.19174759848570533,-0.13805827090970757,0.04375594976288921,0.02833978372925801,0.012646819384568402,0.06975999207912634,0.01244228861285003,0.006510896233025636,0.02433916183445224
29.758711301000176,0.0,0.0,0.006544984694978736,-0.06217735460229799,-0.09490227807719166,-0.0010203561056082939,0.09081169339913815,-0.9958675590736947,1.0,1.0,-0.0171782614197582,0.14159034937620163,-0.004341741092503071,0.0,-0.010163243860006332,-0.1661444827914238,-0.14622857980430126,0.020091980695724487,0.02941739186644554,0.010552130173891783,0.1250656838528812,0.01666758581995964,0.0,-0.019630860537290573,-0.012067315531367154,0.13095559897717735,-0.025371633170085228,-0.0015339807878858025,0.027611654181941336,-0.19021361769781953,-0.13805827090970757,0.04068798818711761,0.029873764517143367,0.012646819384568402,0.07282795365489794,0.01244228861285003,0.006510896233025636,0.02127120025868108
29.781492294000145,0.0,0.0,0.026179938779914945,-0.07635815477475191,-0.03381575425739013,-0.002040709024264458,0.09081155157976838,-0.9958660038410555,1.0,1.0,-0.018650978570804,0.13927448354661465,-0.004099010489881039,0.0,-0.0113929882645607,-0.1697416976094246,-0.14626553375273943,0.02388564869761467,0.026393750682473183,0.008363115601241589,0.12549446080811322,0.018456086982041597,0.0,-0.02031562104821205,-0.012067315531367154,0.13095559897717735,-0.022303671594313623,-0.0015339807878858025,0.027611654181941336,-0.19021361769781953,-0.13805827090970757,0.03915400739923225,0.029873764517143367,0.012646819384568402,0.0743619344427833,0.013976269400735833,0.006510896233025636,0.018203238682909476
29.797981400000026,0.0,0.0,-0.020725784867432664,-0.06763150851478027,-0.05672320068981571,-0.00510171679004404,0.0908105588627839,-0.9958551174165964,1.0,1.0,-0.01973902597092092,0.1389270108193159,-0.0024326443672180176,0.0,-0.012057032436132431,-0.16555549204349518,-0.14251057873480022,0.023887477815151215,0.027572602033615112,0.008235658518970013,0.12533724633976817,0.020112772472202778,0.0,-0.0193370021879673,-0.012067315531367154,0.13095559897717735,-0.020769690806428265,-0.0015339807878858025,0.027611654181941336,-0.18714565612204836,-0.13805827090970757,0.03915400739923225,0.029873764517143367,0.012646819384568402,0.07742989601855446,0.015510250188621635,0.006510896233025636,0.018203238682909476
29.818112934000055,0.0,0.0,-0.020725784867432664,-0.06763150851478027,-0.05672320068981571,-0.00510171679004404,0.0908105588627839,-0.9958551174165964,1.0,1.0,-0.020376033848151565,0.13901052623987198,-0.005790217779576778,0.0,-0.018171727657318115,-0.1649182140827179,-0.13917816849425435,0.02059830352663994,0.02576897107064724,0.010254626628011465,0.12514933780767024,0.01960380282253027,0.0,-0.02569582313299179,-0.013601296319252512,0.13095559897717735,-0.019235710018542462,-0.0015339807878858025,0.027611654181941336,-0.18561167533416256,-0.13805827090970757,0.03608604582346109,0.029873764517143367,0.012646819384568402,0.07896387680644026,0.017044230976506994,0.006510896233025636,0.018203238682909476
29.838295448000054,0.0,0.0,0.038179077387375956,-0.037088246604879506,-0.007635815477475192,-0.006122589232096939,0.08979797540408845,-0.9959411817544355,1.0,1.0,-0.020585510646924376,0.13982971012592316,-0.004475911147892475,0.0,-0.015555143356323242,-0.1664566472172737,-0.13948108814656734,0.024065088480710983,0.027547098696231842,0.009004973340779543,0.12432157038711011,0.01979085709899664,0.0,-0.022173240780830383,-0.013601296319252512,0.13095559897717735,-0.019235710018542462,-0.0015339807878858025,0.027611654181941336,-0.18407769454627676,-0.13805827090970757,0.03608604582346109,0.029873764517143367,0.012646819384568402,0.07896387680644026,0.018578211764392796,0.006510896233025636,0.016669257895024117
29.858315891000075,0.0,0.0,0.026179938779914945,-0.04036073895236887,0.04799655442984406,-0.007143623315974155,0.08878503264139305,-0.9960251937701106,1.0,1.0,-0.02269663824699819,0.13874263688921928,-0.005455528385937214,0.0,-0.016675006598234177,-0.16540097445249557,-0.13669485365971923,0.026171907782554626,0.026348978281021118,0.00792795279994607,0.12420399067923427,0.020287307910621166,0.0,-0.023236948996782303,-0.013601296319252512,0.13095559897717735,-0.019235710018542462,-0.0015339807878858025,0.026077673394055978,-0.1825437137583914,-0.13805827090970757,0.03608604582346109,0.029873764517143367,0.012646819384568402,0.07896387680644026,0.018578211764392796,0.006510896233025636,0.015135277107138315
29.878834808000192,0.0,0.0,0.04254240051736178,-0.05781403147231216,0.017453292519943295,-0.008164812720473945,0.0877717367450949,-0.9961071518978213,1.0,1.0,-0.02117587416432798,0.13901322521269321,-0.004391884431242943,0.0,-0.0137404203414917,-0.16658471897244453,-0.1400820855051279,0.024980731308460236,0.028070975095033646,0.008633107412606478,0.12474449281580746,0.020535497926175594,0.0,-0.02025872841477394,-0.013601296319252512,0.13095559897717735,-0.019235710018542462,-0.0015339807878858025,0.026077673394055978,-0.1825437137583914,-0.13805827090970757,0.034552065035575286,0.029873764517143367,0.012646819384568402,0.07896387680644026,0.018578211764392796,0.006510896233025636,0.013601296319252512
29.898679438000045,0.0,0.0,0.04254240051736178,-0.05781403147231216,0.017453292519943295,-0.008164812720473945,0.0877717367450949,-0.9961071518978213,1.0,1.0,-0.021052134921774268,0.1388304065912962,-0.003400898538529873,0.0,-0.01404426246881485,-0.16489538550376892,-0.1409677560441196,0.026004932820796967,0.028326187282800674,0.008421501144766808,0.12533201090991497,0.02083826344460249,0.0,-0.019809558987617493,-0.013601296319252512,0.13095559897717735,-0.019235710018542462,-0.0015339807878858025,0.026077673394055978,-0.1810097329705056,-0.13805827090970757,0.034552065035575286,0.029873764517143367,0.012646819384568402,0.08049785759432607,0.018578211764392796,0.006510896233025636,0.012067315531367154
29.918513069000028,0.0,0.0,0.019634954084936207,-0.02181661564992912,0.0,-0.009185332985473768,0.08777095963897155,-0.996098332646933,1.0,1.0,-0.0214371585752815,0.13853480108082294,-0.004037846811115742,0.0,-0.020056933164596558,-0.16179480776190758,-0.1363206603564322,0.02062193676829338,0.02652844414114952,0.010922576766461134,0.12397476332262158,0.019337866455316544,0.0,-0.02305346354842186,-0.013601296319252512,0.13095559897717735,-0.01770172923065666,-0.0,0.026077673394055978,-0.1810097329705056,-0.13805827090970757,0.03301808424768948,0.029873764517143367,0.012646819384568402,0.08049785759432607,0.018578211764392796,0.006510896233025636,0.012067315531367154
29.93917116900002,0.0,0.0,-0.003272492347489368,-0.05126904677733343,-0.008726646259971648,-0.010205824550351638,0.08777009113302409,-0.9960884761143198,1.0,1.0,-0.019800783833488822,0.1370291579514742,-0.0016448432579636574,0.0,-0.015152230858802795,-0.16603673249483109,-0.14199942210689187,0.02468987926840782,0.026952488347887993,0.009335500188171864,0.1259670746512711,0.021765689365565777,0.0,-0.020321179181337357,-0.013601296319252512,0.13095559897717735,-0.01770172923065666,-0.0,0.026077673394055978,-0.1794757521826198,-0.13805827090970757,0.03301808424768948,0.029873764517143367,0.012646819384568402,0.08049785759432607,0.018578211764392796,0.006510896233025636,0.010533334743481351
29.9589458370001,0.0,0.0,0.032724923474893676,-0.05781403147231216,-0.014180800172453928,-0.012247799567366312,0.08675524693551138,-0.9961543648124601,1.0,1.0,-0.019294772064313293,0.1396468821913004,-0.0014081159606575966,0.0,-0.016414877027273178,-0.162172369658947,-0.14102385798469186,0.022056881338357925,0.02726859226822853,0.01012533763423562,0.12494015693664551,0.019121132791042328,0.0,-0.020269032567739487,-0.013601296319252512,0.13095559897717735,-0.01770172923065666,-0.0,0.026077673394055978,-0.17794177139473444,-0.13805827090970757,0.03301808424768948,0.029873764517143367,0.012646819384568402,0.08049785759432607,0.018578211764392796,0.006510896233025636,0.010533334743481351
29.979116519000172,0.0,0.0,0.05781403147231216,-0.031634092692397225,0.025089107997418487,-0.01327059938924289,0.08472767302362769,-0.9963157695308508,1.0,1.0,-0.02142340480349958,0.13894731737673283,-0.0061948262155056,0.0,-0.022442493587732315,-0.16111700981855392,-0.135449240449816,0.024842437356710434,0.025228150188922882,0.010206034872680902,0.12479049665853381,0.01925806002691388,0.0,-0.023761305958032608,-0.013601296319252512,0.13095559897717735,-0.01770172923065666,-0.0,0.026077673394055978,-0.17640779060684864,-0.13805827090970757,0.03301808424768948,0.029873764517143367,0.012646819384568402,0.08049785759432607,0.018578211764392796,0.006510896233025636,0.008999353955595549
29.999198590000105,0.0,0.0,0.08072147790473774,-0.04036073895236887,0.037088246604879506,-0.014277918862295489,0.08362781047915929,-0.9963947663187637,1.0,1.0,-0.020304484060034156,0.1394626535475254,-0.0032352209091186523,0.0,-0.016545146703720093,-0.164528951048851,-0.13845737930387259,0.02444051206111908,0.02634846232831478,0.00877392292022705,0.12503476557321846,0.01978472340852022,0.0,-0.02028503641486168,-0.013601296319252512,0.13095559897717735,-0.01770172923065666,-0.0,0.026077673394055978,-0.17487380981896328,-0.13805827090970757,0.03301808424768948,0.029873764517143367,0.012646819384568402,0.08049785759432607,0.018578211764392796,0.006510896233025636,0.008999353955595549
30.01927956899999,0.0,0.0,0.05999569303730508,-0.031634092692397225,0.044724062082354694,-0.015300117646116908,0.08160062744595685,-0.996547662683748,1.0,1.0,-0.021440416341647506,0.13913199119269848,-0.004758292809128761,0.0,-0.019789818674325943,-0.16138014942407608,-0.13533054338768125,0.024893712252378464,0.024368038401007652,0.009572626557201147,0.125421047443524,0.019740129821002483,0.0,-0.02223474159836769,-0.013601296319252512,0.13095559897717735,-0.01770172923065666,-0.0,0.026077673394055978,-0.17333982903107747,-0.13805827090970757,0.03301808424768948,0.029873764517143367,0.012646819384568402,0.08049785759432607,0.018578211764392796,0.006510896233025636,0.00746537316771019
30.039516768000112,0.0,0.0,0.06544984694978735,-0.014180800172453928,0.037088246604879506,-0.015301383322883486,0.08058728550051969,-0.9966301004304777,1.0,1.0,-0.02136709517799318,0.1396294552832842,-0.0047244662418961525,0.0,-0.02021259441971779,-0.1614830493927002,-0.13342833705246449,0.023743174970149994,0.02389649674296379,0.010747448541224003,0.12552294530905783,0.019251595251262188,0.0,-0.023435629904270172,-0.013601296319252512,0.13095559897717735,-0.01770172923065666,-0.0,0.026077673394055978,-0.17180584824319167,-0.13805827090970757,0.03301808424768948,0.029873764517143367,0.01418080017245376,0.08049785759432607,0.018578211764392796,0.006510896233025636,0.00746537316771019
30.059523877000174,-0.001461794019933555,-0.21421188630490956,0.06544984694978735,-0.014180800172453928,0.037088246604879506,-0.015301383322883486,0.08058728550051969,-0.9966301004304777,1.0,1.0,-0.03246194659732282,0.13864233158528805,-0.010857081040740013,0.0,-0.01998116821050644,-0.15897400677204132,-0.13310363329946995,0.03701752424240112,0.01271267980337143,0.0039665509830228984,0.1207916074199602,0.02530048508197069,0.0,-0.025440974161028862,-0.013601296319252512,0.13095559897717735,-0.01770172923065666,-0.0,0.026077673394055978,-0.1702718674553063,-0.13805827090970757,0.03301808424768948,0.029873764517143367,0.015714780960339562,0.08049785759432607,0.018578211764392796,0.006510896233025636,0.00746537316771019
30.079468617000202,-0.001461794019933555,-0.21421188630490956,0.09708393964218458,-0.018544123302439753,0.07526732399225546,-0.015305086633727264,0.07754577227755148,-0.9968713094101025,1.0,1.0,-0.029143875231966376,0.1385359112173319,-0.006906124763190746,0.0,-0.01489512249827385,-0.16139432787895203,-0.1372356922365725,0.03318702057003975,0.014835977926850319,0.005873657995834947,0.12307970644906163,0.02489305566996336,0.0,-0.02211124449968338,-0.013601296319252512,0.13095559897717735,-0.01770172923065666,-0.0,0.026077673394055978,-0.1702718674553063,-0.13805827090970757,0.03301808424768948,0.029873764517143367,0.017248761748225365,0.08049785759432607,0.018578211764392796,0.006510896233025636,0.005931392379824388
30.099548578000167,0.0018530823181986621,-0.1636807349985646,0.0719948316447661,-0.02399827721492203,0.10581058590215622,-0.016326445614311146,0.0765302138170835,-0.9969335853238743,1.0,1.0,-0.03089891909621656,0.13932683877646923,-0.01008310541510582,0.0,-0.01915239542722702,-0.15913308039307594,-0.13339408114552498,0.03385554626584053,0.015795858576893806,0.008791325148195028,0.12531569064594805,0.024565397761762142,0.0,-0.02629263699054718,-0.016669257895024117,0.13095559897717735,-0.01770172923065666,-0.0,0.026077673394055978,-0.1687378866674205,-0.13805827090970757,0.03301808424768948,0.029873764517143367,0.018782742536110723,0.08049785759432607,0.018578211764392796,0.006510896233025636,0.004397411591939029
30.119674426000074,0.0018530823181986621,-0.1636807349985646,0.04145156973486533,-0.025089107997418487,0.08399397025222712,-0.016327712221013903,0.0755156690221893,-0.9970109274956613,1.0,1.0,-0.034074643393978477,0.13788694515824318,-0.007897630333900452,0.0,-0.01722586899995804,-0.16104485839605331,-0.13413670333102345,0.03297829255461693,0.016813969239592552,0.008486010134220123,0.12494192202575505,0.026414928026497364,0.0,-0.02522396109998226,-0.019737219470795278,0.13095559897717735,-0.01770172923065666,-0.0,0.024543692606170175,-0.1687378866674205,-0.13805827090970757,0.03301808424768948,0.029873764517143367,0.018782742536110723,0.08049785759432607,0.0201121925522786,0.006510896233025636,0.002863430804053227
30.140412580000202,0.0018530823181986621,-0.1636807349985646,0.04581489286485115,-0.007635815477475192,0.08399397025222712,-0.01632896211521021,0.07450088965064657,-0.9970872491600232,1.0,1.0,-0.034618856152519584,0.13772068358957767,-0.005572974681854248,0.0,-0.015395112335681915,-0.16098634153604507,-0.13461318658664823,0.032749343663454056,0.016559703275561333,0.008767508435994387,0.12323378364089876,0.027564271353185177,0.0,-0.025131376460194588,-0.02127120025868108,0.13095559897717735,-0.0161677484427713,-0.0,0.023009711818284817,-0.1687378866674205,-0.13805827090970757,0.03301808424768948,0.029873764517143367,0.018782742536110723,0.08049785759432607,0.02318015412804976,0.006510896233025636,0.0013294500161674244
30.16022497100016,0.07036544850498339,-0.1636807349985646,0.04581489286485115,-0.007635815477475192,0.08399397025222712,-0.01632896211521021,0.07450088965064657,-0.9970872491600232,1.0,1.0,-0.027676781406626105,0.1690545342862606,-0.050056008622050285,0.0,0.008585348725318909,-0.16157659888267517,-0.12052113562822342,0.03356233239173889,0.003656428772956133,-0.008028476499021053,0.1520401258021593,0.09782459307461977,0.0,-0.056561149656772614,-0.02433916183445224,0.13095559897717735,-0.01309978686700014,-0.0,0.023009711818284817,-0.1687378866674205,-0.13805827090970757,0.03301808424768948,0.029873764517143367,0.018782742536110723,0.08203183838221142,0.02318015412804976,0.006510896233025636,0.0013294500161674244
30.180152285000077,0.07036544850498339,-0.1636807349985646,0.04363323129985824,0.004363323129985824,0.003272492347489368,-0.01734922409558945,0.07449960935164882,-0.9970701141994642,1.0,1.0,-0.019378782948479056,0.175232894718647,-0.046659188345074654,0.0,0.014140695333480835,-0.16195250675082207,-0.12343155778944492,0.002916102297604084,-0.00985620729625225,0.006638343213126063,0.1476525254547596,0.11093841958791018,0.0,-0.0745485257357359,-0.027407123410223402,0.13095559897717735,-0.01309978686700014,-0.0,0.023009711818284817,-0.1672039058795347,-0.13805827090970757,0.03301808424768948,0.029873764517143367,0.018782742536110723,0.08356581917009723,0.024714134915935118,0.006510896233025636,-0.000204530771717934
30.200438131000055,0.12234034699150986,-0.18205569910996272,0.006544984694978736,-0.020725784867432664,0.011999138607461015,-0.01734922409558945,0.07449960935164882,-0.9970701141994642,1.0,1.0,-0.012849045684561133,0.184530571103096,-0.07877742685377598,0.0,0.042456090450286865,-0.16560690850019455,-0.11163324862718582,-0.0024916864931583405,-0.03656252101063728,-0.012170798145234585,0.15548361092805862,0.16060702968388796,0.0,-0.08850864320993423,-0.027407123410223402,0.13095559897717735,-0.014633767654885499,-0.0,0.023009711818284817,-0.1672039058795347,-0.13805827090970757,0.03301808424768948,0.02833978372925801,0.018782742536110723,0.08356581917009723,0.024714134915935118,0.006510896233025636,-0.0017385115596037365
30.220443166999985,0.12234034699150986,-0.18205569910996272,0.06981317007977318,-0.038179077387375956,0.06981317007977318,-0.01837218739672009,0.0724680725092848,-0.9972015048108627,1.0,1.0,-0.016216708114370704,0.18432975932955742,-0.08044304139912128,0.0,0.049837276339530945,-0.16418232768774033,-0.11682735569775105,-0.006311328150331974,-0.039973970502614975,0.003478274040389806,0.14836972579360008,0.15872391033917665,0.0,-0.10180234909057617,-0.027407123410223402,0.13095559897717735,-0.0161677484427713,-0.0,0.023009711818284817,-0.16566992509164935,-0.1365242901218222,0.03301808424768948,0.026805802941372206,0.018782742536110723,0.08356581917009723,0.024714134915935118,0.006510896233025636,-0.003272492347489539
30.24058951500001,0.12234034699150986,-0.18205569910996272,0.15817046346198613,-0.022907446432425576,0.037088246604879506,-0.01835748654752122,0.06935050473508017,-0.9974234357486529,1.0,1.0,-0.012436020886525512,0.18945899605751038,-0.08365265466272831,0.0,0.06146395206451416,-0.1607084572315216,-0.12925396487116814,-0.0027299532666802406,-0.032123517245054245,0.01709322165697813,0.14340851083397865,0.1541144596412778,0.0,-0.09579595923423767,-0.027407123410223402,0.13095559897717735,-0.01309978686700014,-0.0,0.023009711818284817,-0.16566992509164935,-0.1349903093339364,0.03301808424768948,0.022203860577715243,0.017248761748225365,0.08816776153375419,0.030850058067477884,0.006510896233025636,-0.007874434711146502
30.260926416000075,0.16697519918003928,-0.1983134744074813,0.15817046346198613,-0.022907446432425576,0.037088246604879506,-0.01835748654752122,0.06935050473508017,-0.9974234357486529,1.0,1.0,-0.007885375758633018,0.19236456602811813,-0.10418975539505482,0.0,0.0790877640247345,-0.15985498577356339,-0.13506159139797091,0.002028287388384342,-0.037743307650089264,0.010184724349528551,0.14574122056365013,0.17965992260724306,0.0,-0.11159368604421616,-0.027407123410223402,0.13402356055294895,-0.011565806079114338,-0.0,0.023009711818284817,-0.1672039058795347,-0.13192234775816525,0.03301808424768948,0.01760191821405828,0.01418080017245376,0.09276970389741115,0.03851996200690601,0.006510896233025636,-0.015544338650574627
30.280785454000124,0.16697519918003928,-0.1983134744074813,0.11126473981463851,-0.028361600344907856,0.009817477042468103,-0.019378334565721047,0.0683341271528058,-0.9974742739618517,1.0,1.0,-0.014384988462552428,0.1885179877281189,-0.09707740135490894,0.0,0.09637413918972015,-0.1621266044676304,-0.1426786738447845,-0.008169044740498066,-0.04247506707906723,0.009919516276568174,0.13960980996489525,0.1944315629079938,0.0,-0.12863370776176453,-0.0258731426223376,0.1386255029166059,-0.0161677484427713,-0.0,0.026077673394055978,-0.1672039058795347,-0.12732040539450828,0.029950122671918322,0.011465995062515957,0.012646819384568402,0.09737164626106812,0.047723846734219935,0.004976915445140277,-0.02321424259000275
30.302469668000185,0.16740763659803928,-0.19384316218899575,-0.03599741582238305,-0.04581489286485115,-0.09490227807719166,-0.02141726812754084,0.06833128402596363,-0.9974327727969019,1.0,1.0,-0.02344303368590772,0.17834919691085815,-0.11166502721607685,0.0,0.08656452596187592,-0.14875108748674393,-0.12875170819461346,-0.01824761927127838,-0.046385109424591064,0.008851671125739813,0.13418290205299854,0.210737650282681,0.0,-0.14592379331588745,-0.0258731426223376,0.14322744528026288,-0.025371633170085228,-0.0,0.0337475773334841,-0.16566992509164935,-0.12425244381873712,0.02534818030826136,0.000728129547316228,0.008044877020911438,0.09890562704895348,0.05999569303730502,0.004976915445140277,-0.03241812731731668
30.322097783000117,0.16740763659803928,-0.19384316218899575,0.05672320068981571,-0.07635815477475191,-0.08399397025222712,-0.023459155307326764,0.06629761282505389,-0.9975240821985031,1.0,1.0,-0.017853703116998076,0.19288790971040726,-0.11460147239267826,0.0,0.10280217230319977,-0.15501312166452408,-0.13819152675569057,-0.021625101566314697,-0.047898322343826294,0.021412664093077183,0.12798466440290213,0.20510112214833498,0.0,-0.15140273422002792,-0.02433916183445224,0.1493633684318052,-0.03304153710951335,-0.0,0.04141748127291223,-0.16413594430376355,-0.12271846303085132,0.020746237944604395,-0.013077697543654218,0.008044877020911438,0.09890562704895348,0.07226753934039011,0.004976915445140277,-0.04315599283251596
30.342936176000194,0.16740763659803928,-0.19384316218899575,0.16471544815696484,-0.24652775684419906,-0.29670597283903605,-0.029581889479289757,0.06222397442195432,-0.9976237210601856,1.0,1.0,-0.012984435772523284,0.20101364701986313,-0.12652801163494587,0.0,0.14419113099575043,-0.15663517266511917,-0.16703753359615803,-0.013520036824047565,-0.019254108890891075,0.05475349631160498,0.11783072398975492,0.16896684933453798,0.0,-0.14005030691623688,-0.02433916183445224,0.15243133000757636,-0.04071144104894148,-0.0,0.053689327575997314,-0.16413594430376355,-0.12271846303085132,0.017678276368833234,-0.020747601483082787,0.006510896233025636,0.09890562704895348,0.086073366431361,0.0034429346572544747,-0.05542783913560105
30.362248759000067,0.16740763659803928,-0.19384316218899575,0.19525871006686563,-0.3490658503988659,-0.30870511144649704,-0.039778236638032004,0.05813742277866217,-0.9975157803075717,1.0,1.0,-0.005170006072148681,0.19272718578577042,-0.13208441622555256,0.0,0.1576339304447174,-0.1565232276916504,-0.1825959049165249,-0.0030017923563718796,-0.0007287748157978058,0.0719290068373084,0.12135347607545555,0.1463682996109128,0.0,-0.1332896575331688,-0.02280518104656644,0.15549929158334796,-0.04684736420048424,-0.0,0.06442719309119704,-0.16413594430376355,-0.12271846303085132,0.011542353217290469,-0.025349543846739306,0.006510896233025636,0.09890562704895348,0.09834521273444609,0.0034429346572544747,-0.06923366622657194
30.382618215000093,0.16740763659803928,-0.19384316218899575,0.19525871006686563,-0.3490658503988659,-0.30870511144649704,-0.039778236638032004,0.05813742277866217,-0.9975157803075717,1.0,1.0,0.0005345450481399894,0.19093400239944458,-0.1328457910567522,0.0,0.1577267050743103,-0.15494286641478539,-0.1887408047914505,-0.003747406415641308,0.011329110711812973,0.06977866496890783,0.12014614371582866,0.1419505225494504,0.0,-0.12654870003461838,-0.02280518104656644,0.16010123394700493,-0.052983287352026565,-0.0,0.07363107781851097,-0.16260196351587775,-0.12271846303085132,0.0038724492778623443,-0.02995148621039627,0.008044877020911438,0.09890562704895348,0.11215103982541698,0.0034429346572544747,-0.08150551252965703
30.403128836000178,0.16740763659803928,-0.19384316218899575,0.23343778745424157,-0.35124751196385884,-0.0818123086872342,-0.04589643749155674,0.05405580415672238,-0.9974825748164996,1.0,1.0,-0.0009499541483819485,0.18142754957079887,-0.14878027327358723,0.0,0.1651361584663391,-0.1608041375875473,-0.19685309752821922,0.015851609408855438,0.02887549251317978,0.08145984914153814,0.11432633735239506,0.11876453179866076,0.0,-0.113136887550354,-0.02127120025868108,0.1616352147348903,-0.06218717207934049,-0.0,0.08436894333371026,-0.16260196351587775,-0.12271846303085132,-0.0007294930857946191,-0.03148546699828207,0.015714780960339562,0.09890562704895348,0.13055880928004437,0.0019089538693686722,-0.09531133962062792
30.42278387700003,0.16740763659803928,-0.19384316218899575,0.16471544815696484,-0.2301652951067522,-0.13853550937704992,-0.04997437934781337,0.05099426464062588,-0.9974478163706423,1.0,1.0,-0.0004207079764455557,0.1714114211499691,-0.14651411958038807,0.0,0.1585271805524826,-0.15616517141461372,-0.18635699898004532,0.011165709234774113,0.02320883609354496,0.06692455615848303,0.1174585958942771,0.13117013592272997,0.0,-0.12392428517341614,-0.019737219470795278,0.1631691955227761,-0.07139105680665442,-0.0,0.09510680884890954,-0.16260196351587775,-0.12425244381873712,-0.0022634738736799775,-0.03148546699828207,0.02491866568765349,0.10043960783683928,0.14589861715890107,0.0003749730814833138,-0.10911716671159881
30.442665154999986,0.16740763659803928,-0.19384316218899575,0.04690572364734761,-0.06654067773228381,-0.3534291735288517,-0.05201404172707442,0.04895439221371709,-0.9974457413544857,1.0,1.0,-0.002742931479588151,0.15954307094216347,-0.14317132718861103,0.0,0.13539233803749084,-0.13895875960588455,-0.14581212867051363,-0.018525654450058937,-0.00592306163161993,0.039252511225640774,0.11750562954694033,0.17541227210313082,0.0,-0.1583264321088791,-0.018203238682909476,0.1631691955227761,-0.07906096074608254,-0.0,0.10431069357622347,-0.1610679827279924,-0.13038836697027945,-0.0007294930857946191,-0.02995148621039627,0.034122550414967416,0.10197358862472508,0.15970444424987196,-0.0011590077064024887,-0.11832105143891229
30.462850632000027,0.16735761088940193,-0.19436458944901305,0.08290313946973066,0.006544984694978736,-0.7417649320975901,-0.052019128156314355,0.0469192136311855,-0.9975432811152046,1.0,1.0,0.014657493913546205,0.16513421386480331,-0.14797170646488667,0.0,0.14425717294216156,-0.14504604041576385,-0.13453860441222787,-0.03135911375284195,-1.805974170565605e-05,0.05192041676491499,0.1123629817739129,0.17025988269597292,0.0,-0.16420912742614746,-0.013601296319252512,0.1631691955227761,-0.08826484547339647,-0.0,0.1135145783035374,-0.1610679827279924,-0.1365242901218222,0.0008044877020911834,-0.025349543846739306,0.04025847356650974,0.10197358862472508,0.17044230976507124,-0.00422696928217365,-0.12445697459045506
30.482747002999986,0.16735761088940193,-0.19436458944901305,0.08399397025222712,-0.00545415391248228,-0.7864889941799448,-0.05406075315803508,0.04386061105274544,-0.9975738978973265,1.0,1.0,0.01785865263082087,0.15372171252965927,-0.15519951470196247,0.0,0.15301363170146942,-0.15501386672258377,-0.13247867859899998,-0.019537800922989845,0.020742885768413544,0.052531867288053036,0.11750478250905871,0.16180104482918978,0.0,-0.15466216206550598,-0.008999353955595549,0.1631691955227761,-0.0974687302007104,-0.0,0.12425244381873712,-0.15953400194010658,-0.14419419406125034,0.0008044877020911834,-0.01767963990731118,0.04179245435439554,0.10197358862472508,0.17811221370449937,-0.00422696928217365,-0.12752493616622623
30.503254512000012,0.16735761088940193,-0.19436458944901305,0.08399397025222712,-0.00545415391248228,-0.7864889941799448,-0.05406075315803508,0.04386061105274544,-0.9975738978973265,1.0,1.0,0.02257180423475802,0.1541934423148632,-0.1527083981782198,0.0,0.1550639569759369,-0.16426707059144974,-0.1357937497086823,-0.012220427393913269,0.041095830500125885,0.0491580730304122,0.12070710782427341,0.1463651703670621,0.0,-0.1403871327638626,-0.005931392379824388,0.1631691955227761,-0.10513863414013852,-0.0,0.1349903093339364,-0.15953400194010658,-0.15186409800067846,0.0008044877020911834,-0.008475755179997255,0.04179245435439554,0.10197358862472508,0.18271415606815633,-0.00422696928217365,-0.12752493616622623
30.52308975400001,0.16744283045733183,-0.19347564582071852,0.04254240051736178,-0.09926560120717749,-0.717766654882668,-0.057116071680257285,0.0418171239087598,-0.9974913947016361,1.0,1.0,0.023345820838585496,0.15206116437911987,-0.15207001753151417,0.0,0.14923854172229767,-0.17568650096654892,-0.1348656308837235,-0.0020729294046759605,0.05588835850358009,0.037611584179103374,0.13120391126722097,0.13806014228612185,0.0,-0.1289166733622551,-0.0013294500161674244,0.1616352147348903,-0.11127455729168084,-0.0,0.1472621556370215,-0.16260196351587775,-0.15953400194010658,0.0008044877020911834,-0.002339832028454933,0.04179245435439554,0.10197358862472508,0.18424813685604213,-0.0011590077064024887,-0.12752493616622623
30.54312786300011,0.16744283045733183,-0.19347564582071852,-0.04036073895236887,-0.17562375598192942,-0.5203262832508095,-0.06224599978275916,0.04693960639355609,-0.9969564227500934,1.0,1.0,0.016491644317284226,0.1525014527142048,-0.1378182042390108,0.0,0.14101368188858032,-0.18128901720046997,-0.11745936423540115,-0.011723431758582592,0.026655687019228935,0.0016664962749928236,0.13697612565010786,0.17655133176594973,0.0,-0.13262634724378586,0.000204530771717934,0.1616352147348903,-0.1158764996553378,-0.0,0.15493205957644962,-0.16566992509164935,-0.16260196351587775,0.0008044877020911834,0.003796091123087833,0.04179245435439554,0.10043960783683928,0.1873160984318133,0.0003749730814833138,-0.12752493616622623
30.56334209900001,0.16895762867104577,-0.1770858469653483,-0.4428772976935611,-0.1559888018969932,-0.5628686837681712,-0.06635012765358717,0.05512164451221088,-0.9962726859984781,1.0,1.0,-0.002496510511264205,0.13695703726261854,-0.14867796190083027,0.0,0.0855671614408493,-0.14710190147161484,-0.027400605380535126,-0.08518943190574646,-0.0722949206829071,-0.07254017237573862,0.13644878938794136,0.28135133176594973,0.0,-0.22337539494037628,0.004806473135374897,0.16010123394700493,-0.11741048044322361,-0.0,0.15646604036433542,-0.1672039058795347,-0.1687378866674205,0.0008044877020911834,0.009932014274630155,0.04025847356650974,0.10043960783683928,0.19191804079547026,0.0003749730814833138,-0.12752493616622623
30.583477836000156,0.16895762867104577,-0.1770858469653483,-0.5857761302005968,-0.21707532571679475,-0.5737769915931359,-0.07042741537246956,0.06838604101384725,-0.9951699998283741,1.0,1.0,0.004556384868919849,0.12323033437132835,-0.11924192495644093,0.0,0.0983571857213974,-0.19153688102960587,-0.03123079240322113,-0.08694475889205933,-0.038730595260858536,-0.08881309721618891,0.14987985417246819,0.32750158477574587,0.0,-0.22629623115062714,0.0063404539232607,0.15856725315911913,-0.11741048044322361,-0.0,0.15646604036433542,-0.1702718674553063,-0.1687378866674205,0.0008044877020911834,0.01760191821405828,0.032588569627081614,0.10043960783683928,0.1888500792196991,0.0019089538693686722,-0.12752493616622623
30.604146566000054,0.16895762867104577,-0.1770858469653483,-0.5857761302005968,-0.21707532571679475,-0.5737769915931359,-0.07042741537246956,0.06838604101384725,-0.9951699998283741,1.0,1.0,0.00413786806166172,0.12874644063413143,-0.13617892749607563,0.0,0.08289924263954163,-0.18238879926502705,-0.02056042104959488,-0.08966466784477234,-0.03410175070166588,-0.09492042008787394,0.1492709442973137,0.3112937705591321,0.0,-0.22427867352962494,0.0063404539232607,0.15703327237123332,-0.11894446123110897,-0.0,0.15800002115222123,-0.1702718674553063,-0.1687378866674205,0.0008044877020911834,0.023737841365601045,0.01418080017245376,0.10043960783683928,0.18118017528027053,0.0019089538693686722,-0.12752493616622623
30.623770310000054,0.1705587014788018,-0.15837037829972797,-0.1090830782496456,0.04363323129985824,-0.3436116964863836,-0.06935075720024882,0.06629116497082607,-0.9953873386388652,1.0,1.0,0.02503222250379622,0.14793049357831478,-0.1780050415545702,0.0,0.11209756135940552,-0.17031694948673248,-0.039276935160160065,-0.07910710573196411,-0.04733963683247566,-0.057092961855232716,0.10919793043285608,0.27715971041470766,0.0,-0.21373261511325836,0.007874434711146502,0.15703327237123332,-0.11894446123110897,-0.0,0.15800002115222123,-0.17180584824319167,-0.16413594430376355,-0.0022634738736799775,0.02833978372925801,-0.002692988494288291,0.10197358862472508,0.1750442521287282,0.0019089538693686722,-0.12905891695411204
30.643687607000174,0.1705587014788018,-0.15837037829972797,0.24216443371421323,0.015271630954950384,-0.5399612373357457,-0.0704054875557424,0.05714068555248659,-0.9958805196290518,1.0,1.0,0.048758199671283364,0.13931664638221264,-0.1879178900271654,0.0,0.17587998509407043,-0.18256645649671555,-0.12131540849804878,-0.02561759389936924,0.048766281455755234,0.03179909009486437,0.0947992317378521,0.17235971041470766,0.0,-0.16111944615840912,0.007874434711146502,0.15243133000757636,-0.12047844201899477,-0.0,0.15800002115222123,-0.17333982903107747,-0.15339807878856426,-0.0053314354494515825,0.03140774530502917,-0.024168719524687306,0.1081095117762674,0.16737434818930008,0.0019089538693686722,-0.1305928977419974
30.664095136000014,0.1705587014788018,-0.15837037829972797,0.30652344988150415,0.0272707695624114,-0.6305001922829515,-0.06833110634231876,0.049973495683188346,-0.9964103118872452,1.0,1.0,0.04754457832314074,0.15489865094423294,-0.17296372540295124,0.0,0.17218178510665894,-0.16858548671007156,-0.16803812235593796,0.021359749138355255,0.12571319937705994,0.01881016418337822,0.13021392934024334,0.07768786419183016,0.0,-0.10827133059501648,0.00940841549903186,0.14782938764391984,-0.12047844201899477,-0.0,0.15646604036433542,-0.17333982903107747,-0.14112623248547917,-0.013001339388879707,0.03447570688080033,-0.03797454661565775,0.11424543492781017,0.16277240582564312,0.0019089538693686722,-0.1321268785298832
30.684114190000173,0.1705587014788018,-0.15837037829972797,0.30652344988150415,0.0272707695624114,-0.6305001922829515,-0.06833110634231876,0.049973495683188346,-0.9964103118872452,1.0,1.0,0.04688094393350184,0.1680016741156578,-0.15430030412971973,0.0,0.1616348922252655,-0.16705065965652466,-0.18346288427710533,0.032950375229120255,0.14300499856472015,0.0010966176632791758,0.14464169554412365,0.07175199035555124,0.0,-0.09558288753032684,0.010942396286917663,0.14322744528026288,-0.12047844201899477,-0.0,0.15186409800067846,-0.17333982903107747,-0.12732040539450828,-0.022205224116193634,0.03447570688080033,-0.03644056582777239,0.11884737729146713,0.16123842503775732,0.0019089538693686722,-0.13672882089354016
30.704186410000148,0.1705587014788018,-0.15837037829972797,0.3392483733563978,0.13744467859455345,-0.18871372537188688,-0.0653147600198298,0.039801181887083786,-0.9970706334277143,1.0,1.0,0.04307181970216334,0.17038797587156296,-0.15090315230190754,0.0,0.16510574519634247,-0.15740802139043808,-0.18422218784689903,0.045384909957647324,0.14682839810848236,-0.007991581223905087,0.14874215610325336,0.05880498234182596,0.0,-0.09599564969539642,0.017078319438459985,0.14015948370449127,-0.12201242280688057,-0.0,0.1472621556370215,-0.17333982903107747,-0.1150485590914232,-0.031409108843507116,0.03447570688080033,-0.03337260425200079,0.12038135807935249,0.16123842503775732,0.0019089538693686722,-0.14133076325719712
30.724630013000024,0.1705587014788018,-0.15837037829972797,0.33488505022641196,0.11780972450961724,0.03599741582238305,-0.06322963265710389,0.03467431468292795,-0.9973964635265743,1.0,1.0,0.04067352623678744,0.1717773750424385,-0.157109247520566,0.0,0.16581940650939941,-0.1633429266512394,-0.18770905956625938,0.049048274755477905,0.14099662005901337,-0.009054221212863922,0.14970052987337112,0.06456745509058237,0.0,-0.08876880258321762,0.02321424259000275,0.14015948370449127,-0.1281483459584229,-0.0,0.14419419406125034,-0.17333982903107747,-0.1012427320004523,-0.039079012782935685,0.03447570688080033,-0.025702700312572664,0.12038135807935249,0.16123842503775732,0.0019089538693686722,-0.1459327056208541
30.744615808000162,0.1705587014788018,-0.15837037829972797,0.21598449493429828,0.13744467859455345,-0.16144295580947549,-0.06018951231972443,0.030604836772741235,-0.9977176787913642,1.0,1.0,0.04078167141415179,0.16547666862607002,-0.15715749748051167,0.0,0.16645027697086334,-0.1508551761507988,-0.18092618137598038,0.031314101070165634,0.13902117311954498,-0.003634534776210785,0.15252729505300522,0.0586394602432847,0.0,-0.09498360753059387,0.024748223377888554,0.1386255029166059,-0.13275028832207986,-0.0,0.14112623248547917,-0.17333982903107747,-0.08897088569736722,-0.04521493593447801,0.03447570688080033,-0.022634738736801503,0.12038135807935249,0.15970444424987196,0.0019089538693686722,-0.14900066719662525
30.764759323000135,0.1705587014788018,-0.15837037829972797,0.28361600344907856,0.14835298641951802,-0.15817046346198613,-0.05613680065228362,0.02041338205537586,-0.9982143825078794,1.0,1.0,0.04394803033210337,0.17162690311670303,-0.16315779276192188,0.0,0.17639237642288208,-0.15016887336969376,-0.18577558547258377,0.04019495099782944,0.14190733432769775,-0.0015212362632155418,0.1513888631016016,0.05412502679973841,0.0,-0.0928191989660263,0.024748223377888554,0.1386255029166059,-0.13735223068573682,-0.0,0.13959225169759337,-0.17333982903107747,-0.07823302018216749,-0.04981687829813497,0.03447570688080033,-0.0211007579489157,0.12038135807935249,0.15817046346198615,0.0003749730814833138,-0.15053464798451105
30.78468593299999,0.17086727310731825,-0.15457101732136966,0.38288160465625604,0.11671889372712078,-0.08072147790473774,-0.05405296471855065,0.01325827436492752,-0.9984500464049263,1.0,1.0,0.05189287126995623,0.17891335487365723,-0.18224586732685566,0.0,0.1763858199119568,-0.15167281031608582,-0.1969333365559578,0.037812408059835434,0.13843701779842377,0.005826793843880296,0.13761482574045658,0.05499130580574274,0.0,-0.08144758082926273,0.026282204165773912,0.1386255029166059,-0.14042019226150798,-0.0,0.13959225169759337,-0.17333982903107747,-0.06902913545485401,-0.05288483987390613,0.03447570688080033,-0.019566777161030342,0.1219153388672383,0.1520345403104434,0.0003749730814833138,-0.1536026095602822
30.80502355700014,0.17086727310731825,-0.15457101732136966,0.38288160465625604,0.11671889372712078,-0.08072147790473774,-0.05405296471855065,0.01325827436492752,-0.9984500464049263,1.0,1.0,0.05006829113699496,0.1760823391377926,-0.17745217867195606,0.0,0.17885498702526093,-0.14203470945358276,-0.1972433440387249,0.04174811765551567,0.14207488298416138,0.005015968112275004,0.1460178606212139,0.048855156637728214,0.0,-0.07767967320978642,0.026282204165773912,0.1386255029166059,-0.14042019226150798,-0.0,0.13959225169759337,-0.17180584824319167,-0.06135923151542544,-0.05441882066179193,0.037543668456571935,-0.016498815585258737,0.12498330044300945,0.14436463637101526,0.0003749730814833138,-0.155136590348168
30.82553651100011,0.17176847583366428,-0.14306357927088847,0.35015668118136234,0.10144726277217041,-0.18435040224190105,-0.052022104950591994,0.007140288914787137,-0.9986204067966582,1.0,1.0,0.051873365649953485,0.18296577781438828,-0.1618140209466219,0.0,0.1616680771112442,-0.13669108599424362,-0.1973245106637478,0.03501627594232559,0.149227574467659,0.01032581552863121,0.1503653135150671,0.04383196774870157,0.0,-0.06662728078663349,0.027816184953659714,0.14015948370449127,-0.14502213462516494,-0.0,0.13805827090970757,-0.1687378866674205,-0.05829126993965428,-0.057486782237563094,0.04367959160811426,-0.013430854009487576,0.12651728123089526,0.13669473243158714,-0.0011590077064024887,-0.14900066719662525
30.845211163000158,0.17176847583366428,-0.14306357927088847,0.26070855701665296,0.12980886311707826,-0.13526301702956053,-0.04897079685135622,-0.0,-0.9988002107807863,1.0,1.0,0.048910765210166574,0.18224096298217773,-0.1435940284281969,0.0,0.15432462096214294,-0.12701613456010818,-0.18593398481607437,0.038959991186857224,0.15594695508480072,0.008812280837446451,0.16525614634156227,0.03003761265426874,0.0,-0.07021361030638218,0.029350165741545073,0.14476142606814824,-0.1511580577767077,-0.0,0.13959225169759337,-0.16566992509164935,-0.05675728915176892,-0.057486782237563094,0.054417457123313986,-0.008828911645830613,0.12651728123089526,0.12595686691638786,-0.005760950070059452,-0.14133076325719712
30.86542208500009,0.17176847583366428,-0.14306357927088847,0.26616271092913524,0.08508480103472356,-0.05345070834232634,-0.04896987938670966,-0.006121234923338707,-0.9987814983247659,1.0,1.0,0.051805759081617,0.1889917477965355,-0.14080228097736835,0.0,0.14334066212177277,-0.1261797398328781,-0.17946860194206238,0.041375067085027695,0.15736684203147888,0.005453152465634048,0.1643407642841339,0.025258340872824192,0.0,-0.06587970815598965,0.030884146529430875,0.1493633684318052,-0.15882796171613583,-0.0,0.1457281748491357,-0.1610679827279924,-0.05675728915176892,-0.05288483987390613,0.06515532263851327,-0.005760950070059452,0.12651728123089526,0.11368502061330234,-0.007294930857945255,-0.13519484010565436
30.88565485900017,0.17270938096149016,-0.13030846827677256,0.3981532356112064,-0.03599741582238305,-0.04363323129985824,-0.04998340060638305,-0.01428097160182373,-0.9986479427275309,0.0,1.0,0.06812628940679133,0.19870220869779587,-0.1541691292077303,0.0,0.14644622802734375,-0.12319587171077728,-0.18935302644968033,0.03668548911809921,0.14580661058425903,0.007917109178379178,0.1463886834681034,0.027685810811817646,0.0,-0.049264516681432724,0.033952108105202036,0.15396531079546216,-0.1634299040797928,-0.006135923151542766,0.15033011721279266,-0.15646604036433542,-0.05829126993965428,-0.04521493593447801,0.07742716894159836,-0.002692988494288291,0.12651728123089526,0.10141317431021725,-0.008828911645830613,-0.12752493616622623
30.905797393000057,0.17270938096149016,-0.13030846827677256,0.4166973589136462,-0.05890486225480862,0.009817477042468103,-0.05099434420456331,-0.021417624565916588,-0.9984692595253497,0.0,1.0,0.06982724950648844,0.19721518456935883,-0.1538016963750124,0.0,0.14302127063274384,-0.12258772552013397,-0.19043582305312157,0.04719608277082443,0.14458754658699036,-0.0027305595576763153,0.15310140699148178,0.021502741612493992,0.0,-0.04110705293715,0.03702006968097364,0.15856725315911913,-0.16649786565556396,-0.009203884727313927,0.15493205957644962,-0.15339807878856426,-0.06442719309119704,-0.03601105120716408,0.08969901524468345,-0.002692988494288291,0.12651728123089526,0.08914132800713216,-0.008828911645830613,-0.1198550322267981
30.92864614600012,0.17270938096149016,-0.13030846827677256,0.2912518189265537,-0.025089107997418487,0.09381144729469522,-0.05103568821032497,-0.02960069916198848,-0.9982580613939563,0.0,1.0,0.06690279976464808,0.19736484438180923,-0.13170854933559895,0.0,0.12491899728775024,-0.12580406665802002,-0.18433468788862228,0.05275306850671768,0.1543751358985901,-0.002407677471637726,0.1671907790005207,0.014626811956986785,0.0,-0.02426730841398239,0.047757935196172926,0.1631691955227761,-0.16649786565556396,-0.010737865515199285,0.15493205957644962,-0.1487961364249073,-0.07516505860639633,-0.026807166479850597,0.10197086154776853,-0.002692988494288291,0.12498330044300945,0.07840346249193288,-0.008828911645830613,-0.11371910907525533
30.946093090000204,0.17339841599144154,-0.12040500192105437,0.29670597283903605,0.008726646259971648,0.009817477042468103,-0.051027315701855105,-0.03469857467726147,-0.9980942951282858,0.0,1.0,0.07221502647735178,0.2027232050895691,-0.11378023959696293,0.0,0.11229491233825684,-0.1228051707148552,-0.18807491287589073,0.04842960089445114,0.1469058394432068,-0.0015880181454122066,0.15734641253948212,0.010229700361378491,0.0,-0.014065317809581757,0.05235987755982989,0.1693051186743184,-0.16649786565556396,-0.010737865515199285,0.15953400194010658,-0.1457281748491357,-0.08590292412159606,-0.01913726254042203,0.11270872706296826,-0.002692988494288291,0.12498330044300945,0.06766559697673315,-0.010362892433716415,-0.107583185923713
30.96649339800001,0.17339841599144154,-0.12040500192105437,0.29670597283903605,0.008726646259971648,0.009817477042468103,-0.051027315701855105,-0.03469857467726147,-0.9980942951282858,0.0,1.0,0.07267823652364314,0.20172599703073502,-0.0971877072006464,0.0,0.092860147356987,-0.12242385745048523,-0.1917121522128582,0.05798424035310745,0.15533900260925293,-0.0006251167505979538,0.16226181015372276,0.0014335541054606438,0.0,-0.004925273358821869,0.05542783913560105,0.17390706103797537,-0.1649638848676786,-0.010737865515199285,0.1610679827279924,-0.14419419406125034,-0.09817477042468115,-0.009933377813108546,0.12037863100239639,-0.002692988494288291,0.12498330044300945,0.05692773146153386,-0.010362892433716415,-0.09837930119639908
30.986361251000062,0.17372659864741835,-0.11549667354344341,0.284706834231575,0.04799655442984406,0.02399827721492203,-0.04999984381580886,-0.03979579405748052,-0.9979560663645115,0.0,1.0,0.07239554659463465,0.2035982385277748,-0.08241605944931507,0.0,0.08083188533782959,-0.11808443069458008,-0.19393452629446983,0.06414314359426498,0.1543952226638794,-0.003983004949986935,0.15860578045248985,-0.004532757215201855,0.0,0.0003891065716743469,0.058495800711372656,0.17850900340163234,-0.1634299040797928,-0.010737865515199285,0.1610679827279924,-0.14266021327336453,-0.11198059751565159,0.0008044877020911834,0.1280485349418245,-0.0011590077064024887,0.12498330044300945,0.047723846734219935,-0.010362892433716415,-0.09070939725697096
31.00639758300008,0.17372659864741835,-0.11549667354344341,0.3010692959690218,0.04363323129985824,-0.05235987755982989,-0.04998436281559082,-0.046924095704432206,-0.9976470782377107,0.0,1.0,0.07647884474135935,0.20529501140117645,-0.06602502800524235,0.0,0.06374288350343704,-0.11979196220636368,-0.2017083391547203,0.064205601811409,0.14822842180728912,0.0030025180894881487,0.15365631878376007,-0.008536084555089474,0.0,0.01220228523015976,0.060029781499258014,0.18157696497740394,-0.15882796171613583,-0.012271846303085088,0.15953400194010658,-0.14266021327336453,-0.12425244381873712,0.01000837242940511,0.13265047730548146,0.0034429346572544747,0.12498330044300945,0.03698598121902065,-0.010362892433716415,-0.07997153174177123
31.026513895000107,0.17372659864741835,-0.11549667354344341,0.18980455615438332,-0.0272707695624114,0.08835729338221293,-0.05099426464062588,-0.04997437934781337,-0.9974478163706423,1.0,1.0,0.0632399118039757,0.19755202531814575,-0.04382774792611599,0.0,0.0408819243311882,-0.12876537442207336,-0.19548700004816055,0.08340044319629669,0.15494146943092346,-0.003965664654970169,0.16767001152038574,-0.015440876595675945,0.0,0.022674523293972015,0.06309774307502918,0.18617890734106046,-0.15269203856459307,-0.012271846303085088,0.15493205957644962,-0.14266021327336453,-0.13959225169759337,0.017678276368833234,0.13571843888125262,0.006510896233025636,0.12498330044300945,0.02931607727959208,-0.010362892433716415,-0.07076764701445774
31.046557023000105,0.17372659864741835,-0.11549667354344341,0.04145156973486533,-0.11780972450961724,0.358883327441334,-0.053028409373077894,-0.04996907806309263,-0.9973420070551956,1.0,1.0,0.0373687578830868,0.18213675543665886,-0.01834770478308201,0.0,0.011357799172401428,-0.15328089892864227,-0.18381674587726593,0.10606376826763153,0.15293309092521667,-0.021883162669837475,0.1804969273507595,-0.016220529563724995,0.0,0.04983782023191452,0.06309774307502918,0.18771288812894626,-0.14502213462516494,-0.012271846303085088,0.1457281748491357,-0.14419419406125034,-0.15186409800067846,0.02688216109614716,0.13725241966913843,0.006510896233025636,0.12498330044300945,0.02318015412804976,-0.010362892433716415,-0.060029781499258014
31.064720437999995,0.17372659864741835,-0.11549667354344341,-0.05781403147231216,-0.19962203319685143,0.4625122517784973,-0.0591985304418225,-0.04592989430831056,-0.9971890386493204,1.0,1.0,0.007508354960009456,0.1708776168525219,-0.004356286488473415,0.0,-0.009760372340679169,-0.1718059629201889,-0.15491425804793835,0.11205615103244781,0.1431693434715271,-0.029312663711607456,0.1907173916697502,-0.02041798736900091,0.0,0.06255680322647095,0.06309774307502918,0.18924686891683207,-0.13735223068573682,-0.01380582709097089,0.13959225169759337,-0.1457281748491357,-0.1610679827279924,0.03762002661134645,0.13878640045702423,0.006510896233025636,0.12498330044300945,0.015510250188621635,-0.010362892433716415,-0.05082589677194409
31.084877842000196,0.17404412605864744,-0.1106178035154637,-0.1712604328519436,-0.27052603405912107,0.39269908169872414,-0.062254654372876694,-0.0438844284923557,-0.9970950380705005,1.0,1.0,-0.021562048932537436,0.15749772265553474,0.0017324015498161316,0.0,-0.0219075009226799,-0.1936586471274495,-0.12388281896710396,0.10560910403728485,0.1283438801765442,-0.03207773808389902,0.1948007419705391,-0.021543617360293865,0.0,0.07204751670360565,0.058495800711372656,0.18924686891683207,-0.1281483459584229,-0.012271846303085088,0.1334563285460506,-0.15033011721279266,-0.17180584824319167,0.04375594976288921,0.1418543620327954,0.004976915445140277,0.12498330044300945,0.010908307824964672,-0.010362892433716415,-0.0400880312567448
31.104857804000176,0.17404412605864744,-0.1106178035154637,-0.19744037163185854,-0.24107360293171676,0.4079707126536745,-0.06633084736866261,-0.039798508421197566,-0.997003659679744,1.0,1.0,-0.03505678637884557,0.14106691628694534,-0.0014235218986868858,0.0,-0.026372166350483894,-0.20383679307997227,-0.10338789969682693,0.11134760081768036,0.11650760471820831,-0.04202571976929903,0.19138485193252563,-0.025517537258565426,0.0,0.06438297778367996,0.04929191598405873,0.18617890734106046,-0.11894446123110897,-0.004601942363656963,0.12271846303085132,-0.15493205957644962,-0.17794177139473444,0.049891872914431534,0.1433883428206812,-0.0011590077064024887,0.12498330044300945,0.007840346249193067,-0.008828911645830613,-0.027816184953659714
31.124916358000064,0.17404412605864744,-0.1106178035154637,-0.45160394395353276,0.001090830782496456,0.7952156404399164,-0.06736851221882068,-0.03062205100855485,-0.9972581278452696,1.0,1.0,-0.07985243364237249,0.09954595565795898,-0.023629045113921165,0.0,-0.011507943272590637,-0.1997920097783208,-0.04383517801761627,0.10137808322906494,0.05462590605020523,-0.07668171171098948,0.18396024405956268,-0.011221307329833508,0.0,0.02479001134634018,0.033952108105202036,0.1831109457652893,-0.10667261492802388,-0.0015339807878858025,0.11198059751565159,-0.16566992509164935,-0.1794757521826198,0.0560277960659743,0.14492232360856655,-0.005760950070059452,0.12651728123089526,0.006306365461307709,-0.00422696928217365,-0.014010357862688824
31.145065022000153,0.17429173236221557,-0.10671804342081763,-0.5737769915931359,-0.017453292519943295,1.0657416744990376,-0.06731887173170094,-0.01937967519548966,-0.9975432811152046,1.0,1.0,-0.08662504120729864,0.10951962228864431,-0.08450851775705814,0.0,0.005809243768453598,-0.21693136356770992,0.01218096911907196,0.05384121835231781,-0.0274715106934309,-0.11449140403419733,0.16182587295770645,0.04837966803461313,0.0,-0.013148728758096695,0.018612300226345788,0.17850900340163234,-0.09286678783705343,-0.0,0.10431069357622347,-0.17640779060684864,-0.1794757521826198,0.06523168079328823,0.14492232360856655,-0.013430854009487576,0.13111922359455222,0.0032384038855365477,-0.002692988494288291,0.002863430804053227
31.165046040000107,0.17429173236221557,-0.10671804342081763,-0.5759586531581288,-0.07308566242726255,1.0559241974565694,-0.06936089415092206,-0.0061200788956695925,-0.9975728599941436,1.0,0.0,-0.06319430633448064,0.12311592313926667,-0.11178959347307682,0.0,0.020184390246868134,-0.2392784059047699,0.029372692108154297,0.018058981746435165,-0.06358403712511063,-0.1432695845142007,0.1701006405055523,0.14282018411904573,0.0,-0.05175286531448364,-0.002863430804053227,0.1708390994622042,-0.07599299917031138,-0.0,0.09664078963679534,-0.18561167533416256,-0.1794757521826198,0.07443556552060171,0.14492232360856655,-0.027236681100458467,0.14032310832186615,0.0017044230976507452,-0.0011590077064024887,0.016669257895024117
31.18533464500001,0.17429173236221557,-0.10671804342081763,-0.6719517620178169,0.016362461737446838,0.7788531787024695,-0.07037589184276842,0.006119642768936384,-0.9975017713366305,1.0,0.0,-0.07430915697477758,0.11018134281039238,-0.08747556991875172,0.0,0.023446574807167053,-0.24276577681303024,0.005520358681678772,0.006242631934583187,-0.04697852581739426,-0.1510011861100793,0.17982999235391617,0.14036959875375032,0.0,-0.07395117543637753,-0.02280518104656644,0.1616352147348903,-0.06065319129145469,-0.0,0.08743690490948142,-0.1932815792735907,-0.17794177139473444,0.08210546946003028,0.1433883428206812,-0.04871241213085748,0.14952699304917963,0.00017044230976494268,-0.0011590077064024887,0.030475084985994563
31.20520948000012,0.17429173236221557,-0.10671804342081763,-0.6981317007977318,0.08290313946973066,0.7766715171374766,-0.06731607045830022,0.021418749691277345,-0.9975017713366305,1.0,0.0,-0.09461534931324422,0.10270752012729645,-0.07249140180647373,0.0,0.024233408272266388,-0.24469409883022308,-0.01364201307296753,0.01916654035449028,-0.02637011557817459,-0.14654903206974268,0.18570204079151154,0.12344705779105425,0.0,-0.057370902970433235,-0.03661100813753733,0.15243133000757636,-0.039177460261055674,0.0015339807878858025,0.07823302018216749,-0.20401944478879042,-0.17333982903107747,0.0882413926115726,0.13725241966913843,-0.07018814316125649,0.15873087777649356,0.00017044230976494268,-0.0011590077064024887,0.04274693128907965
31.225280052000016,0.17429173236221557,-0.10671804342081763,-0.7515824091400581,0.16035212502697901,0.8432121948697605,-0.06430600561674679,0.03674628892385531,-0.9972534521835177,1.0,0.0,-0.11150368466041982,0.09430575929582119,-0.07018775679171085,0.0,0.01976662129163742,-0.24307864904403687,-0.031382180750370026,0.029469083994627,-0.009527741000056267,-0.13758206460624933,0.1866966262459755,0.10508403647691011,0.0,-0.05119796097278595,-0.05041683522850822,0.14476142606814824,-0.025371633170085228,0.0015339807878858025,0.0674951546669682,-0.21322332951610434,-0.1610679827279924,0.09130935418734376,0.1280485349418245,-0.0885959126158839,0.16793476250380748,0.00017044230976494268,-0.0011590077064024887,0.05195081601639358
31.245410993000178,0.17429173236221557,-0.10671804342081763,-0.7995789635699022,0.16253378659197193,0.9348419805994628,-0.06019424227018993,0.05305255250931994,-0.9967758423385689,1.0,1.0,-0.1253955082502216,0.08785110712051392,-0.0708876047283411,0.0,0.024362511932849884,-0.2250810768455267,-0.044863760471343994,0.04778357595205307,0.008228817954659462,-0.1373375067487359,0.1927005797624588,0.10703227389603853,0.0,-0.047026583924889565,-0.0596207199558217,0.1370915221287201,-0.01770172923065666,0.004601942363656963,0.05675728915176892,-0.21935925266764666,-0.1457281748491357,0.09284333497522956,0.11577668863873943,-0.10393572049474059,0.17253670486746445,0.0017044230976507452,-0.0011590077064024887,0.05501877759216518
31.26541760300006,0.17429173236221557,-0.10671804342081763,-0.6261368691529657,0.1810779098944117,0.8715737952146683,-0.056089665612245036,0.06424816242857158,-0.9963564236938799,1.0,1.0,-0.12167249037884176,0.10145437903702259,-0.0765759814530611,0.0,0.019915759563446045,-0.20692022144794464,-0.06053991615772247,0.05488777160644531,0.010729862377047539,-0.1395282754674554,0.18405595049262047,0.1280650468543172,0.0,-0.05856296978890896,-0.06882460468313563,0.13095559897717735,-0.0161677484427713,0.006135923151542766,0.05062136600022615,-0.22396119503130363,-0.12578642460662248,0.09284333497522956,0.10043688075988318,-0.11313960522205407,0.17407068565535025,0.006306365461307709,-0.0011590077064024887,0.05501877759216518
31.285577082000145,0.17470320328787214,-0.100036861493248,-0.14944381720201447,0.27052603405912107,0.40251655874119224,-0.050020811612061136,0.06941663652286036,-0.9963329006810544,1.0,1.0,-0.0989285649266094,0.15235370583832264,-0.10355946607887745,0.0,0.021428607404232025,-0.175251305103302,-0.08505639433860779,0.04213317856192589,-0.010752443224191666,-0.11981701198965311,0.15734143555164337,0.19022411573678255,0.0,-0.09504488110542297,-0.08263043177410652,0.12788763740140618,-0.0161677484427713,0.007669903939428124,0.04601942363656919,-0.22396119503130363,-0.10737865515199507,0.09284333497522956,0.08509707288102648,-0.11927552837359684,0.1756046664432356,0.007840346249193067,-0.0011590077064024887,0.05501877759216518
31.305718504000197,0.17470320328787214,-0.100036861493248,0.06544984694978735,0.28579766501407144,0.4385139745635753,-0.044888121705187654,0.06733218255778149,-0.9967203387720077,1.0,1.0,-0.10493332310579717,0.153518445789814,-0.11730867810547352,0.0,0.04223516583442688,-0.16613169014453888,-0.110015369951725,0.05038972944021225,-0.005185377784073353,-0.08485825452953577,0.15273850411176682,0.2219222979620099,0.0,-0.12128434330224991,-0.09183431650142045,0.12328569503774922,-0.0161677484427713,0.007669903939428124,0.04295146206079803,-0.22242721424341783,-0.09203884727313838,0.09284333497522956,0.06822328421428443,-0.12080950916148264,0.1756046664432356,0.021646173340163957,-0.0011590077064024887,0.05348479680427938
31.32572911400007,0.17470320328787214,-0.100036861493248,0.09708393964218458,0.02399827721492203,0.5181446216858165,-0.042854510268172816,0.06632245636741031,-0.9968775364763057,1.0,1.0,-0.11082900478504598,0.14794277399778366,-0.10076985694468021,0.0,0.07720790803432465,-0.17999427393078804,-0.13254299387335777,0.07189011573791504,0.006102099549025297,-0.058577404357492924,0.15220745280385017,0.2319344775751233,0.0,-0.14778605848550797,-0.0949022780771916,0.1171497718862069,-0.0161677484427713,0.007669903939428124,0.04141748127291223,-0.2162912910918755,-0.07823302018216749,0.09284333497522956,0.05134949554754238,-0.12080950916148264,0.1756046664432356,0.03545200043113485,-0.0011590077064024887,0.045814892864851256
31.34576281700015,0.174811263242633,-0.09823780617792724,0.09926560120717749,-0.04036073895236887,0.34143003492139073,-0.0428602222632023,0.06429033339480344,-0.997010408360682,1.0,1.0,-0.10302404477261007,0.1515908520668745,-0.11124761588871479,0.0,0.06305916607379913,-0.15975579991936684,-0.12599553354084492,0.057233601808547974,0.005359742324799299,-0.04719377774745226,0.14995751716196537,0.23391412664204836,0.0,-0.14656496047973633,-0.09643625886507741,0.11254782952254994,-0.019235710018542462,0.007669903939428124,0.04141748127291223,-0.20862138715244738,-0.0659611738790824,0.08670741182368724,0.029873764517143367,-0.11620756679782568,0.16946874329169329,0.050791808309991096,-0.0011590077064024887,0.03661100813753733
31.365791556000204,0.174811263242633,-0.09823780617792724,-0.017453292519943295,-0.11017390903214205,0.210530341021816,-0.044891182080280374,0.06631651898223237,-0.9967882930098618,1.0,1.0,-0.11053770943544805,0.1391269601881504,-0.09707128442823887,0.0,0.0655950978398323,-0.1635599583387375,-0.1245890874415636,0.056827664375305176,0.018115008249878883,-0.05087962094694376,0.1585696078836918,0.23236701358109713,0.0,-0.14700400829315186,-0.09797023965296277,0.11254782952254994,-0.022303671594313623,0.007669903939428124,0.03988350048502687,-0.2024854640009046,-0.05522330836388312,0.08363945024791564,0.01760191821405828,-0.11467358600993988,0.16640078171592168,0.06613161618884779,-0.0011590077064024887,0.0258731426223376
31.386415657000043,0.174811263242633,-0.09823780617792724,0.05999569303730508,-0.1636246173744684,-0.16471544815696484,-0.04794513267653023,0.06630709838243543,-0.9966466941482985,1.0,1.0,-0.09402711852453649,0.16108562424778938,-0.10521754808723927,0.0,0.08197037875652313,-0.15698856860399246,-0.13283967971801758,0.028341013938188553,0.004106227774173021,-0.03720663208514452,0.1405814215540886,0.23972903657704592,0.0,-0.16722743213176727,-0.10103820122873437,0.1140818103104353,-0.02843959474585639,0.007669903939428124,0.04295146206079803,-0.1963495408493623,-0.04601942363656919,0.07903750788425867,0.008398033486744796,-0.10393572049474059,0.16333282014015052,0.08300540485558984,-0.0011590077064024887,0.008999353955595549
31.406020273000195,0.1750886487123069,-0.09352851245423781,0.05672320068981571,-0.16035212502697901,-0.23234695667174513,-0.0510011615646821,0.0652814868027931,-0.9965626969738882,1.0,1.0,-0.1012101115193218,0.14398987591266632,-0.11285232193768024,0.0,0.08620177209377289,-0.14492163062095642,-0.12466362118721008,0.030052930116653442,0.002580053173005581,-0.026853256858885288,0.1459617018699646,0.2531085656955838,0.0,-0.1707640141248703,-0.10103820122873437,0.1156157910983211,-0.03457551789739871,0.007669903939428124,0.04908738521234035,-0.18561167533416256,-0.03988350048502687,0.07596954630848751,0.0022621103352020305,-0.09319785497954086,0.16026485856437936,0.10294715509810305,-0.0011590077064024887,-0.007874434711146502
31.425987902000088,0.1750886487123069,-0.09352851245423781,-0.22252947962927702,-0.031634092692397225,-0.519235452468313,-0.0520570528104013,0.06940940374720174,-0.9962290890774838,1.0,1.0,-0.09731504484079778,0.1213096552528441,-0.11486675031483173,0.0,0.04495035111904144,-0.13320928066968918,-0.0979311503469944,0.013475998304784298,0.024295084178447723,-0.04287203121930361,0.1546936221420765,0.2522122310474515,0.0,-0.1605590581893921,-0.10103820122873437,0.12021773346197806,-0.04071144104894148,0.007669903939428124,0.05522330836388312,-0.17794177139473444,-0.03681553890925526,0.07443556552060171,-0.0008058512405691304,-0.08399397025222693,0.1571968969886082,0.12288890534061626,-0.0011590077064024887,-0.027816184953659714
31.446463524000137,0.1751384771531621,-0.09266804466965764,-0.2901609881440573,0.10581058590215622,-0.6294093615004551,-0.052041872997528216,0.07347087952592218,-0.9959385891291674,1.0,1.0,-0.10195710672996938,0.12752407230436802,-0.12049824185669422,0.0,0.04049619287252426,-0.1323213130235672,-0.08593860641121864,0.002844986505806446,0.01902495138347149,-0.06143143121153116,0.1505662240087986,0.26518448162823915,0.0,-0.16711899638175964,-0.10103820122873437,0.12635365661352083,-0.04531338341259844,0.007669903939428124,0.06442719309119704,-0.17180584824319167,-0.03681553890925526,0.07290158473271635,-0.0008058512405691304,-0.07479008552491345,0.15259495462495123,0.1428306555831299,-0.0011590077064024887,-0.047757935196172926
31.466093936000107,0.1751384771531621,-0.09266804466965764,-0.22689280275926285,0.12326387842209953,-0.7068583470577035,-0.051012414861528715,0.07651862229229307,-0.9957623380970405,1.0,1.0,-0.09860146208666265,0.13119574822485447,-0.1286666113883257,0.0,0.05364428460597992,-0.1316167637705803,-0.08653514459729195,-0.008052520453929901,0.00801931507885456,-0.060803704895079136,0.1447996310889721,0.2840248541906476,0.0,-0.18272265791893005,-0.10103820122873437,0.13402356055294895,-0.05144930656414076,0.007669903939428124,0.07209709703062517,-0.16260196351587775,-0.03681553890925526,0.06983362315694519,-0.0008058512405691304,-0.07018814316125649,0.14799301226129427,0.16123842503775732,-0.0011590077064024887,-0.06923366622657194
31.486709759000178,0.1751384771531621,-0.09266804466965764,-0.003272492347489368,-0.04036073895236887,-0.9948376736367679,-0.053047279594142224,0.0765104994146282,-0.9956566323823617,1.0,1.0,-0.07796745910309255,0.16834565997123718,-0.13025216944515705,0.0,0.09829074144363403,-0.14143133163452148,-0.1161489449441433,-0.03442157432436943,-0.012703711166977882,-0.022023399360477924,0.12004397856071591,0.27636512089520693,0.0,-0.20818853378295898,-0.10103820122873437,0.14015948370449127,-0.05451726813991237,0.007669903939428124,0.07823302018216749,-0.15339807878856426,-0.03681553890925526,0.06676566158117359,-0.0008058512405691304,-0.06865416237337069,0.1449250506855231,0.18118017528027053,-0.002692988494288291,-0.08917541646908515
31.50626183899999,0.1751384771531621,-0.09266804466965764,0.0545415391248228,-0.05999569303730508,-1.1082840750163994,-0.0561112033274105,0.07345466617406465,-0.9957188081373208,1.0,1.0,-0.07957975729368627,0.161361426115036,-0.14328675158321857,0.0,0.11951115727424622,-0.13191013038158417,-0.12078860029578209,-0.03183675929903984,-0.0195145346224308,0.013425450772047043,0.11416664253920317,0.27145873475819826,0.0,-0.2096567004919052,-0.10103820122873437,0.14629540685603404,-0.06065319129145469,0.007669903939428124,0.08283496254582445,-0.14419419406125034,-0.038349519697141066,0.06216371921751662,0.000728129547316228,-0.06865416237337069,0.1449250506855231,0.19958794473489838,-0.00422696928217365,-0.10911716671159881
31.52628183700017,0.1751384771531621,-0.09266804466965764,0.136353847812057,0.13199052468207118,-1.471530725587719,-0.056127562875358944,0.06939407773680742,-0.9960091157518242,1.0,1.0,-0.06216748966835439,0.1717894859611988,-0.16231598146259785,0.0,0.11711932718753815,-0.11767592281103134,-0.1228917296975851,-0.05375143140554428,-0.02785700187087059,0.048583812080323696,0.09393119998276234,0.25168510247021914,0.0,-0.21393385529518127,-0.09950422044084857,0.1493633684318052,-0.06525513365511165,0.007669903939428124,0.08436894333371026,-0.13959225169759337,-0.03988350048502687,0.05756177685385966,0.006864052698858994,-0.06251823922182792,0.1449250506855231,0.2210636757652974,-0.002692988494288291,-0.1305928977419974
31.546521574000053,0.1751384771531621,-0.09266804466965764,-0.25743606466916363,0.16471544815696484,-1.5511613727099605,-0.056127562875358944,0.06939407773680742,-0.9960091157518242,1.0,1.0,-0.06614387198351324,0.1257836469449103,-0.136425556614995,0.0,0.07680699229240417,-0.11177448183298111,-0.08175067231059074,-0.060005441308021545,-0.012746108695864677,-0.025622292421758175,0.1352425618097186,0.3288762168958783,0.0,-0.21267884969711304,-0.09797023965296277,0.15243133000757636,-0.06832309523088281,0.009203884727313927,0.08590292412159606,-0.13192234775816525,-0.04141748127291223,0.049891872914431534,0.012999975850401316,-0.04871241213085748,0.1449250506855231,0.23640348364415364,-0.002692988494288291,-0.1459327056208541
31.566633701,0.1751384771531621,-0.09266804466965764,-0.36106498900632694,0.23671027980173096,-1.4955290028026411,-0.053055451902204835,0.07448169209347986,-0.995810020318306,1.0,1.0,-0.05331635638140142,0.13420258276164532,-0.14635189063847065,0.0,0.044355884194374084,-0.1171421930193901,-0.06486120820045471,-0.08197950571775436,-0.009066116064786911,-0.05039090756326914,0.1339820846915245,0.3228478627279401,0.0,-0.21616697311401367,-0.0933682972893058,0.15549929158334796,-0.06985707601876862,0.010737865515199285,0.09050486648525302,-0.12425244381873712,-0.04448544284868339,0.04068798818711761,0.014533956638287118,-0.030304642676229628,0.1433910698976373,0.24714134915935337,-0.0011590077064024887,-0.155136590348168
31.58690067700013,0.1751384771531621,-0.09266804466965764,-0.33597588100890846,0.16798794050445423,-1.2010046915285981,-0.05100434570438239,0.07854669238474889,-0.9956048281495443,1.0,1.0,-0.05952680273912847,0.13392449542880058,-0.15162435360252857,0.0,0.061965182423591614,-0.12759213149547577,-0.06666968762874603,-0.07599049806594849,-0.019785525277256966,-0.06629079673439264,0.129199028480798,0.33337234426289797,0.0,-0.22272607684135437,-0.08876635492564929,0.15856725315911913,-0.07445901838242558,0.010737865515199285,0.0997087512125665,-0.11811652066719436,-0.05062136600022615,0.02841614188403252,0.014533956638287118,-0.022634738736801503,0.13725514674609454,0.2563452338866673,-0.0011590077064024887,-0.16280649428759614
31.606720494,0.17540339503828312,-0.08801450931452467,-0.25634523388666713,0.0719948316447661,-1.1453723216212788,-0.05206179922668709,0.08166556741441112,-0.9952991028631356,1.0,1.0,-0.04622062458656728,0.13883486948907375,-0.15766486711800098,0.0,0.08647961914539337,-0.1314236968755722,-0.07335273176431656,-0.08962153643369675,-0.03192072734236717,-0.057208684273064137,0.10589216090738773,0.32746823597699404,0.0,-0.24236537516117096,-0.08416441256199232,0.16010123394700493,-0.08059494153396835,0.012271846303085088,0.10584467436410927,-0.1150485590914232,-0.05675728915176892,0.017678276368833234,0.014533956638287118,-0.025702700312572664,0.13111922359455222,0.2655491186139808,0.0003749730814833138,-0.17201037901491006
31.626781529000027,0.17540339503828312,-0.08801450931452467,-0.25634523388666713,-0.07963064712224129,-0.9381144729469522,-0.055096390341340076,0.085705496086529,-0.9947959367186402,1.0,1.0,-0.05092225014232099,0.13102878909558058,-0.1450608391314745,0.0,0.11667156219482422,-0.14588532596826553,-0.07698912173509598,-0.07989200949668884,-0.028326909989118576,-0.05021813232451677,0.10663064289838076,0.33611266780644655,0.0,-0.24518908560276031,-0.07956247019833536,0.16010123394700493,-0.08519688389762486,0.012271846303085088,0.11044661672776623,-0.1150485590914232,-0.06135923151542544,0.005406430065748147,0.012999975850401316,-0.03337260425200079,0.12498330044300945,0.2747530033412947,0.0003749730814833138,-0.17661232137856703
31.646773676000066,0.17540339503828312,-0.08801450931452467,-0.32615840396644036,0.015271630954950384,-0.7875798249624412,-0.05716271040715078,0.09084787903993605,-0.9942228560100866,1.0,1.0,-0.045148411532863975,0.12215815600939095,-0.15065315552055836,0.0,0.09322614967823029,-0.1371297612786293,-0.0546150729060173,-0.09014233201742172,-0.02730308473110199,-0.06596906576305628,0.11140595003962517,0.3490658503988659,0.0,-0.2451331466436386,-0.0749605278346784,0.16010123394700493,-0.08673086468551067,0.012271846303085088,0.11198059751565159,-0.1150485590914232,-0.06442719309119704,-0.008399397025222743,0.009932014274630155,-0.039508527403543554,0.1219153388672383,0.2870248496443798,0.0003749730814833138,-0.18428222531799515
31.66675576800003,0.175614790696706,-0.08420056760993293,-0.2977968036215325,0.06872233929727672,-0.8279405639148101,-0.057141042509242186,0.09489494559570577,-0.9938459893571765,1.0,1.0,-0.04018177627585828,0.1323467642068863,-0.15039082057774067,0.0,0.09681917726993561,-0.15159952640533447,-0.06070007383823395,-0.09462451189756393,-0.029336394742131233,-0.06489409599453211,0.10642191767692566,0.3490658503988659,0.0,-0.24941743910312653,-0.07189256625890723,0.16010123394700493,-0.08826484547339647,0.012271846303085088,0.1135145783035374,-0.1150485590914232,-0.0659611738790824,-0.01913726254042203,0.0053300719109731914,-0.042576488979314715,0.11884737729146713,0.2962287343716937,0.0003749730814833138,-0.19195212925742328
31.6867523410001,0.175614790696706,-0.08420056760993293,-0.20616701789183017,0.28907015736156083,-1.069014166846527,-0.05407315975322043,0.09794383653413512,-0.9937218415025793,1.0,1.0,-0.028705680510029197,0.13167695794254541,-0.17984207160770893,0.0,0.09290173649787903,-0.14340289682149887,-0.05979706346988678,-0.10637126863002777,-0.04352135956287384,-0.0460192384198308,0.0881318710744381,0.34416230488568544,0.0,-0.24393293261528015,-0.06882460468313563,0.15703327237123332,-0.08826484547339647,0.012271846303085088,0.1135145783035374,-0.1150485590914232,-0.0659611738790824,-0.029875128055621758,0.0022621103352020305,-0.04717843134297168,0.11884737729146713,0.30696659988689345,0.0003749730814833138,-0.2011560139847372
31.70693904100017,0.175614790696706,-0.08420056760993293,-0.20289452554434081,0.3327033886614191,-1.0701049976290233,-0.048969879386709665,0.10100037623508869,-0.9936804692219837,1.0,1.0,-0.027277728309854865,0.12573592690750957,-0.1789067555218935,0.0,0.09228082001209259,-0.14693186432123184,-0.06769489496946335,-0.1072922945022583,-0.043544743210077286,-0.041995600797235966,0.0881185531616211,0.3471087710931897,0.0,-0.2416076511144638,-0.06422266231947867,0.15396531079546216,-0.08826484547339647,0.012271846303085088,0.1135145783035374,-0.1150485590914232,-0.0659611738790824,-0.04061299357082104,-0.002339832028454933,-0.05178037370662864,0.12038135807935249,0.31617048461420694,0.0003749730814833138,-0.20882591792416533
31.726918189000116,0.175614790696706,-0.08420056760993293,-0.24216443371421323,0.3567016658763411,-1.064650843716541,-0.04386547186582649,0.10405297977475121,-0.9936039441236048,1.0,1.0,-0.01769146858714521,0.12006078590638936,-0.17838512547314167,0.0,0.07934869825839996,-0.13864830881357193,-0.06074927747249603,-0.11548256874084473,-0.0437355563044548,-0.05718525592237711,0.09698042459785938,0.3490658503988659,0.0,-0.24324627220630646,-0.058086739167936344,0.150897349219691,-0.08826484547339647,0.012271846303085088,0.1135145783035374,-0.1150485590914232,-0.0659611738790824,-0.04981687829813497,-0.006941774392111896,-0.05178037370662864,0.12038135807935249,0.32537436934152086,0.0003749730814833138,-0.21649582186359345
31.74713627700021,0.175614790696706,-0.08420056760993293,-0.1712604328519436,0.3785182815262702,-1.0264717663291651,-0.03876047950885802,0.10710132495868664,-0.9934922905691503,1.0,1.0,-0.016724509885534644,0.12267496774438769,-0.18651639111340046,0.0,0.08694277703762054,-0.14165432006120682,-0.0697391927242279,-0.11513105034828186,-0.05226541683077812,-0.052334160543978214,0.08174826577305794,0.3490658503988659,0.0,-0.2458595633506775,-0.05348479680427938,0.1493633684318052,-0.08979882626128183,0.012271846303085088,0.1135145783035374,-0.1150485590914232,-0.06442719309119704,-0.0590207630254489,-0.010009735967883057,-0.053314354494514445,0.11731339650358133,0.33151029249306363,0.0003749730814833138,-0.22416572580302158
31.767098055000133,0.17582170084708884,-0.08037437234861669,-0.1559888018969932,0.38724492778624187,-1.0188359508516898,-0.03467409830497396,0.11014125343932907,-0.9933109337954307,1.0,1.0,-0.008050469448789954,0.11149981897324324,-0.1977530587464571,0.0,0.09143047034740448,-0.13611868768930435,-0.07182491570711136,-0.12100108712911606,-0.060642849653959274,-0.048900858499109745,0.07133925333619118,0.3490658503988659,0.0,-0.244159996509552,-0.047348873652736614,0.14782938764391984,-0.0959347494128246,0.012271846303085088,0.1135145783035374,-0.1150485590914232,-0.06135923151542544,-0.06822464775276282,-0.01767963990731118,-0.0548483352823998,0.11271145413992437,0.3361122348567206,0.0003749730814833138,-0.2318356297424497
31.78709885000012,0.17582170084708884,-0.08037437234861669,-0.09708393964218458,0.39269908169872414,-1.1595531217937327,-0.028557441704792463,0.1111700409222278,-0.993391007873852,1.0,1.0,-0.0015662561636418104,0.10747600253671408,-0.21587190218269825,0.0,0.1068776547908783,-0.1331069990992546,-0.08279343321919441,-0.12424009293317795,-0.06970272213220596,-0.028742597438395023,0.04729079455137253,0.32743742037564516,0.0,-0.24522902071475983,-0.04274693128907965,0.14629540685603404,-0.10360465335225272,0.012271846303085088,0.1135145783035374,-0.1150485590914232,-0.05829126993965428,-0.07589455169219095,-0.025349543846739306,-0.0548483352823998,0.1081095117762674,0.34071417722037756,0.0003749730814833138,-0.23797155289399247
31.807260643000063,0.17582170084708884,-0.08037437234861669,-0.04363323129985824,0.36979163526629855,-1.2784536770858463,-0.024480455668754356,0.11118206949559271,-0.9934984925569477,1.0,1.0,0.006682875333353877,0.09331496804952621,-0.22745813615620136,0.0,0.12390181422233582,-0.12825096398591995,-0.08883063495159149,-0.12595736980438232,-0.07164572179317474,-0.012317354790866375,0.03533781319856644,0.30812825728207827,0.0,-0.2441549003124237,-0.03661100813753733,0.14476142606814824,-0.11127455729168084,0.012271846303085088,0.1135145783035374,-0.1150485590914232,-0.05675728915176892,-0.08356445563161907,-0.03148546699828207,-0.0548483352823998,0.10350756941261044,0.3422481580082629,0.0003749730814833138,-0.24103951446976363
31.82722323600001,0.17582170084708884,-0.08037437234861669,0.025089107997418487,0.3643374813538163,-1.4071717094204281,-0.02142432223168548,0.11018222862009676,-0.9936804692219837,1.0,1.0,0.015425460645928979,0.08453990891575813,-0.233193876221776,0.0,0.14475978910923004,-0.12927494198083878,-0.10189240053296089,-0.1224370151758194,-0.06051430106163025,0.009076408110558987,0.02149808406829834,0.269435097463429,0.0,-0.23837892711162567,-0.030475084985994563,0.14476142606814824,-0.12047844201899477,0.012271846303085088,0.11198059751565159,-0.1150485590914232,-0.05675728915176892,-0.08970037878316184,-0.03455342857405323,-0.053314354494514445,0.09737164626106812,0.3437821387961487,0.0003749730814833138,-0.24410747604553523
31.847795468000186,0.17582170084708884,-0.08037437234861669,0.02945243112740431,0.37960911230876665,-1.3602659857730806,-0.01632669211197646,0.10918475349884257,-0.993887382316567,1.0,1.0,0.023220878327265382,0.06019418686628342,-0.24687576480209827,0.0,0.15013088285923004,-0.12544173002243042,-0.09707044437527657,-0.11567658931016922,-0.05308018624782562,0.013045350089669228,0.015103168785572052,0.24920616019517183,0.0,-0.228843092918396,-0.02280518104656644,0.14169346449237707,-0.1312163075341945,0.012271846303085088,0.11198059751565159,-0.1150485590914232,-0.05675728915176892,-0.0943023211468188,-0.03762139014982484,-0.04717843134297168,0.08816776153375419,0.3453161195840345,0.0003749730814833138,-0.24410747604553523
31.867399547000105,0.17582170084708884,-0.08037437234861669,0.007635815477475192,0.3665191429188092,-1.36353847812057,-0.01224709151228923,0.10818264169188821,-0.9940555944141425,1.0,1.0,0.02848250069655478,0.05036337673664093,-0.24752754159271717,0.0,0.16116398572921753,-0.12837323546409607,-0.1029701791703701,-0.10943301022052765,-0.038270026445388794,0.013629866763949394,0.01261274516582489,0.22008796501904726,0.0,-0.22284573316574097,-0.016669257895024117,0.1386255029166059,-0.1434881538372796,0.012271846303085088,0.11198059751565159,-0.1150485590914232,-0.05675728915176892,-0.09890426351047577,-0.04222333251348136,-0.03797454661565775,0.07896387680644026,0.3453161195840345,-0.0011590077064024887,-0.2456414568334206
31.88741336200019,0.17582170084708884,-0.08037437234861669,0.04363323129985824,0.2825251726665821,-1.3242685699506975,-0.010206143473399204,0.10818512081803155,-0.9940783743090824,1.0,1.0,0.037064204225316644,0.03959920257329941,-0.25123959966003895,0.0,0.1733860820531845,-0.13177207857370377,-0.11106466129422188,-0.09655430912971497,-0.018690738826990128,0.01050301268696785,0.015179157257080078,0.19602311123162508,0.0,-0.2123342752456665,-0.008999353955595549,0.13402356055294895,-0.15729398092825003,0.010737865515199285,0.11811652066719436,-0.1150485590914232,-0.05675728915176892,-0.10197222508624693,-0.04835925566502412,-0.028770661888343825,0.06822601129124098,0.3453161195840345,-0.002692988494288291,-0.2456414568334206
31.908089925000013,0.17582170084708884,-0.08037437234861669,0.08399397025222712,0.2552544031041707,-1.3559026626430948,-0.008158573182156893,0.1060614513680396,-0.9943261065753712,1.0,1.0,0.04870197013951838,0.035739608108997345,-0.2563345152884722,0.0,0.19099260866641998,-0.1349068060517311,-0.11890480853617191,-0.08201064169406891,0.00789625197649002,0.010400501545518637,0.024060837924480438,0.16497228015214205,0.0,-0.20232534408569336,0.000204530771717934,0.12635365661352083,-0.17109980801922092,0.010737865515199285,0.12425244381873712,-0.1150485590914232,-0.05829126993965428,-0.10350620587413228,-0.05449517881656689,-0.022634738736801503,0.05748814577604125,0.3453161195840345,-0.002692988494288291,-0.2456414568334206
31.927731467000058,0.17582170084708884,-0.08037437234861669,-0.05345070834232634,0.2552544031041707,-1.6046120810522868,-0.006119018983283257,0.10606299571024314,-0.9943405847835294,1.0,1.0,0.05631368816830218,0.03646721690893173,-0.2459560353308916,0.0,0.1830471307039261,-0.12573229521512985,-0.11283642798662186,-0.0893322080373764,0.013419358059763908,-0.006644377484917641,0.04595740884542465,0.15903148520737886,0.0,-0.20274929702281952,0.00940841549903186,0.11868375267409226,-0.183371654322306,0.009203884727313927,0.1334563285460506,-0.1150485590914232,-0.05982525072754008,-0.10350620587413228,-0.05602915960445225,-0.016498815585258737,0.04828426104872732,0.33918019643249175,-0.0011590077064024887,-0.2456414568334206
31.947745966000184,0.17582170084708884,-0.08037437234861669,-0.10471975511965978,0.20289452554434081,-1.5631605113174214,-0.005103271084628086,0.10818934699411543,-0.9941172072855512,1.0,1.0,0.061891241231933236,0.040224142372608185,-0.23676845617592335,0.0,0.1696796417236328,-0.12366951256990433,-0.1092958115041256,-0.09550594538450241,0.007016730960458517,-0.028359376825392246,0.06047660857439041,0.1688159452751279,0.0,-0.20060205459594727,0.018612300226345788,0.10794588715889297,-0.1956435006253911,0.009203884727313927,0.14112623248547917,-0.1150485590914232,-0.06442719309119704,-0.10657416744990389,-0.05756314039233805,-0.013430854009487576,0.0406143571092992,0.33151029249306363,-0.0011590077064024887,-0.2456414568334206
31.967768706000015,0.17582170084708884,-0.08037437234861669,-0.07417649320975901,0.14180800172453928,-1.5227997723650526,-0.006123890214563941,0.10818872712396298,-0.9941115114975465,1.0,1.0,0.06894606188870966,0.04323551803827286,-0.23295569606125355,0.0,0.17583046853542328,-0.12175628542900085,-0.11943699605762959,-0.09038057923316956,0.012557147070765495,-0.036447309888899326,0.06522093340754509,0.1626210706308484,0.0,-0.19541466236114502,0.027816184953659714,0.09874200243157905,-0.20791534692847619,0.007669903939428124,0.15033011721279266,-0.1150485590914232,-0.0659611738790824,-0.10810814823778925,-0.05756314039233805,-0.013430854009487576,0.036012414745642235,0.3207724269778639,0.0003749730814833138,-0.24410747604553523
31.987752262000186,0.17582170084708884,-0.08037437234861669,0.06326818538479445,0.14508049407202864,-1.296997800388286,-0.0061245633520084575,0.10717985866014802,-0.9942207841427064,1.0,1.0,0.08360877470113337,0.050395749509334564,-0.2410027403384447,0.0,0.2013300359249115,-0.1363365352153778,-0.13286434300243855,-0.06526181101799011,0.05072169378399849,-0.017933285795152187,0.08085905760526657,0.12663126457482576,0.0,-0.17055778205394745,0.03702006968097364,0.08800413691637976,-0.2171192316557901,0.007669903939428124,0.15953400194010658,-0.1150485590914232,-0.0674951546669682,-0.10964212902567505,-0.05449517881656689,-0.013430854009487576,0.03447843395775688,0.3085005806747788,0.0003749730814833138,-0.23797155289399247
32.008130144999996,0.17582170084708884,-0.08037437234861669,0.055632369907319255,0.10035643198967395,-1.2162763224835484,-0.007138807219238596,0.10606227868583055,-0.9943338626796615,1.0,1.0,0.07793719158507884,0.0687580443918705,-0.22728941030800343,0.0,0.20478609204292297,-0.1345323771238327,-0.13462766772136092,-0.048898424953222275,0.064823679625988,-0.03532603848725557,0.11056111007928848,0.11917667556554079,0.0,-0.16322219371795654,0.044689973620401766,0.08033423297695119,-0.22325515480733288,0.006135923151542766,0.1672039058795347,-0.1150485590914232,-0.06902913545485401,-0.10964212902567505,-0.049893236452909925,-0.01803279637314454,0.032944453169871074,0.29469475358380837,0.0019089538693686722,-0.2333696105303355
32.027967665000006,0.17582170084708884,-0.08037437234861669,0.038179077387375956,-0.08399397025222712,-0.9195703496445123,-0.010199123455642656,0.10505097159311937,-0.994414536925159,1.0,1.0,0.07217930839397013,0.08377646282315254,-0.22085569985210896,0.0,0.20060992240905762,-0.14966647326946259,-0.1375765805132687,-0.03905591741204262,0.0650717243552208,-0.0450962046161294,0.1179381157271564,0.12133421469479799,0.0,-0.15066995471715927,0.05235987755982989,0.07419830982540887,-0.22785709717098984,0.006135923151542766,0.17333982903107747,-0.1150485590914232,-0.06902913545485401,-0.10964212902567505,-0.04375731330136716,-0.019566777161030342,0.02834251080621411,0.2808889264928375,0.0019089538693686722,-0.22569970659090738
32.048110181000084,0.17582170084708884,-0.08037437234861669,0.11999138607461016,-0.15489797111449674,-0.779944009484966,-0.014281090482866302,0.10302786705496403,-0.9945759443424745,1.0,1.0,0.07089563296176493,0.09690551646053791,-0.22523579187691212,0.0,0.21368125081062317,-0.16144625842571259,-0.14134741621091962,-0.026754043996334076,0.07957445085048676,-0.038720821030437946,0.12829787004739046,0.10974546987563372,0.0,-0.13153395801782608,0.060029781499258014,0.0695963674617519,-0.230925058746761,0.006135923151542766,0.1794757521826198,-0.1150485590914232,-0.07056311624273937,-0.10964212902567505,-0.03455342857405323,-0.022634738736801503,0.02527454923044295,0.2670830994018666,0.0034429346572544747,-0.21649582186359345
32.068152513000086,0.17564642171064979,-0.08362177811287771,0.22471114119426994,-0.19634954084936207,-0.6970408700152354,-0.019387805570155153,0.09897984948973947,-0.994900548994804,1.0,1.0,0.07134594605304301,0.10921976529061794,-0.2402093280106783,0.0,0.227737694978714,-0.1701035425066948,-0.14532076101750135,-0.012923839502036572,0.09165354818105698,-0.02504448313266039,0.13608003966510296,0.10442354250699282,0.0,-0.11650727689266205,0.06156376228714382,0.0680623866738661,-0.230925058746761,0.003067961575771161,0.18561167533416256,-0.1150485590914232,-0.07516505860639633,-0.10964212902567505,-0.023815563058853947,-0.027236681100458467,0.03141047238198527,0.25174329152301034,0.0034429346572544747,-0.20575795634839417
32.08818721600005,0.17564642171064979,-0.08362177811287771,0.3272492347489368,-0.23125612588924865,-0.6632251157578453,-0.024476636000771497,0.0928072448362586,-0.9953831973647076,0.0,1.0,0.06673553423024714,0.12323619343806058,-0.2416399735957384,0.0,0.2296241819858551,-0.17541292309761047,-0.1518561840057373,-0.007237392943352461,0.10225202888250351,-0.017031165771186352,0.1405929084867239,0.09605215210467577,0.0,-0.10236847400665283,0.06156376228714382,0.06192646352232378,-0.22785709717098984,0.0015339807878858025,0.19021361769781953,-0.11658253987930856,-0.07823302018216749,-0.10657416744990389,-0.010009735967883057,-0.030304642676229628,0.0406143571092992,0.23640348364415364,0.0034429346572544747,-0.19348611004530908
32.108291362000045,0.17564642171064979,-0.08362177811287771,0.31634092692397225,-0.19744037163185854,-0.5355979142057599,-0.028568677139329677,0.08672634131582223,-0.9958224602852058,0.0,1.0,0.059332130709663033,0.1316642453894019,-0.2289904523640871,0.0,0.21754202246665955,-0.16881585121154785,-0.14826823491603136,0.0020298128947615623,0.11010067909955978,-0.026282704435288906,0.150125777348876,0.08423260319977999,0.0,-0.09463624656200409,0.06463172386291498,0.06192646352232378,-0.22478913559521824,0.006135923151542766,0.1963495408493623,-0.11811652066719436,-0.08436894333371026,-0.10043824429836112,0.000728129547316228,-0.03183862346411543,0.05135222262449893,0.2225976565531832,0.0034429346572544747,-0.18274824453010935
32.12836262000019,0.1747731609540298,-0.09887436420621372,0.16798794050445423,-0.19198621771937624,-0.31306843457648287,-0.031634942428214435,0.08367952513269625,-0.995990445481848,1.0,1.0,0.04866697103716433,0.12957184854894876,-0.19924807734787464,0.0,0.19332484900951385,-0.15147101134061813,-0.131117083132267,0.010056720115244389,0.10239322483539581,-0.05871055368334055,0.17086732015013695,0.09149951953440905,0.0,-0.09647057205438614,0.06463172386291498,0.0695963674617519,-0.22325515480733288,0.006135923151542766,0.20401944478879042,-0.11965050145508016,-0.08743690490948142,-0.08970037878316184,0.011465995062515957,-0.030304642676229628,0.06055610735181241,0.2087918294622123,0.0034429346572544747,-0.17354435980279542
32.14838941500011,0.1747731609540298,-0.09887436420621372,0.28361600344907856,-0.5705044992456465,-0.18762289458939044,-0.041841396583568766,0.07858018382767792,-0.9960293430625149,1.0,1.0,0.04298196197487414,0.16442690789699554,-0.20770934410393238,0.0,0.1919415444135666,-0.19237996265292168,-0.16192140616476536,0.024767868220806122,0.11546530574560165,-0.03692079056054354,0.15071500279009342,0.08382411766797304,0.0,-0.05578170344233513,0.06156376228714382,0.07726627140118003,-0.22325515480733288,0.006135923151542766,0.21168934872821854,-0.11965050145508016,-0.09050486648525302,-0.08049649405584791,0.022203860577715243,-0.028770661888343825,0.06822601129124098,0.19498600237124142,0.0034429346572544747,-0.1643404750754815
32.168643930000144,0.1747731609540298,-0.09887436420621372,0.35124751196385884,-0.6403176693254197,-0.2279836335417593,-0.053067302933836207,0.0714367539493949,-0.9960324550658487,1.0,1.0,0.04147304059006274,0.16868720948696136,-0.21802941150963306,0.0,0.19480162858963013,-0.19715176057070494,-0.16572040505707264,0.03257298097014427,0.12240137159824371,-0.025742809288203716,0.15289395861327648,0.07174873072654009,0.0,-0.046039639972150326,0.05696181992348685,0.08647015612849396,-0.22478913559521824,0.006135923151542766,0.21782527187976086,-0.12118448224296552,-0.09510680884890954,-0.07129260932853398,0.03600968766868613,-0.030304642676229628,0.0758959152306691,0.18271415606815633,0.0034429346572544747,-0.15667057113605337
32.1885764120002,0.1747176743195389,-0.09979705262496974,0.28034351110158917,-0.35124751196385884,0.05126904677733343,-0.06122445792146918,0.06632649608159162,-0.9959178488558987,1.0,1.0,0.03613476664759219,0.1637457050383091,-0.21629494614899158,0.0,0.19982877373695374,-0.179545808583498,-0.13765448099002242,0.0502171516418457,0.12808850407600403,-0.04784430656582117,0.17415456473827362,0.06664469558745623,0.0,-0.05122404359281063,0.05542783913560105,0.09567404085580788,-0.230925058746761,0.006135923151542766,0.22089323345553247,-0.12578642460662248,-0.09510680884890954,-0.0590207630254489,0.054417457123313986,-0.03183862346411543,0.08203183838221142,0.17197629055295705,0.0034429346572544747,-0.14746668640873944
32.20860144800008,0.1747176743195389,-0.09979705262496974,0.22580197197676638,-0.28579766501407144,0.1461713248545251,-0.06632649608159162,0.06122445792146918,-0.9959178488558987,1.0,1.0,0.034355284878984094,0.16767460480332375,-0.20874346978962421,0.0,0.19901221990585327,-0.18250280618667603,-0.12313555739820004,0.05236373096704483,0.13079968094825745,-0.053699434734880924,0.18282124027609825,0.06503549311310053,0.0,-0.055364323779940605,0.05389385834771569,0.10334394479523601,-0.2324590395346468,0.006135923151542766,0.22089323345553247,-0.13192234775816525,-0.09510680884890954,-0.04674891672236381,0.06822328421428443,-0.03183862346411543,0.08816776153375419,0.16277240582564312,0.0019089538693686722,-0.13826280168142596
32.228784685000164,0.17448678074159257,-0.10358342797245138,0.3076142806640006,-0.136353847812057,0.1505346479845109,-0.06939407773680742,0.056127562875358944,-0.9960091157518242,1.0,1.0,0.035749158123508096,0.17689352482557297,-0.20050226338207722,0.0,0.1984429657459259,-0.18194534070789814,-0.12760907970368862,0.06390798836946487,0.13894414901733398,-0.04780974332243204,0.18146159127354622,0.05274339113384485,0.0,-0.047406647354364395,0.05389385834771569,0.11101384873466413,-0.2324590395346468,0.006135923151542766,0.22089323345553247,-0.1365242901218222,-0.09817477042468115,-0.03294308963139292,0.08049513051736952,-0.030304642676229628,0.09583766547318232,0.1520345403104434,0.0019089538693686722,-0.12752493616622623
32.24879900000019,0.17448678074159257,-0.10358342797245138,0.24216443371421323,-0.05235987755982989,0.18980455615438332,-0.07042880947130953,0.05103536918210835,-0.996210406434755,1.0,1.0,0.031556286150589585,0.18035177513957024,-0.19457794912159443,0.0,0.19216009974479675,-0.17669364996254444,-0.11753791198134422,0.07854802906513214,0.14656460285186768,-0.05091744754463434,0.19314460456371307,0.044139702804386616,0.0,-0.047414861619472504,0.05082589677194409,0.1171497718862069,-0.2324590395346468,0.006135923151542766,0.22089323345553247,-0.14112623248547917,-0.10277671278833811,-0.01913726254042203,0.08969901524468345,-0.027236681100458467,0.10043960783683928,0.1428306555831299,0.0003749730814833138,-0.11832105143891229
32.26888014600013,0.17448678074159257,-0.10358342797245138,0.22907446432425577,-0.14180800172453928,0.20398535632683726,-0.07348587878382513,0.04796994865055252,-0.9961419124029629,1.0,1.0,0.025387954199686646,0.1852186992764473,-0.179798798635602,0.0,0.17386159300804138,-0.18796707689762115,-0.11810984648764133,0.0844707265496254,0.1494571417570114,-0.05667158309370279,0.19478705525398254,0.04453129414469004,0.0,-0.03376433253288269,0.044689973620401766,0.12328569503774922,-0.230925058746761,0.006135923151542766,0.22242721424341783,-0.1457281748491357,-0.10431069357622347,-0.0053314354494515825,0.09890289997199737,-0.027236681100458467,0.10657553098838204,0.13362677085581598,0.0003749730814833138,-0.107583185923713
32.28900347700005,0.17436569791245735,-0.10553602444378843,0.1265363707695889,-0.31525009614147576,0.4036073895236887,-0.0795800298697629,0.045911555694093976,-0.9957706301652381,1.0,1.0,0.012601811671629548,0.17895560339093208,-0.17449489422142506,0.0,0.1544557809829712,-0.19624930527061224,-0.1029592975974083,0.09521004557609558,0.13864734768867493,-0.07934948150068521,0.20144294947385788,0.055997670628130436,0.0,-0.021542280912399292,0.041622012044630605,0.129421618189292,-0.2293910779588752,0.007669903939428124,0.22242721424341783,-0.15033011721279266,-0.10584467436410927,0.008474391641519308,0.1065728039114255,-0.030304642676229628,0.1096434925641532,0.12442288612850207,0.0003749730814833138,-0.09684532040851328
32.308918532999996,0.17436569791245735,-0.10553602444378843,0.12762720155208535,-0.32834006553143325,0.4439681284760576,-0.08465360527115647,0.043856687068189494,-0.995444804152394,1.0,1.0,0.009366472950205207,0.18060238659381866,-0.16566640324890614,0.0,0.14740468561649323,-0.19532096479088068,-0.09184230491518974,0.09173614531755447,0.1333150863647461,-0.0861575985327363,0.20223897695541382,0.05104208830744028,0.0,-0.02344074845314026,0.038554050468859,0.13248957976506315,-0.2293910779588752,0.007669903939428124,0.22396119503130363,-0.15493205957644962,-0.10584467436410927,0.019212257156719037,0.11424270785085362,-0.03490658503988659,0.11424543492781017,0.11521900140118814,0.0003749730814833138,-0.0876414356811998
32.33067522900001,0.17436569791245735,-0.10553602444378843,-0.019634954084936207,-0.25416357232167425,0.6763150851478027,-0.08980035987357599,0.04490017993678799,-0.994947169053825,1.0,1.0,-0.017373539274558425,0.15796397626399994,-0.1586641538888216,0.0,0.1192350834608078,-0.17569353058934212,-0.05407031625509262,0.09550323337316513,0.10297099500894547,-0.11937371734529734,0.2120751291513443,0.06934916693717241,0.0,-0.04325585626065731,0.03241812731731668,0.1370915221287201,-0.22478913559521824,0.007669903939428124,0.22396119503130363,-0.1610679827279924,-0.10584467436410927,0.031484103459804125,0.12037863100239639,-0.04411046976720052,0.12038135807935249,0.10754909746176002,0.0003749730814833138,-0.07690357016600007
32.349195417000146,0.17436569791245735,-0.10553602444378843,-0.14289883250703572,-0.25743606466916363,0.8366672101747817,-0.0938290565483821,0.04895429037306892,-0.9943840232029624,1.0,1.0,-0.04125021933577955,0.14698373153805733,-0.17175027914345264,0.0,0.09205049276351929,-0.15995531901717186,-0.010637238621711731,0.06922183185815811,0.04086212068796158,-0.15851977560669184,0.20324605703353882,0.1309358449652791,0.0,-0.08212058432400227,0.027816184953659714,0.1370915221287201,-0.2171192316557901,0.009203884727313927,0.22549517581918943,-0.1672039058795347,-0.10584467436410927,0.04222196897500341,0.12498057336605335,-0.05791629685817141,0.12651728123089526,0.10141317431021725,0.0019089538693686722,-0.06463172386291498
32.36929047100011,0.17436569791245735,-0.10553602444378843,-0.23889194136672387,-0.2694352032766246,0.842121364087264,-0.09793838264412776,0.05509034023732187,-0.9936665072435462,1.0,1.0,-0.04961152537725866,0.1343764616176486,-0.20463206060230732,0.0,0.06991365551948547,-0.15356411039829254,0.01911577582359314,0.014043648727238178,-0.02577030658721924,-0.1799778649583459,0.18464865162968636,0.22647639084607363,0.0,-0.1400442123413086,0.018612300226345788,0.1386255029166059,-0.2109833085042478,0.009203884727313927,0.22549517581918943,-0.1687378866674205,-0.10584467436410927,0.05295983449020314,0.1280485349418245,-0.07172212394914185,0.13418718517032338,0.09834521273444609,0.0019089538693686722,-0.05082589677194409
32.38931437800011,0.17557066937376337,-0.08500431427180737,-0.32506757318394386,-0.2203478180642841,0.7494007475750653,-0.10102177560596763,0.063266162500707,-0.9928705824707729,1.0,1.0,-0.05230315192602575,0.11059779115021229,-0.20713275857269764,0.0,0.07287785410881042,-0.1639159396290779,0.0022592246532440186,-0.01280094776302576,-0.036021262407302856,-0.16773846838623285,0.16541390493512154,0.2727413075044751,0.0,-0.17322738468647003,0.0063404539232607,0.1386255029166059,-0.20177942377693386,0.009203884727313927,0.22549517581918943,-0.17333982903107747,-0.10277671278833811,0.06216371921751662,0.1295825157297103,-0.0916638741916555,0.1418570891097515,0.09681123194656029,0.0019089538693686722,-0.0400880312567448
32.40932574700014,0.17557066937376337,-0.08500431427180737,-0.3097959422289935,-0.12544553998709243,0.6719517620178169,-0.10208626780185481,0.07043952478327983,-0.9922785230340289,1.0,0.0,-0.05826613097451627,0.10952196270227432,-0.20773464627563953,0.0,0.07501417398452759,-0.15786685049533844,-0.012038901448249817,-0.004637386649847031,-0.024033520370721817,-0.15531294140964746,0.16347410902380943,0.28153659868985415,0.0,-0.17442463338375092,-0.00746537316771019,0.1386255029166059,-0.19410951983750574,0.010737865515199285,0.22242721424341783,-0.17333982903107747,-0.09664078963679534,0.06676566158117359,0.1295825157297103,-0.11313960522205407,0.15106097383706543,0.09681123194656029,0.0019089538693686722,-0.033952108105202036
32.42948774500019,0.17557066937376337,-0.08500431427180737,-0.3687008044838021,-0.12435470920459599,0.6348635154129374,-0.10514085726299996,0.080642016735699,-0.9911822563337181,1.0,0.0,-0.06473805173300207,0.1025219988077879,-0.20131191797554493,0.0,0.06907818466424942,-0.15849506482481956,-0.024601750075817108,-0.001025552861392498,-0.0046243127435445786,-0.14523775968700647,0.16430149972438812,0.2781025068834424,0.0,-0.169108584523201,-0.019737219470795278,0.1386255029166059,-0.18183767353442065,0.010737865515199285,0.21782527187976086,-0.17333982903107747,-0.08743690490948142,0.06983362315694519,0.1295825157297103,-0.13001339388879612,0.15873087777649356,0.09681123194656029,0.0034429346572544747,-0.033952108105202036
32.4495903720001,0.17557066937376337,-0.08500431427180737,-0.39269908169872414,-0.16580627893946132,0.779944009484966,-0.10707542665366183,0.08973940519544991,-0.9901927550543395,1.0,0.0,-0.07428936078213155,0.10162782855331898,-0.1977116633206606,0.0,0.06755677610635757,-0.15892748162150383,-0.033022910356521606,0.006886572577059269,0.0059008910320699215,-0.14314320776611567,0.16804028674960136,0.27697401214390993,0.0,-0.16186057031154633,-0.030475084985994563,0.1386255029166059,-0.17416776959499208,0.012271846303085088,0.21322332951610434,-0.17333982903107747,-0.07516505860639633,0.06983362315694519,0.12651455415393914,-0.13921727861611005,0.16333282014015052,0.09834521273444609,0.0034429346572544747,-0.03548608889308784
32.469673371,0.17557066937376337,-0.08500431427180737,-0.3108867730114899,-0.16580627893946132,0.8039422866998881,-0.10813106946840018,0.09588981632103412,-0.9895012960787564,1.0,0.0,-0.07899628742597997,0.10603324510157108,-0.20091514475643635,0.0,0.06884437799453735,-0.15179122984409332,-0.044705361127853394,0.007780802436172962,0.007170320954173803,-0.1386691788211465,0.1577589325606823,0.27781536150723696,0.0,-0.16610105335712433,-0.03967896971330849,0.13402356055294895,-0.17263378880710673,0.012271846303085088,0.20708740636456158,-0.17333982903107747,-0.06442719309119704,0.07136760394483055,0.11884465021451059,-0.14228524019188166,0.16486680092803632,0.10601511667387421,0.0034429346572544747,-0.03702006968097364
32.489708814000096,0.175796083947521,-0.08085330875377861,-0.04908738521234052,-0.136353847812057,0.8192139176548384,-0.10921671413508849,0.0990095445897531,-0.9890747289429974,1.0,0.0,-0.0793721245136112,0.12668261444196105,-0.20815658755600452,0.0,0.09167158603668213,-0.14394505321979523,-0.06469974666833878,0.014025009237229824,-0.009178809821605682,-0.13537174556404352,0.14104198664426804,0.29028885532170534,0.0,-0.1804153323173523,-0.047348873652736614,0.129421618189292,-0.17109980801922092,0.012271846303085088,0.2009514832130188,-0.1702718674553063,-0.052155346788111956,0.06983362315694519,0.1096407654871971,-0.14381922097976702,0.16486680092803632,0.11675298218907394,0.0019089538693686722,-0.04315599283251596
32.50985931100013,0.175796083947521,-0.08085330875377861,-0.08399397025222712,-0.06981317007977318,0.866119641302186,-0.10817469836749566,0.10205160223348647,-0.9888800256424838,1.0,1.0,-0.08137180819176137,0.11118550784885883,-0.21768385358154774,0.0,0.08426626026630402,-0.12695807963609695,-0.06224007159471512,0.02152186632156372,0.0015590139664709568,-0.12490867171436548,0.1427518744021654,0.2968344883993268,0.0,-0.1812077909708023,-0.05348479680427938,0.12481967582563502,-0.17109980801922092,0.01380582709097089,0.19788352163724765,-0.16413594430376355,-0.04141748127291223,0.06676566158117359,0.09890289997199737,-0.14228524019188166,0.16486680092803632,0.12902482849215902,0.0019089538693686722,-0.05082589677194409
32.53090257300005,0.175796083947521,-0.08085330875377861,-0.09708393964218458,-0.028361600344907856,0.7864889941799448,-0.107131981634678,0.10509137246068413,-0.9886751448000283,1.0,1.0,-0.08666862710379064,0.11811286490410566,-0.21884985454380512,0.0,0.08139152824878693,-0.12683595716953278,-0.06771187484264374,0.016561396420001984,0.0012801396660506725,-0.11939711961895227,0.13583335373550653,0.29977684188634157,0.0,-0.1850990504026413,-0.0596207199558217,0.12328569503774922,-0.16956582723133512,0.01380582709097089,0.1932815792735907,-0.15953400194010658,-0.0322135965455983,0.06369770000540242,0.08509707288102648,-0.14228524019188166,0.16486680092803632,0.14589861715890107,0.0019089538693686722,-0.06156376228714382
32.549932976000036,0.175796083947521,-0.08085330875377861,-0.04799655442984406,0.0719948316447661,0.3392483733563978,-0.10509137246068413,0.107131981634678,-0.9886751448000283,1.0,1.0,-0.08095285459421575,0.1260232802014798,-0.22193861193954945,0.0,0.08918966352939606,-0.1206604540348053,-0.07221830636262894,0.0024533579126000404,-0.0012982555199414492,-0.10264171753078699,0.12455875985324383,0.2991227703168988,0.0,-0.1924469918012619,-0.06422266231947867,0.12328569503774922,-0.16956582723133512,0.01380582709097089,0.18867963690993372,-0.15339807878856426,-0.024543692606170175,0.05909575764174546,0.07129124579005604,-0.13921727861611005,0.16486680092803632,0.16277240582564312,0.0019089538693686722,-0.0723016278023431
32.570034437000004,0.175796083947521,-0.08085330875377861,-0.07635815477475191,0.10799224746714914,0.21598449493429828,-0.10304990507297089,0.10917168161195927,-0.9886669110466216,1.0,1.0,-0.08404747559688985,0.12130650039762259,-0.2259958852082491,0.0,0.08566148579120636,-0.1183011457324028,-0.0708124041557312,-0.0007930407300591469,-0.003774123266339302,-0.09358082059770823,0.12083876854740083,0.30183928180485964,0.0,-0.1943536102771759,-0.06882460468313563,0.12328569503774922,-0.16956582723133512,0.01380582709097089,0.18561167533416256,-0.1472621556370215,-0.019941750242513212,0.0560277960659743,0.05901939948697095,-0.13308135546456773,0.16026485856437936,0.18118017528027053,0.0019089538693686722,-0.08457347410542819
32.59032841400017,0.17601616637510817,-0.07668811148149257,-0.0818123086872342,0.11017390903214205,0.21598449493429828,-0.10101904077609107,0.1102025899375539,-0.988762126384164,1.0,1.0,-0.08193369372747838,0.1255172430537641,-0.22096707113087177,0.0,0.09452076256275177,-0.12279325723648071,-0.07029522955417633,-0.004010149277746677,-0.0101055558770895,-0.0916716093197465,0.11987077351659536,0.3044044869020581,0.0,-0.2007705420255661,-0.07035858547102143,0.12328569503774922,-0.16803184644344976,0.01380582709097089,0.1825437137583914,-0.14112623248547917,-0.018407769454627854,0.05142585370231734,0.04674755318388542,-0.12694543231302496,0.1541289354128366,0.19191804079547026,0.0019089538693686722,-0.09837930119639908
32.61008684300009,0.17601616637510817,-0.07668811148149257,0.10471975511965978,0.04145156973486533,0.18435040224190105,-0.10003119951802603,0.10819701172357918,-0.9890840033976247,1.0,1.0,-0.08384458883665502,0.13552352134138346,-0.22379407472908497,0.0,0.12115852534770966,-0.12935779988765717,-0.0860702320933342,-0.013406634330749512,-0.031320031732320786,-0.07320582959800959,0.09194387681782246,0.28663687873631716,0.0,-0.2124236673116684,-0.07189256625890723,0.12481967582563502,-0.16803184644344976,0.01380582709097089,0.1810097329705056,-0.1349903093339364,-0.018407769454627854,0.04682391133866037,0.037543668456571935,-0.12080950916148264,0.14952699304917963,0.2072578486743265,0.0019089538693686722,-0.11218512828736997
32.63032587600014,0.17601616637510817,-0.07668811148149257,0.11671889372712078,0.0545415391248228,-0.06981317007977318,-0.09894225343548327,0.10608241605453878,-0.9894225343548328,1.0,1.0,-0.07823443575762212,0.1314406031742692,-0.22542825527489185,0.0,0.1308804154396057,-0.12291277199983597,-0.08889797329902649,-0.020631559193134308,-0.03277724236249924,-0.05162522289901972,0.093765027821064,0.28534065652638674,0.0,-0.21447902917861938,-0.07189256625890723,0.12481967582563502,-0.16803184644344976,0.01380582709097089,0.1794757521826198,-0.12885438618239364,-0.018407769454627854,0.04068798818711761,0.03140774530502917,-0.11467358600993988,0.14799301226129427,0.22719959891684016,0.0003749730814833138,-0.12445697459045506
32.65022758000009,0.17601616637510817,-0.07668811148149257,0.10799224746714914,0.15707963267948966,-0.16907877128695067,-0.09594149639100803,0.10308607590948735,-0.9900345904178488,1.0,1.0,-0.07294653519056737,0.12360992643516511,-0.23186935670673847,0.0,0.11844314634799957,-0.11751054972410202,-0.07579289376735687,-0.03149619325995445,-0.04141402617096901,-0.04672639910131693,0.08793197572231293,0.2972043650224805,0.0,-0.22066611051559448,-0.07342654704679259,0.12175171424986386,-0.16649786565556396,0.015339807878856249,0.1794757521826198,-0.12425244381873712,-0.01687378866674205,0.034552065035575286,0.026805802941372206,-0.10546970128262595,0.1433910698976373,0.25020931073512453,0.0003749730814833138,-0.13672882089354016
32.67023735800012,0.17601616637510817,-0.07668811148149257,-0.10581058590215622,0.3239767424014474,-0.3523383427463553,-0.08983011157411326,0.10718365585547605,-0.9901728207601123,1.0,1.0,-0.06450088485144079,0.10164703242480755,-0.23041175492107868,0.0,0.07645133137702942,-0.10848096758127213,-0.03732959181070328,-0.04168397933244705,-0.042548660188913345,-0.07801024708896875,0.11408354993909597,0.3378636138513684,0.0,-0.22099345922470093,-0.0749605278346784,0.11868375267409226,-0.16649786565556396,0.018407769454627854,0.1794757521826198,-0.11965050145508016,-0.01687378866674205,0.02841614188403252,0.020669879789829884,-0.09626581655531202,0.13725514674609454,0.2624811570382096,0.0019089538693686722,-0.14746668640873944
32.69039072500004,0.17601616637510817,-0.07668811148149257,-0.36106498900632694,0.42542400517361784,-0.39269908169872414,-0.08267966693911763,0.11330176580545749,-0.9901145300116556,1.0,1.0,-0.0653478370513767,0.09406824596226215,-0.22974074073135853,0.0,0.046631455421447754,-0.10993189364671707,-0.0219331756234169,-0.048195354640483856,-0.029549578204751015,-0.10179822240024805,0.128163012675941,0.3424112992361188,0.0,-0.2094460427761078,-0.0749605278346784,0.11868375267409226,-0.16649786565556396,0.019941750242513212,0.1794757521826198,-0.1135145783035374,-0.01687378866674205,0.022280218732490198,0.012999975850401316,-0.09319785497954086,0.12805126201878106,0.27321902255340935,0.0019089538693686722,-0.15667057113605337
32.71034480000003,0.17601616637510817,-0.07668811148149257,-0.27598018797160334,0.36324665057131983,-0.6795875774952921,-0.07859495984390044,0.11636136911954092,-0.9900923512803044,1.0,1.0,-0.05695496662519872,0.10810248088091612,-0.2298829574137926,0.0,0.07003816962242126,-0.12021640688180923,-0.04155007749795914,-0.06746038794517517,-0.05256311967968941,-0.10051485989242792,0.09775536693632603,0.3344074981287122,0.0,-0.22752702236175537,-0.07649450862256375,0.12175171424986386,-0.16649786565556396,0.021475731030399015,0.1794757521826198,-0.10891263593988043,-0.01687378866674205,0.016144295580947432,0.003796091123087833,-0.0885959126158839,0.11884737729146713,0.2808889264928375,0.0019089538693686722,-0.1643404750754815
32.73042990900012,0.17601616637510817,-0.07668811148149257,-0.19853120241435498,0.2454369260617026,-1.0188359508516898,-0.0765473119651637,0.1183931758394532,-0.9900119014161174,1.0,1.0,-0.0498960071709007,0.10704165231436491,-0.23149502463638783,0.0,0.09158240258693695,-0.1231856420636177,-0.056239016354084015,-0.07908325642347336,-0.06077834963798523,-0.08263804111629725,0.08330272138118744,0.32365452218800783,0.0,-0.23214231431484222,-0.07649450862256375,0.12328569503774922,-0.16649786565556396,0.021475731030399015,0.1794757521826198,-0.10431069357622347,-0.018407769454627854,0.01000837242940511,-0.0038738128163407354,-0.0885959126158839,0.11117747335203901,0.2885588304322656,0.0034429346572544747,-0.17047639822702426
32.75058999900011,0.17601616637510817,-0.07668811148149257,-0.19416787928436915,0.21271200258680892,-1.160643952576229,-0.07449018372749704,0.12142920361057737,-0.9898010714475636,1.0,1.0,-0.0425790676381439,0.1088499166071415,-0.2269804496318102,0.0,0.09797520935535431,-0.12176591902971268,-0.059704527258872986,-0.09030313789844513,-0.06172052398324013,-0.08048841450363398,0.07771463692188263,0.3226239876821637,0.0,-0.23501016199588776,-0.07649450862256375,0.12328569503774922,-0.16649786565556396,0.021475731030399015,0.1794757521826198,-0.10431069357622347,-0.021475731030399015,0.002338468489976986,-0.010009735967883057,-0.0885959126158839,0.10350756941261044,0.2962287343716937,0.0034429346572544747,-0.17354435980279542
32.77061370199999,0.17601616637510817,-0.07668811148149257,-0.30870511144649704,0.24980024919168842,-1.102829921103917,-0.07242372166098436,0.1254664473845222,-0.9894508452275329,1.0,1.0,-0.04245880781672895,0.0990681629627943,-0.21835379488766193,0.0,0.08135330677032471,-0.1165519580245018,-0.04738444834947586,-0.09546567499637604,-0.05593741312623024,-0.09817244950681925,0.09672736562788486,0.34140621591359377,0.0,-0.23165518045425415,-0.07649450862256375,0.12021773346197806,-0.16649786565556396,0.021475731030399015,0.1794757521826198,-0.10431069357622347,-0.023009711818284817,-0.008399397025222743,-0.016145659119425823,-0.0885959126158839,0.09737164626106812,0.30389863831112185,0.0034429346572544747,-0.17661232137856703
32.79080088400019,0.17601616637510817,-0.07668811148149257,-0.3174317577064687,0.2399827721492203,-0.892299580082101,-0.070418942499877,0.13063224115919211,-0.9889268881504465,1.0,1.0,-0.04035289748571813,0.09653488919138908,-0.2140286434441805,0.0,0.07683455944061279,-0.12120871245861053,-0.04583636671304703,-0.09475023299455643,-0.05574871972203255,-0.10940986964851618,0.09672020189464092,0.34554188419133425,0.0,-0.23602470755577087,-0.07342654704679259,0.11868375267409226,-0.16649786565556396,0.021475731030399015,0.1794757521826198,-0.10431069357622347,-0.023009711818284817,-0.01913726254042203,-0.022281582270968145,-0.0885959126158839,0.09276970389741115,0.3115685422505504,0.0034429346572544747,-0.18121426374222355
32.810799865000035,0.17601616637510817,-0.07668811148149257,-0.2792526803190927,0.23343778745424157,-0.9293878266869805,-0.0683504820220813,0.13466065114798106,-0.9885315981999518,1.0,1.0,-0.03386806487105787,0.09708293341100216,-0.21681213565170765,0.0,0.0802987813949585,-0.12439084053039551,-0.0518721342086792,-0.10106021910905838,-0.05508361756801605,-0.10454914066940546,0.08845963701605797,0.3402322130277753,0.0,-0.23637162148952484,-0.06882460468313563,0.1156157910983211,-0.16649786565556396,0.021475731030399015,0.17794177139473444,-0.10431069357622347,-0.023009711818284817,-0.028341147267735955,-0.02841750542251091,-0.0901298934037697,0.08970174232164,0.31923844618997854,0.0034429346572544747,-0.1858162061058805
32.83092071500005,0.17601616637510817,-0.07668811148149257,-0.2792526803190927,0.2716168648416175,-1.0133817969392076,-0.06533279434000337,0.13883218797250718,-0.988158514392551,1.0,1.0,-0.02542692027054727,0.09559750743210316,-0.21805730648338795,0.0,0.07361400127410889,-0.11802808195352554,-0.05339309573173523,-0.1087818592786789,-0.05511230230331421,-0.10704182926565409,0.09025098755955696,0.3434432642534375,0.0,-0.23318323493003845,-0.06422266231947867,0.1156157910983211,-0.16649786565556396,0.021475731030399015,0.17487380981896328,-0.10431069357622347,-0.023009711818284817,-0.039079012782935685,-0.03148546699828207,-0.09319785497954086,0.08970174232164,0.32537436934152086,0.0034429346572544747,-0.19041814846953747
32.85094569600005,0.17623085912327607,-0.07250903285576968,-0.28034351110158917,0.3883357585687383,-1.1562806294462433,-0.06123899783683157,0.14187034498865983,-0.9879891651008827,1.0,1.0,-0.01984356506727636,0.0891801193356514,-0.22550533898174763,0.0,0.07165291905403137,-0.11535823345184326,-0.05301707983016968,-0.11193826794624329,-0.05679740384221077,-0.10113146249204874,0.08566607907414436,0.34005626011639833,0.0,-0.2317347526550293,-0.061154700743707505,0.11101384873466413,-0.16649786565556396,0.021475731030399015,0.1702718674553063,-0.10431069357622347,-0.023009711818284817,-0.04674891672236381,-0.03455342857405323,-0.09626581655531202,0.08970174232164,0.33151029249306363,0.0034429346572544747,-0.19348611004530908
32.870930584999996,0.17623085912327607,-0.07250903285576968,-0.22689280275926285,0.4821472058634335,-1.2380929381334775,-0.05409298300681384,0.14492836956542574,-0.9879624066150149,1.0,1.0,-0.004289051750674844,0.08229541406035423,-0.23485365696251392,0.0,0.06561031937599182,-0.1073482558131218,-0.05168851464986801,-0.12167557328939438,-0.0628969669342041,-0.10203914437443018,0.08250471577048302,0.34303774405270815,0.0,-0.22974823415279388,-0.05501877759216518,0.10641190637100717,-0.16649786565556396,0.021475731030399015,0.16413594430376355,-0.10431069357622347,-0.023009711818284817,-0.057486782237563094,-0.036087409361939035,-0.09933377813108363,0.08970174232164,0.3361122348567206,0.0034429346572544747,-0.19655407162108024
32.891168118999985,0.17623085912327607,-0.07250903285576968,-0.22471114119426994,0.5945027764605685,-1.174824752748683,-0.045926162640442254,0.14798430184142503,-0.9879227874655133,1.0,1.0,-4.877801984548569e-05,0.07447440922260284,-0.24533078260719776,0.0,0.057484060525894165,-0.0989563912153244,-0.04886028915643692,-0.12246675789356232,-0.06890840083360672,-0.1082818889990449,0.08404074981808662,0.34792034793645144,0.0,-0.22702796757221222,-0.05041683522850822,0.10334394479523601,-0.16649786565556396,0.021475731030399015,0.15800002115222123,-0.10431069357622347,-0.023009711818284817,-0.06669066696487702,-0.03762139014982484,-0.09933377813108363,0.08970174232164,0.33764621564460595,0.0034429346572544747,-0.2011560139847372
32.911142359999985,0.17644010572893493,-0.06831638917281307,-0.1832595714594046,0.5803219762881145,-0.9141161957320301,-0.037757126764021626,0.1510285070560865,-0.9878080731776469,1.0,1.0,0.002006564987823367,0.06805265322327614,-0.2515722531825304,0.0,0.06737110018730164,-0.10404431819915771,-0.060289569199085236,-0.11676505208015442,-0.0710761770606041,-0.10100317094475031,0.06986036896705627,0.3410484092310071,0.0,-0.22416269779205322,-0.04274693128907965,0.10027598321946485,-0.16649786565556396,0.019941750242513212,0.15186409800067846,-0.10277671278833811,-0.023009711818284817,-0.07589455169219095,-0.04222333251348136,-0.10086775891896899,0.08970174232164,0.33764621564460595,0.0034429346572544747,-0.20268999477262256
32.93113306400005,0.17644010572893493,-0.06831638917281307,-0.12762720155208535,0.4734205596034619,-0.8443030256522569,-0.0316312533334828,0.15305445161362646,-0.9877113944132694,1.0,1.0,0.007984339958056808,0.0679316408932209,-0.24469316191971302,0.0,0.0804114043712616,-0.10680899769067764,-0.0760868713259697,-0.11516258120536804,-0.06942622363567352,-0.09599559847265482,0.06452717259526253,0.32892404962331057,0.0,-0.22768600285053253,-0.03507702734965153,0.09720802164369324,-0.16956582723133512,0.019941750242513212,0.14419419406125034,-0.0997087512125665,-0.023009711818284817,-0.08356445563161907,-0.04835925566502412,-0.10086775891896899,0.08970174232164,0.33764621564460595,0.0034429346572544747,-0.20422397556050836
32.95153268800004,0.17644010572893493,-0.06831638917281307,-0.1265363707695889,0.45814892864851153,-0.9326603190344699,-0.02550551716972253,0.15507354439191298,-0.9875736248116563,1.0,1.0,0.020380994537845254,0.059097521007061005,-0.2557459194213152,0.0,0.0817616730928421,-0.09894884377717972,-0.08020350709557533,-0.11744445562362671,-0.0693061426281929,-0.09077262226492167,0.05705428123474121,0.32079311180859804,0.0,-0.22439756989479065,-0.027407123410223402,0.09260607928003672,-0.17416776959499208,0.019941750242513212,0.1365242901218222,-0.09817477042468115,-0.023009711818284817,-0.08970037878316184,-0.052961198028681086,-0.10086775891896899,0.08970174232164,0.34071417722037756,0.0034429346572544747,-0.20422397556050836
32.971215433,0.17644010572893493,-0.06831638917281307,-0.11453723216212788,0.46142142099600086,-0.9872018581592926,-0.019383779453362067,0.15609043454549454,-0.9875525532028673,1.0,1.0,0.025338979670777917,0.05553470551967621,-0.25601685233414173,0.0,0.08471472561359406,-0.09386367350816727,-0.08708842471241951,-0.11959262937307358,-0.06871288269758224,-0.0936138117685914,0.059598080813884735,0.31867672968655825,0.0,-0.22343122959136963,-0.02127120025868108,0.08800413691637976,-0.18183767353442065,0.019941750242513212,0.12885438618239364,-0.09817477042468115,-0.023009711818284817,-0.09583630193470416,-0.05756314039233805,-0.10086775891896899,0.08970174232164,0.3422481580082629,0.0034429346572544747,-0.20422397556050836
32.99159553900017,0.17644010572893493,-0.06831638917281307,-0.10144726277217041,0.4537856055185257,-1.00029182754925,-0.01427943384595094,0.1580937318658854,-0.9873208544914649,1.0,1.0,0.029273934895172715,0.046681150794029236,-0.2524308580905199,0.0,0.08887439966201782,-0.08869100362062454,-0.0944443978369236,-0.1203729584813118,-0.06591365486383438,-0.09494252596050501,0.056869521737098694,0.31302108336240053,0.0,-0.22457972168922424,-0.013601296319252512,0.0834021945527228,-0.18797359668596297,0.019941750242513212,0.12271846303085132,-0.09817477042468115,-0.023009711818284817,-0.09890426351047577,-0.05756314039233805,-0.10086775891896899,0.08356581917009723,0.3422481580082629,0.0034429346572544747,-0.20422397556050836
33.011453097000185,0.17664385083808828,-0.0641105025337346,-0.08617563181722002,0.4265148359561143,-1.0231992739816758,-0.009178700312787036,0.15909747208830863,-0.9872202114197611,1.0,1.0,0.03813300491310656,0.03900161385536194,-0.2586099524050951,0.0,0.09463828802108765,-0.0858997032046318,-0.09727345779538155,-0.11944328248500824,-0.07054796814918518,-0.09457691852003336,0.04979299008846283,0.30763902235776186,0.0,-0.22549626231193542,-0.005931392379824388,0.08033423297695119,-0.19410951983750574,0.018407769454627854,0.12118448224296552,-0.09510680884890954,-0.023009711818284817,-0.10197222508624693,-0.06063110196810921,-0.10086775891896899,0.07742989601855446,0.3422481580082629,0.0034429346572544747,-0.20422397556050836
33.031441560000076,0.17664385083808828,-0.0641105025337346,-0.08835729338221293,0.36760997370130566,-1.0013826583317467,-0.006123440516554108,0.16125060026925817,-0.986894496584637,1.0,1.0,0.04205236048437655,0.03463231772184372,-0.2562511283904314,0.0,0.09756642580032349,-0.08784376084804535,-0.1029663234949112,-0.11868758499622345,-0.06801708787679672,-0.09266336355358362,0.047510288655757904,0.3002773420885205,0.0,-0.22481761872768402,0.0017385115596037365,0.07726627140118003,-0.1987114622011627,0.018407769454627854,0.11965050145508016,-0.09050486648525302,-0.026077673394055978,-0.10504018666201809,-0.06216508275599501,-0.10240173970685479,0.07282795365489794,0.3422481580082629,0.0034429346572544747,-0.20422397556050836
33.05202982900005,0.17664385083808828,-0.0641105025337346,-0.0818123086872342,0.28361600344907856,-1.016654289286697,-0.004081662402895612,0.16224608051510056,-0.9867418859000141,1.0,1.0,0.04961863742209971,0.033904366195201874,-0.2517347354441881,0.0,0.1049714982509613,-0.09073459357023239,-0.1118723675608635,-0.11844034492969513,-0.06355662643909454,-0.08799328748136759,0.04327093064785004,0.290124018676579,0.0,-0.22521467506885529,0.00940841549903186,0.07419830982540887,-0.20331340456481922,0.018407769454627854,0.11965050145508016,-0.08590292412159606,-0.0322135965455983,-0.10964212902567505,-0.06369906354388037,-0.10240173970685479,0.06822601129124098,0.3437821387961487,0.0034429346572544747,-0.20422397556050836
33.07161679800015,0.17664385083808828,-0.0641105025337346,-0.11562806294462433,0.23561944901923448,-1.0177451200691934,-0.003060238451441207,0.16423279689401146,-0.9864168608478825,1.0,1.0,0.05666732252575457,0.03387848287820816,-0.2451483327895403,0.0,0.09752921760082245,-0.0890868529677391,-0.11007324233651161,-0.12102905660867691,-0.05741705745458603,-0.09242820087820292,0.052527330815792084,0.2916874187067151,0.0,-0.2227165251970291,0.015544338650574627,0.0680623866738661,-0.20638136614059083,0.018407769454627854,0.11811652066719436,-0.08283496254582445,-0.035281558121369905,-0.11117610981356085,-0.06369906354388037,-0.10240173970685479,0.06362406892758402,0.3437821387961487,0.004976915445140277,-0.20422397556050836
33.09165692700003,0.17664385083808828,-0.0641105025337346,-0.17235126363444003,0.19198621771937624,-0.8748462875621577,-0.002040832263954337,0.16836866177623283,-0.9857219834899448,1.0,1.0,0.056492539355531335,0.031830571591854095,-0.24028822965919971,0.0,0.08537870645523071,-0.08714405447244644,-0.10863600298762321,-0.11767755448818207,-0.05178061127662659,-0.10784963611513376,0.06657092645764351,0.3013702230527997,0.0,-0.2201310396194458,0.02168026180211695,0.06192646352232378,-0.209449327716362,0.01687378866674205,0.11811652066719436,-0.0813009817579391,-0.03988350048502687,-0.11424407138933201,-0.06369906354388037,-0.10240173970685479,0.06055610735181241,0.3437821387961487,0.004976915445140277,-0.20422397556050836
33.11179027700018,0.17664385083808828,-0.0641105025337346,-0.23234695667174513,0.09053895494720585,-0.6021385919380436,-0.002041464749738563,0.17250377135290856,-0.9850067417488567,1.0,1.0,0.050776185700669885,0.03558145463466644,-0.22019429691135883,0.0,0.0865904688835144,-0.09657150506973267,-0.11447141319513321,-0.10626038908958435,-0.0370808020234108,-0.11710274312645197,0.08228794485330582,0.30374034214764833,0.0,-0.22052524983882904,0.027816184953659714,0.05885850194655262,-0.2109833085042478,0.01687378866674205,0.11811652066719436,-0.07823302018216749,-0.04448544284868339,-0.11577805217721782,-0.06369906354388037,-0.10393572049474059,0.05902212656392705,0.3453161195840345,0.004976915445140277,-0.20422397556050836
33.1317641290002,0.17664385083808828,-0.0641105025337346,-0.31634092692397225,0.022907446432425576,-0.3327033886614191,-0.0040811206328727825,0.1805895880046206,-0.9835500725223406,1.0,1.0,0.04737571091391146,0.0352267324924469,-0.20452591963112354,0.0,0.08549648523330688,-0.10443168878555298,-0.11660861037671566,-0.09153997153043747,-0.017372552305459976,-0.11810048017650843,0.0935121588408947,0.2984996037557721,0.0,-0.2134407013654709,0.033952108105202036,0.05579054037078102,-0.2109833085042478,0.01687378866674205,0.11811652066719436,-0.07823302018216749,-0.04601942363656919,-0.11731203296510317,-0.06369906354388037,-0.10546970128262595,0.05595416498815589,0.3453161195840345,0.006510896233025636,-0.20422397556050836
33.152218086000175,0.17664385083808828,-0.0641105025337346,-0.35779249665883756,-0.04799655442984406,-0.17780541754692233,-0.006124665458589944,0.18884385163985665,-0.9819880285272545,1.0,1.0,0.045438057044520974,0.03414835035800934,-0.19990422017872334,0.0,0.08312194049358368,-0.10998433083295822,-0.11653425544500351,-0.08351807296276093,-0.003925921395421028,-0.11616215202957392,0.09817458316683769,0.2897025542333722,0.0,-0.20886769890785217,0.03702006968097364,0.052722578795009856,-0.21251728929213315,0.01687378866674205,0.11811652066719436,-0.07823302018216749,-0.04755340442445499,-0.11731203296510317,-0.06369906354388037,-0.10546970128262595,0.052886203412384286,0.3468501003719199,0.006510896233025636,-0.20422397556050836
33.17203805100007,0.17664385083808828,-0.0641105025337346,-0.3916082509162277,-0.09599310885968812,-0.14180800172453928,-0.00918151792036504,0.19689255095893918,-0.9803820801634225,1.0,1.0,0.04438938037492335,0.03479708731174469,-0.19375805743038654,0.0,0.08692024648189545,-0.11555247008800507,-0.11903689801692963,-0.07727380096912384,0.005621943157166243,-0.11615872476249933,0.10150165855884552,0.2847895221784711,0.0,-0.2042570412158966,0.038554050468859,0.052722578795009856,-0.21251728929213315,0.01687378866674205,0.11811652066719436,-0.07823302018216749,-0.04755340442445499,-0.11731203296510317,-0.06216508275599501,-0.10700368207051175,0.052886203412384286,0.3468501003719199,0.006510896233025636,-0.20422397556050836
33.19198023700005,0.17664385083808828,-0.0641105025337346,-0.2617993877991494,-0.10581058590215622,-0.004363323129985824,-0.01122373019806666,0.20100680445628474,-0.9795255445585449,1.0,1.0,0.04190800921060145,0.03647465258836746,-0.2003296334296465,0.0,0.09590339660644531,-0.1208314597606659,-0.12656409107148647,-0.07201467454433441,-0.0016734765376895666,-0.10776325408369303,0.08517279848456383,0.28079300094395876,0.0,-0.2098345011472702,0.038554050468859,0.052722578795009856,-0.21251728929213315,0.01687378866674205,0.11811652066719436,-0.07823302018216749,-0.05062136600022615,-0.11577805217721782,-0.05909712118022341,-0.10700368207051175,0.05442018420027009,0.3468501003719199,0.006510896233025636,-0.20422397556050836
33.21220667800003,0.17664385083808828,-0.0641105025337346,-0.13308135546456762,-0.09708393964218458,0.13853550937704992,-0.012238878125699286,0.20296139558451318,-0.9791102500559429,1.0,1.0,0.038517488399520516,0.03503042459487915,-0.20595975406467915,0.0,0.10967908799648285,-0.12370648980140686,-0.13449091045185924,-0.065963014960289,-0.007173357531428337,-0.09378927294164896,0.07241906225681305,0.2781346933916211,0.0,-0.21111489832401276,0.038554050468859,0.052722578795009856,-0.209449327716362,0.01687378866674205,0.11811652066719436,-0.07823302018216749,-0.052155346788111956,-0.11424407138933201,-0.05449517881656689,-0.10853766285839755,0.06055610735181241,0.3468501003719199,0.006510896233025636,-0.20422397556050836
33.23209843900008,0.17664385083808828,-0.0641105025337346,-0.026179938779914945,-0.0545415391248228,0.20507618710933373,-0.012246007341627493,0.20512062297226052,-0.9786600867183972,1.0,1.0,0.03490623668767512,0.036205731332302094,-0.21554827876389027,0.0,0.11351265013217926,-0.12076272815465927,-0.14098910009488463,-0.05985170230269432,-0.009144509211182594,-0.07936831656843424,0.06224192678928375,0.27185093332082033,0.0,-0.2095412164926529,0.038554050468859,0.052722578795009856,-0.20638136614059083,0.01687378866674205,0.11811652066719436,-0.07823302018216749,-0.053689327575997314,-0.10964212902567505,-0.04682527487713832,-0.10393572049474059,0.06669203050335518,0.3468501003719199,0.006510896233025636,-0.20422397556050836
33.25218903100017,0.17664385083808828,-0.0641105025337346,-0.025089107997418487,0.00545415391248228,0.1930770485018727,-0.011223286196901026,0.20610034652490977,-0.9784664966207349,1.0,1.0,0.04148513660766184,0.030814222991466522,-0.21723984368145466,0.0,0.10935615003108978,-0.11950986832380295,-0.13736655982211232,-0.06105897203087807,-0.008905578404664993,-0.0764239439740777,0.06666950508952141,0.2763315038755536,0.0,-0.2098655104637146,0.038554050468859,0.052722578795009856,-0.20177942377693386,0.01687378866674205,0.11811652066719436,-0.07823302018216749,-0.05675728915176892,-0.10350620587413228,-0.03762139014982484,-0.10086775891896899,0.07129397286701214,0.3468501003719199,0.006510896233025636,-0.20422397556050836
33.27230571400014,0.17664385083808828,-0.0641105025337346,-0.02399827721492203,0.037088246604879506,0.3076142806640006,-0.009182879897855345,0.20610463770742,-0.9784868691159196,1.0,1.0,0.03249966003932059,0.027935519814491272,-0.21909304149448872,0.0,0.10743531584739685,-0.12112846970558167,-0.13669271999970078,-0.04669481888413429,-0.007581271231174469,-0.07733210269361734,0.06892512366175652,0.2782511906698346,0.0,-0.20727691054344177,0.038554050468859,0.05118859800712405,-0.1987114622011627,0.01687378866674205,0.11811652066719436,-0.07823302018216749,-0.05982525072754008,-0.0943023211468188,-0.02841750542251091,-0.09779979734319783,0.0743619344427833,0.3468501003719199,0.006510896233025636,-0.20422397556050836
33.292288307000035,0.17664385083808828,-0.0641105025337346,0.002181661564992912,0.02181661564992912,0.3043417883165112,-0.008162632140243717,0.20610646154115383,-0.9784955278117156,1.0,1.0,0.03254109271802008,0.02782682329416275,-0.21545097418129444,0.0,0.11373600363731384,-0.1220972090959549,-0.1372439838014543,-0.044957030564546585,-0.00827021524310112,-0.07971115503460169,0.06761034950613976,0.278894086368382,0.0,-0.210190087556839,0.038554050468859,0.05118859800712405,-0.1971774814132769,0.01687378866674205,0.11811652066719436,-0.07823302018216749,-0.06442719309119704,-0.08816639799527604,-0.020747601483082787,-0.09319785497954086,0.0743619344427833,0.3468501003719199,0.006510896233025636,-0.20422397556050836
33.312652154000034,0.17664385083808828,-0.0641105025337346,0.05126904677733343,-0.025089107997418487,0.2748893571891069,-0.008164345002478725,0.205129168187278,-0.9787008571721372,1.0,1.0,0.03357094922102988,0.026531442999839783,-0.21604900248348713,0.0,0.12455706298351288,-0.12850657105445862,-0.14182328572496772,-0.04364674538373947,-0.012197215110063553,-0.07139716390520334,0.061083704233169556,0.2748221354559064,0.0,-0.21443384885787964,0.038554050468859,0.049654617219238695,-0.1971774814132769,0.01687378866674205,0.11811652066719436,-0.07823302018216749,-0.06902913545485401,-0.08356445563161907,-0.01767963990731118,-0.0901298934037697,0.0743619344427833,0.3468501003719199,0.006510896233025636,-0.20422397556050836
33.33246611900017,0.17664385083808828,-0.0641105025337346,0.06435901616729091,-0.06654067773228381,0.3392483733563978,-0.008166050434881346,0.20415126087203364,-0.9789052958814013,1.0,1.0,0.03371976898051798,0.028798893094062805,-0.21933251805603504,0.0,0.13467559218406677,-0.13216528296470642,-0.14617090951651335,-0.038846105337142944,-0.014261666685342789,-0.06405709777027369,0.053575024008750916,0.26744713354855776,0.0,-0.2122982293367386,0.038554050468859,0.04658665564346709,-0.1971774814132769,0.01687378866674205,0.11965050145508016,-0.07823302018216749,-0.07209709703062517,-0.07896251326796211,-0.01461167833154002,-0.08706193182799854,0.0743619344427833,0.3468501003719199,0.006510896233025636,-0.20422397556050836
33.352849225,0.17664385083808828,-0.0641105025337346,0.12217304763960307,-0.11344640137963143,0.3392483733563978,-0.009181355479297265,0.20198982054453987,-0.979344584458375,1.0,1.0,0.032191097969189286,0.027604013681411743,-0.22219270654022694,0.0,0.13892866671085358,-0.13093505799770355,-0.14741394203156233,-0.03682422637939453,-0.02086302638053894,-0.06246593687683344,0.049039341509342194,0.2672374742105603,0.0,-0.21608397364616394,0.038554050468859,0.04505267485558173,-0.1971774814132769,0.01687378866674205,0.12118448224296552,-0.07823302018216749,-0.07363107781851097,-0.07282659011641979,-0.01461167833154002,-0.08399397025222693,0.07282795365489794,0.3453161195840345,0.006510896233025636,-0.20422397556050836
33.37265504300012,0.17664385083808828,-0.0641105025337346,0.16907877128695067,-0.0916297857297023,0.3196134192714616,-0.010207669402296773,0.19904955334478705,-0.97993626262049,1.0,1.0,0.03496802062727511,0.027795933187007904,-0.23010006733238697,0.0,0.14634037017822266,-0.13371103256940842,-0.14982958510518074,-0.03603419288992882,-0.02801067754626274,-0.053610325790941715,0.03877957910299301,0.2592998342588544,0.0,-0.21575768291950226,0.038554050468859,0.04351869406769593,-0.1971774814132769,0.01687378866674205,0.12425244381873712,-0.07823302018216749,-0.07669903939428213,-0.06669066696487702,-0.01461167833154002,-0.07939202788856997,0.06975999207912634,0.3453161195840345,0.006510896233025636,-0.20422397556050836
33.39265941300005,0.17664385083808828,-0.0641105025337346,0.16144295580947549,-0.09599310885968812,0.26616271092913524,-0.012241622577913027,0.1968860964614345,-0.9803499414478682,1.0,1.0,0.03233164572156966,0.024986572563648224,-0.23420301266014576,0.0,0.15326695144176483,-0.1356256604194641,-0.15132474899291992,-0.034121375530958176,-0.03311682865023613,-0.04798773769289255,0.032681599259376526,0.25372465420514345,0.0,-0.21510463953018188,0.038554050468859,0.04351869406769593,-0.1971774814132769,0.01687378866674205,0.12885438618239364,-0.07823302018216749,-0.0813009817579391,-0.06208872460122006,-0.01461167833154002,-0.07479008552491345,0.06669203050335518,0.3422481580082629,0.006510896233025636,-0.20422397556050836
33.413283756000055,0.1768420402443603,-0.05989170074861788,0.17780541754692233,-0.08617563181722002,0.2083486794568231,-0.013269520873300663,0.19393915122516353,-0.9809238122493796,1.0,1.0,0.036047654459252954,0.0260610431432724,-0.2409749198704958,0.0,0.16062110662460327,-0.13629774004220963,-0.15340189263224602,-0.036754246801137924,-0.03511740639805794,-0.03844808507710695,0.025068745017051697,0.2419290291145444,0.0,-0.2130780816078186,0.038554050468859,0.04351869406769593,-0.1987114622011627,0.01687378866674205,0.1349903093339364,-0.07823302018216749,-0.08436894333371026,-0.0590207630254489,-0.016145659119425823,-0.07018814316125649,0.06209008813969821,0.33764621564460595,0.006510896233025636,-0.20422397556050836
33.432772226,0.1768420402443603,-0.05989170074861788,0.20616701789183017,-0.10581058590215622,0.1559888018969932,-0.015307198325904957,0.18980925924122147,-0.9817016526347047,1.0,1.0,0.03383570373989642,0.024461887776851654,-0.2457959372550249,0.0,0.1696801781654358,-0.13578921556472778,-0.15526816993951797,-0.03540646657347679,-0.037605296820402145,-0.03452828619629145,0.019444532692432404,0.23300548363476992,0.0,-0.21011771261692047,0.038554050468859,0.04351869406769593,-0.20177942377693386,0.01687378866674205,0.14112623248547917,-0.07823302018216749,-0.08743690490948142,-0.055952801449677736,-0.020747601483082787,-0.06712018158548488,0.05748814577604125,0.3345782540688348,0.006510896233025636,-0.20422397556050836
33.4528307810001,0.1768420402443603,-0.05989170074861788,0.23125612588924865,-0.14726215563702155,0.10362892433716332,-0.01836336074011016,0.1856739808166694,-0.9824397995958936,1.0,1.0,0.03507875860668719,0.024080276489257812,-0.24975034780800343,0.0,0.18317551910877228,-0.1397174671292305,-0.15996004082262516,-0.03296922147274017,-0.03313049301505089,-0.027132575400173664,0.012211441993713379,0.2130320118740201,0.0,-0.2039298266172409,0.038554050468859,0.04351869406769593,-0.20484738535270502,0.01687378866674205,0.1472621556370215,-0.07823302018216749,-0.09050486648525302,-0.05288483987390613,-0.023815563058853947,-0.06405222000971372,0.052886203412384286,0.32844233091729247,0.006510896233025636,-0.20575795634839417
33.47303494400012,0.17706739442094838,-0.05492636353141835,0.25089107997418486,-0.19198621771937624,0.05781403147231216,-0.022440697876162204,0.18054561473094138,-0.9833105796645621,1.0,1.0,0.03273921110667288,0.024609804153442383,-0.250335993245244,0.0,0.1956287920475006,-0.1435205414891243,-0.1625751256942749,-0.02802281081676483,-0.024127401411533356,-0.022127491421997547,0.013430938124656677,0.19450238812714815,0.0,-0.1963527500629425,0.038554050468859,0.04351869406769593,-0.2109833085042478,0.015339807878856249,0.15186409800067846,-0.07823302018216749,-0.09357282806102418,-0.05135085908602077,-0.025349543846739306,-0.06098425843394257,0.04521629947295616,0.3223064077657497,0.006510896233025636,-0.20575795634839417
33.49300672300001,0.17706739442094838,-0.05492636353141835,0.28579766501407144,-0.20507618710933373,0.017453292519943295,-0.025496482574515172,0.1754158001126644,-0.9841642273762856,1.0,1.0,0.0302653054241091,0.019275180995464325,-0.2593440134078264,0.0,0.20439597964286804,-0.14421424269676208,-0.16022828966379166,-0.02088436670601368,-0.011368488892912865,-0.019318134523928165,0.011111773550510406,0.16975747514516115,0.0,-0.18294866383075714,0.038554050468859,0.04351869406769593,-0.21405127008001895,0.015339807878856249,0.15953400194010658,-0.07823302018216749,-0.09664078963679534,-0.05135085908602077,-0.02688352463462511,-0.056382316070285605,0.0406143571092992,0.31617048461420694,0.006510896233025636,-0.20575795634839417
33.51309888800006,0.17706739442094838,-0.05492636353141835,0.2901609881440573,-0.1908953869368798,0.04690572364734761,-0.029603829886470694,0.16945640555703917,-0.9850929600153181,1.0,1.0,0.032251820201054215,0.02303430438041687,-0.26217356510460377,0.0,0.21824553608894348,-0.1552363745868206,-0.15696080215275288,-0.014080753549933434,0.005370171274989843,-0.023584344424307346,0.02021855115890503,0.15081838238984346,0.0,-0.16869154572486877,0.038554050468859,0.04351869406769593,-0.22018719323156172,0.015339807878856249,0.16566992509164935,-0.07976700097005329,-0.1012427320004523,-0.05135085908602077,-0.02688352463462511,-0.05178037370662864,0.032944453169871074,0.3100345614626646,0.006510896233025636,-0.20575795634839417
33.53315188700003,0.0,0.0,0.26398104936414235,-0.19744037163185854,0.06326818538479445,-0.033677572382349585,0.1643057319260086,-0.9858343915560516,1.0,1.0,0.00875689904205501,0.023785904049873352,-0.1822571475058794,0.0,0.12975938618183136,-0.17338234186172485,-0.12070578522980213,0.005208426155149937,0.005120778921991587,-0.03289018664509058,0.026840336620807648,0.06735704559832811,0.0,-0.10486001521348953,0.038554050468859,0.04505267485558173,-0.22478913559521824,0.015339807878856249,0.17180584824319167,-0.0813009817579391,-0.10277671278833811,-0.05135085908602077,-0.02688352463462511,-0.04871241213085748,0.026808530018328308,0.3008306767353507,0.006510896233025636,-0.20575795634839417
33.553257626999994,0.0,0.0,0.30543261909900765,-0.2694352032766246,0.055632369907319255,-0.03877232102520449,0.1581502568133341,-0.9866535376677038,1.0,1.0,0.011449152836576104,0.04306431859731674,-0.19364224560558796,0.0,0.15794473886489868,-0.1900006327778101,-0.11388146504759789,0.02016318589448929,0.015681426972150803,-0.04954164195805788,0.05743938684463501,0.07584480661898851,0.0,-0.0914352685213089,0.038554050468859,0.04505267485558173,-0.2293910779588752,0.01380582709097089,0.1810097329705056,-0.08590292412159606,-0.10431069357622347,-0.04981687829813497,-0.02688352463462511,-0.04717843134297168,0.023740568442557147,0.2900928112201514,0.006510896233025636,-0.20268999477262256
33.57374091600013,0.0,0.0,0.3272492347489368,-0.2814343418840856,0.09053895494720585,-0.04184819615053682,0.15514453207028286,-0.9870050165260758,1.0,1.0,-0.0008606328628957272,0.052735306322574615,-0.2023066896945238,0.0,0.16981247067451477,-0.19623071234673262,-0.11028754338622093,0.01956077292561531,0.015233553946018219,-0.047188312746584415,0.0556236207485199,0.06920470762997866,0.0,-0.09096129983663559,0.03241812731731668,0.04505267485558173,-0.23399302032253216,0.01380582709097089,0.18867963690993372,-0.09203884727313838,-0.10584467436410927,-0.04521493593447801,-0.025349543846739306,-0.04717843134297168,0.020672606866785986,0.2793549457049517,0.006510896233025636,-0.1996220331968514
33.593712934999985,0.0,0.0,0.35015668118136234,-0.2399827721492203,0.04690572364734761,-0.04797712099832384,0.14597294261192145,-0.9881245346037759,1.0,1.0,-0.00471943081356585,0.06104782223701477,-0.20015889592468739,0.0,0.18737471103668213,-0.2030833326280117,-0.108452208340168,0.026732895523309708,0.01445707492530346,-0.04761092085391283,0.06488969177007675,0.0750417010858655,0.0,-0.08384150825440884,0.030884146529430875,0.04505267485558173,-0.23859496268618913,0.01380582709097089,0.1963495408493623,-0.0997087512125665,-0.10584467436410927,-0.04061299357082104,-0.020747601483082787,-0.045644450555085876,0.020672606866785986,0.2686170801897524,0.006510896233025636,-0.19502009083319444
33.61407952200011,0.0,0.0,0.3534291735288517,-0.2378011105842274,0.038179077387375956,-0.05306782798836755,0.13879278089265362,-0.9888985638601568,1.0,1.0,-0.01243127672933042,0.0720885843038559,-0.21014107950031757,0.0,0.18979671597480774,-0.20386413671076298,-0.10421163961291313,0.029547151178121567,0.015069887042045593,-0.04323278833180666,0.07609203457832336,0.07589030731469393,0.0,-0.0818955097347498,0.026282204165773912,0.04505267485558173,-0.2431969050498461,0.01380582709097089,0.20401944478879042,-0.10737865515199507,-0.10584467436410927,-0.03447707041927872,-0.01767963990731118,-0.04411046976720052,0.019138626078900184,0.2532772723108957,0.006510896233025636,-0.18888416768165212
33.633674158000076,0.0,0.0,0.4068798818711781,-0.2650718801466388,0.14508049407202864,-0.05714226216196717,0.13061088494163925,-0.9897856124483599,1.0,1.0,-0.019811730599030852,0.08179391175508499,-0.21735397167503834,0.0,0.2041155993938446,-0.21026276797056198,-0.10554654151201248,0.03589906170964241,0.009195541962981224,-0.04129917640239,0.07872818037867546,0.07556511927396059,0.0,-0.07593912072479725,0.02014628101423159,0.04505267485558173,-0.24626486662561725,0.012271846303085088,0.20708740636456158,-0.1150485590914232,-0.10584467436410927,-0.028341147267735955,-0.013077697543654218,-0.04411046976720052,0.019138626078900184,0.23793746443203945,0.006510896233025636,-0.17814630216645239
33.65391844999999,0.0,0.0,0.5039638215133626,-0.2628902185816459,0.1461713248545251,-0.06223443355259376,0.12140815725833864,-0.9906497537634189,1.0,1.0,-0.018955543404445052,0.09171164594590664,-0.2346175331622362,0.0,0.21804597973823547,-0.21328323893249035,-0.10793137550354004,0.03923767805099487,-0.00017471611499786377,-0.0320654334500432,0.08296705037355423,0.08000392932444811,0.0,-0.07154008559882641,0.014010357862688824,0.04505267485558173,-0.24626486662561725,0.012271846303085088,0.20862138715244738,-0.12425244381873712,-0.10584467436410927,-0.02067124332830783,-0.010009735967883057,-0.042576488979314715,0.019138626078900184,0.2210636757652974,0.004976915445140277,-0.1674084366512531
33.674104911000086,0.0,0.0,0.5672320068981571,-0.2301652951067522,0.1810779098944117,-0.06530122708025497,0.11019582069793028,-0.9917623862813726,1.0,1.0,-0.016236735275015235,0.10034835152328014,-0.251509727910161,0.0,0.22559848427772522,-0.21111012622714043,-0.10903991758823395,0.03992963954806328,-0.010043207556009293,-0.02956544328480959,0.08398058637976646,0.08458246756345034,0.0,-0.07014132104814053,0.0063404539232607,0.04812063643135289,-0.24626486662561725,0.007669903939428124,0.20862138715244738,-0.1334563285460506,-0.10584467436410927,-0.013001339388879707,-0.0038738128163407354,-0.039508527403543554,0.019138626078900184,0.20418988709855534,0.004976915445140277,-0.15667057113605337
33.693908488000034,0.0,0.0,0.5214171140333059,-0.13962634015954636,0.23125612588924865,-0.06732990514616169,0.10099485771924253,-0.9926060258668988,1.0,1.0,-0.01884231506846845,0.10014455579221249,-0.24936756677925587,0.0,0.22572752833366394,-0.20725435949862003,-0.10279777273535728,0.0391145683825016,-0.0074233259074389935,-0.026488211937248707,0.09169242531061172,0.08129351306706667,0.0,-0.06563630141317844,0.0017385115596037365,0.052722578795009856,-0.2447308858377319,0.004601942363656963,0.20862138715244738,-0.14266021327336453,-0.10584467436410927,-0.006865416237336941,0.000728129547316228,-0.03644056582777239,0.023740568442557147,0.1873160984318133,0.0034429346572544747,-0.1459327056208541
33.7141473910001,0.0,0.0,0.4919646829059016,-0.0818123086872342,0.32070425005395803,-0.06833657963477717,0.09179540547955142,-0.993430277078701,1.0,1.0,-0.019234217470511794,0.10583420842885971,-0.24844044633209705,0.0,0.2226937711238861,-0.2091470006853342,-0.10137910768389702,0.043719254434108734,-0.009855382144451141,-0.03218918386846781,0.09670524671673775,0.08125893492251635,0.0,-0.06079992279410362,-0.002863430804053227,0.05732452115866682,-0.2416629242619603,0.004601942363656963,0.20862138715244738,-0.15339807878856426,-0.10584467436410927,0.002338468489976986,0.000728129547316228,-0.03490658503988659,0.026808530018328308,0.1735102713408424,0.0034429346572544747,-0.13672882089354016
33.734317000000146,0.0,0.0,0.4919646829059016,-0.06544984694978735,0.40251655874119224,-0.0694072343553275,0.08267626445266951,-0.9941565626777791,1.0,1.0,-0.012878034031018615,0.1149847349151969,-0.24814930744469166,0.0,0.2159801423549652,-0.20780220068991184,-0.10181940719485283,0.046972718089818954,-0.013799194246530533,-0.03639333415776491,0.10025248676538467,0.08030347991734743,0.0,-0.059503501281142235,-0.004397411591939029,0.06499442509809494,-0.23859496268618913,0.004601942363656963,0.21015536794033274,-0.1610679827279924,-0.10584467436410927,0.011542353217290469,0.000728129547316228,-0.03490658503988659,0.029876491594099913,0.15817046346198615,0.0019089538693686722,-0.12752493616622623
33.75462192200007,0.0,0.0,0.5443245604657315,-0.1265363707695889,0.3719732968312915,-0.07142239920554158,0.07244271919419216,-0.9948119889343291,1.0,1.0,-0.00206672097556293,0.11826029233634472,-0.25472369976341724,0.0,0.21891096234321594,-0.2074839249253273,-0.11255442723631859,0.043055616319179535,-0.020669305697083473,-0.032332719303667545,0.09390287473797798,0.0809364290907979,0.0,-0.0566532202064991,-0.005931392379824388,0.07113034824963771,-0.23552700111041797,0.004601942363656963,0.21015536794033274,-0.1687378866674205,-0.10584467436410927,0.017678276368833234,0.000728129547316228,-0.03337260425200079,0.032944453169871074,0.14743259794678643,0.0003749730814833138,-0.11832105143891229
33.77486028800013,0.0,0.0,0.6294093615004551,-0.17671458676442586,0.3337942194439155,-0.0744515876543184,0.06017320098088748,-0.9954075280906132,1.0,1.0,0.014204785460606217,0.1215562482830137,-0.26621988601982594,0.0,0.22284767031669617,-0.20342741906642914,-0.12363136559724808,0.0412210114300251,-0.03311378136277199,-0.029097330756485462,0.08808182924985886,0.08339682687073946,0.0,-0.05511244013905525,-0.00746537316771019,0.07880025218906583,-0.23399302032253216,0.007669903939428124,0.21015536794033274,-0.17333982903107747,-0.10584467436410927,0.022280218732490198,-0.0008058512405691304,-0.03183862346411543,0.036012414745642235,0.13669473243158714,-0.005760950070059452,-0.11218512828736997
33.794574867000165,0.0,0.0,0.6370451769779303,-0.13526301702956053,0.29561514205653955,-0.07445158765431842,0.060173200980887485,-0.9954075280906133,0.0,1.0,0.014691641787067056,0.12101799459196627,-0.26307654567062855,0.0,0.2196398675441742,-0.19801803026348352,-0.12467260286211967,0.034283339977264404,-0.031218040734529495,-0.024891667999327183,0.08668676018714905,0.07763188797980547,0.0,-0.057788144797086716,-0.00746537316771019,0.08493617534060816,-0.230925058746761,0.009203884727313927,0.21322332951610434,-0.1794757521826198,-0.10584467436410927,0.02688216109614716,-0.0038738128163407354,-0.03183862346411543,0.03754639553352804,0.13055880928004437,-0.007294930857945255,-0.1060492051358272
33.814449405999994,0.0,0.0,0.557414529855689,-0.1265363707695889,0.22689280275926285,-0.07757230644269839,0.03980684146401628,-0.9961917248430741,0.0,1.0,0.02269299910403788,0.12480249349027872,-0.2577111143618822,0.0,0.21566447615623474,-0.20325883477926254,-0.12989092618227005,0.038226913660764694,-0.03842366486787796,-0.02992428559809923,0.09286238625645638,0.08225822914391756,0.0,-0.05248182266950607,-0.00746537316771019,0.09260607928003672,-0.22785709717098984,0.010737865515199285,0.2147573103039897,-0.1825437137583914,-0.10584467436410927,0.031484103459804125,-0.008475755179997255,-0.03183862346411543,0.03908037632141384,0.12442288612850207,-0.008828911645830613,-0.10144726277217024
33.83460690400011,0.0,0.0,0.4657847441259867,-0.16689710972195776,0.08944812416470939,-0.0816523373540494,0.03164028072469414,-0.9961585157194026,0.0,1.0,0.02133271866478026,0.12759916111826897,-0.2526501137763262,0.0,0.20718780159950256,-0.20213093422353268,-0.1280701644718647,0.03157416358590126,-0.032551638782024384,-0.02530281525105238,0.09555556625127792,0.07468260545283556,0.0,-0.052268557250499725,-0.004397411591939029,0.09720802164369324,-0.2293910779588752,0.010737865515199285,0.2162912910918755,-0.18407769454627676,-0.10737865515199507,0.03301808424768948,-0.010009735967883057,-0.030304642676229628,0.03908037632141384,0.1182869629769593,-0.010362892433716415,-0.09837930119639908
33.85471516300004,0.0,0.0,0.42978732830360367,-0.2083486794568231,0.1189005552921137,-0.08572696181658451,0.022452299523391183,-0.9960656515831724,0.0,1.0,0.025737459072843194,0.12707096710801125,-0.25589105673134327,0.0,0.21098187565803528,-0.20194591954350471,-0.12847965024411678,0.028817523270845413,-0.03946712613105774,-0.02744941506534815,0.09384475275874138,0.07610490638762712,0.0,-0.04804171621799469,0.000204530771717934,0.1018099640073502,-0.23399302032253216,0.012271846303085088,0.2162912910918755,-0.18561167533416256,-0.10737865515199507,0.03301808424768948,-0.013077697543654218,-0.030304642676229628,0.03908037632141384,0.11061705903753118,-0.010362892433716415,-0.09531133962062792
33.874452723000104,0.0,0.0,0.5148721293383273,-0.23671027980173096,0.0272707695624114,-0.08775985384834491,0.01836834150314196,-0.9959722948370306,0.0,1.0,0.034543881425634027,0.1291325008496642,-0.2594150323420763,0.0,0.21297422051429749,-0.1967891827225685,-0.13484348775818944,0.022869743406772614,-0.04753820598125458,-0.0208000922575593,0.08634044602513313,0.07662138808518648,0.0,-0.049099260941147804,0.004806473135374897,0.10641190637100717,-0.23859496268618913,0.012271846303085088,0.21782527187976086,-0.18867963690993372,-0.10737865515199507,0.03301808424768948,-0.01461167833154002,-0.030304642676229628,0.0406143571092992,0.10448113588598885,-0.010362892433716415,-0.09224337804485676
33.89462140600017,0.0,0.0,0.4428772976935611,-0.18980455615438332,-0.026179938779914945,-0.09384452949675753,0.006120295401962447,-0.995568052052558,1.0,1.0,0.033473346615210176,0.12702545383945107,-0.253636809065938,0.0,0.21256765723228455,-0.1980782300233841,-0.13312054052948952,0.02005017176270485,-0.044195737689733505,-0.020021499134600163,0.09584538452327251,0.07580084074288607,0.0,-0.04684617556631565,0.007874434711146502,0.10947986794677877,-0.2416629242619603,0.012271846303085088,0.21782527187976086,-0.1948155600614765,-0.10737865515199507,0.031484103459804125,-0.01461167833154002,-0.030304642676229628,0.042148337897185,0.09987919352233189,-0.010362892433716415,-0.08917541646908515
33.91495592000001,0.0,0.0,0.17780541754692233,-0.1559888018969932,0.039269908169872414,-0.09485643648135922,0.004079846730381042,-0.9954826022129741,1.0,1.0,0.019194193417206407,0.12910145986825228,-0.23570004291832447,0.0,0.1973663866519928,-0.21098840236663818,-0.12284564785659313,0.028757043182849884,-0.024813588708639145,-0.029045098461210728,0.11827517091296613,0.06521993968635798,0.0,-0.034278346225619316,0.012476377074803022,0.11101384873466413,-0.2431969050498461,0.012271846303085088,0.21935925266764666,-0.19788352163724765,-0.10891263593988043,0.031484103459804125,-0.016145659119425823,-0.030304642676229628,0.042148337897185,0.09527725115867493,-0.010362892433716415,-0.08610745489331399
33.93495066100013,0.0,0.0,-0.007635815477475192,-0.07853981633974483,0.07417649320975901,-0.09798688796488106,0.0040827869985367105,-0.9951793308933232,1.0,1.0,0.004470867570489645,0.13462999556213617,-0.21267697401344776,0.0,0.17848695814609528,-0.2134859785437584,-0.1016736552119255,0.02470811828970909,-0.012599565088748932,-0.03278747294098139,0.13310952857136726,0.055377901531755924,0.0,-0.040196603164076805,0.015544338650574627,0.1140818103104353,-0.2431969050498461,0.012271846303085088,0.21935925266764666,-0.19941750242513345,-0.10891263593988043,0.031484103459804125,-0.019213620695196984,-0.030304642676229628,0.04368231868507036,0.09220928958290332,-0.010362892433716415,-0.08150551252965703
33.954825145000086,0.0,0.0,0.016362461737446838,-0.11126473981463851,-0.031634092692397225,-0.100008435052971,0.0030614827057031937,-0.994981879353538,1.0,1.0,0.009598909644410014,0.13876662775874138,-0.2124528158456087,0.0,0.17258386313915253,-0.2244351301342249,-0.105952437967062,0.02527470514178276,-0.013038141652941704,-0.030354184098541737,0.127167331520468,0.05784242693334818,0.0,-0.03954629600048065,0.015544338650574627,0.1140818103104353,-0.2447308858377319,0.012271846303085088,0.22089323345553247,-0.20401944478879042,-0.1135145783035374,0.031484103459804125,-0.019213620695196984,-0.030304642676229628,0.04368231868507036,0.08914132800713216,-0.010362892433716415,-0.07997153174177123
33.97495201400011,0.0,0.0,0.00545415391248228,-0.10253809355466686,-0.00545415391248228,-0.10101856746269823,0.0030611687109908556,-0.994879831072028,1.0,1.0,0.0101446860935539,0.13583782315254211,-0.21299568004906178,0.0,0.1779714673757553,-0.22159435786306858,-0.10803360491991043,0.02568294107913971,-0.009772657416760921,-0.030677401460707188,0.13212716579437256,0.05757803190499544,0.0,-0.026200851425528526,0.015544338650574627,0.1140818103104353,-0.2508668089892742,0.01380582709097089,0.22089323345553247,-0.20708740636456158,-0.1150485590914232,0.031484103459804125,-0.020747601483082787,-0.030304642676229628,0.04521629947295616,0.08300540485558984,-0.010362892433716415,-0.07690357016600007
33.99510021600008,0.0,0.0,0.13308135546456762,-0.04363323129985824,-0.04908738521234052,-0.10202886549856946,-0.0,-0.9947814386110523,1.0,1.0,0.019162811571732163,0.13670989498496056,-0.2199887651950121,0.0,0.1816830039024353,-0.21195596270263195,-0.11083779111504555,0.020349200814962387,-0.02209845930337906,-0.02564749587327242,0.11952270264737308,0.05603732634335756,0.0,-0.036241861060261726,0.017078319438459985,0.1156157910983211,-0.2508668089892742,0.01380582709097089,0.22089323345553247,-0.2147573103039897,-0.11658253987930856,0.031484103459804125,-0.020747601483082787,-0.030304642676229628,0.049818241836613125,0.07533550091616127,-0.010362892433716415,-0.0738356085902289
34.015077736000194,0.0,0.0,0.2476185876266955,-0.011999138607461015,-0.06981317007977318,-0.10202801582181956,-0.0040811206328727825,-0.9947731542627407,1.0,1.0,0.029707988956943154,0.13664756435900927,-0.21937650628387928,0.0,0.18332435190677643,-0.21103021502494812,-0.12608114629983902,0.02243686094880104,-0.020382722839713097,-0.02508015837520361,0.11588236130774021,0.05870689172297716,0.0,-0.028140457347035408,0.017078319438459985,0.1171497718862069,-0.24779884741350305,0.01380582709097089,0.22089323345553247,-0.22089323345553247,-0.11658253987930856,0.031484103459804125,-0.020747601483082787,-0.030304642676229628,0.05748814577604125,0.06919957776461895,-0.010362892433716415,-0.0723016278023431
34.03572300400015,0.0,0.0,0.22252947962927702,0.05999569303730508,-0.038179077387375956,-0.10101567513651546,-0.008162882839314382,-0.9948513460414402,1.0,1.0,0.026513619581237435,0.13453359808772802,-0.21224339492619038,0.0,0.17382101714611053,-0.20642967335879803,-0.11906110495328903,0.02144254371523857,-0.01671365275979042,-0.02987778652459383,0.12378800904843956,0.04513366241008043,0.0,-0.038322899490594864,0.02014628101423159,0.11868375267409226,-0.2431969050498461,0.01380582709097089,0.21782527187976086,-0.22242721424341783,-0.11811652066719436,0.031484103459804125,-0.020747601483082787,-0.030304642676229628,0.06362406892758402,0.06613161618884779,-0.010362892433716415,-0.07076764701445774
34.05544886100006,0.0,0.0,0.1636246173744684,0.11453723216212788,0.07853981633974483,-0.1000036965814704,-0.01020445883484392,-0.9949347363972821,1.0,1.0,0.020948320860043168,0.13751101307570934,-0.1955245304852724,0.0,0.16430681943893433,-0.21288840658962727,-0.11735074408352375,0.028842490166425705,-0.008753051981329918,-0.03588568884879351,0.13309686910361052,0.043155484832823277,0.0,-0.03571392968297005,0.02014628101423159,0.11868375267409226,-0.23859496268618913,0.012271846303085088,0.21322332951610434,-0.22242721424341783,-0.11811652066719436,0.031484103459804125,-0.020747601483082787,-0.030304642676229628,0.06975999207912634,0.06306365461307618,-0.010362892433716415,-0.06923366622657194
34.075481008999986,0.0,0.0,0.21925698728178766,0.1265363707695889,0.1461713248545251,-0.09797770161756125,-0.014288414819227685,-0.9950860320533566,1.0,1.0,0.01944626891054213,0.14016814529895782,-0.19152139313519,0.0,0.1636110097169876,-0.20675386302173138,-0.11335337162017822,0.026639964431524277,-0.013736829161643982,-0.03704866115003824,0.1273492770269513,0.0364505285397172,0.0,-0.04560362361371517,0.02014628101423159,0.11868375267409226,-0.23706098189830377,0.010737865515199285,0.20862138715244738,-0.22242721424341783,-0.11811652066719436,0.031484103459804125,-0.020747601483082787,-0.030304642676229628,0.07282795365489794,0.061529673825190825,-0.010362892433716415,-0.06616570465080078
34.09579398599999,0.0,0.0,0.21271200258680892,0.11780972450961724,0.016362461737446838,-0.09594909316013853,-0.01837323060513291,-0.9952166577780326,1.0,1.0,0.02367070340551436,0.1386796198785305,-0.19120796211063862,0.0,0.16478894650936127,-0.20821096003055573,-0.12070528604090214,0.02287779003381729,-0.013875726610422134,-0.03221696708351374,0.1275179130025208,0.041919576935470104,0.0,-0.04320080019533634,0.02014628101423159,0.11868375267409226,-0.23552700111041797,0.010737865515199285,0.20401944478879042,-0.22242721424341783,-0.11811652066719436,0.031484103459804125,-0.020747601483082787,-0.030304642676229628,0.0758959152306691,0.05846171224941922,-0.010362892433716415,-0.06616570465080078
34.11579333899999,0.0,0.0,0.20507618710933373,0.12871803233458182,-0.12326387842209953,-0.0928116855405755,-0.02243798991090836,-0.99543082513848,1.0,1.0,0.02536568441428244,0.1399941723793745,-0.18534174747765064,0.0,0.15904617309570312,-0.1997646503150463,-0.12039182335138321,0.01644071191549301,-0.013093119487166405,-0.029075060971081257,0.1270519350655377,0.037152777425944805,0.0,-0.04683677852153778,0.02014628101423159,0.11868375267409226,-0.230925058746761,0.010737865515199285,0.19941750242513345,-0.22242721424341783,-0.11811652066719436,0.031484103459804125,-0.020747601483082787,-0.030304642676229628,0.07742989601855446,0.05539375067364806,-0.010362892433716415,-0.06616570465080078
34.137359724000135,0.0,0.0,0.09708393964218458,0.10690141668465268,-0.03490658503988659,-0.0907867434176523,-0.023461742680966326,-0.9955939502879623,1.0,1.0,0.019627636531367898,0.1387805249541998,-0.1720606405287981,0.0,0.14759904146194458,-0.20485044829547405,-0.11941504292190075,0.025987472385168076,-0.006080327555537224,-0.036050849594175816,0.13723874650895596,0.033670191653072834,0.0,-0.038587819784879684,0.02014628101423159,0.12175171424986386,-0.22632311638310404,0.010737865515199285,0.1948155600614765,-0.22242721424341783,-0.11811652066719436,0.031484103459804125,-0.020747601483082787,-0.030304642676229628,0.07742989601855446,0.050791808309991096,-0.010362892433716415,-0.06463172386291498
34.155861950000144,0.0,0.0,0.003272492347489368,0.11780972450961724,-0.006544984694978736,-0.08876284918458945,-0.023466040589029395,-0.9957763310822908,1.0,1.0,0.015157487476244569,0.139022471383214,-0.16033864207565784,0.0,0.1373475193977356,-0.20315147563815117,-0.11172760650515556,0.023841604590415955,-0.00491737574338913,-0.03592485282570124,0.14102699980139732,0.028593231923878193,0.0,-0.04164384678006172,0.02014628101423159,0.12175171424986386,-0.22018719323156172,0.010737865515199285,0.19021361769781953,-0.22242721424341783,-0.11811652066719436,0.031484103459804125,-0.020747601483082787,-0.030304642676229628,0.07742989601855446,0.047723846734219935,-0.010362892433716415,-0.06463172386291498
34.175911857000074,0.0,0.0,-0.08072147790473774,0.09053895494720585,-0.013089969389957472,-0.086741829327758,-0.021430334304504917,-0.9960002991046094,1.0,1.0,0.011939265066757798,0.13864929787814617,-0.14885361678898335,0.0,0.12107990682125092,-0.20974653027951717,-0.109018225222826,0.026975680142641068,-0.00028773234225809574,-0.03892602492123842,0.14834360592067242,0.029139227233827114,0.0,-0.03697438724339008,0.02014628101423159,0.12175171424986386,-0.21405127008001895,0.010737865515199285,0.18714565612204836,-0.22242721424341783,-0.11811652066719436,0.029950122671918322,-0.022281582270968145,-0.030304642676229628,0.07896387680644026,0.04618986594633413,-0.010362892433716415,-0.06309774307502918
34.196244075000095,0.0,0.0,-0.11235557059713497,0.06435901616729091,-0.039269908169872414,-0.08573071216411533,-0.020412074324789368,-0.996109227049721,1.0,1.0,0.009819379774853587,0.1401622947305441,-0.1373623926192522,0.0,0.11339740455150604,-0.21039841324090958,-0.10923239216208458,0.024897798895835876,-0.002141399774700403,-0.036818561144173145,0.14537511952221394,0.028017650358378887,0.0,-0.03770268335938454,0.02014628101423159,0.12175171424986386,-0.20791534692847619,0.012271846303085088,0.1825437137583914,-0.22242721424341783,-0.11811652066719436,0.029950122671918322,-0.025349543846739306,-0.030304642676229628,0.07896387680644026,0.04618986594633413,-0.010362892433716415,-0.06156376228714382
34.2160920780002,0.0,0.0,-0.1930770485018727,0.061086523819801536,-0.08726646259971647,-0.08472383259780843,-0.0163323050790956,-0.9962706098248315,1.0,1.0,-0.0008398678619414568,0.1369186881929636,-0.12314835377037525,0.0,0.098664790391922,-0.21260706707835197,-0.1021735668182373,0.028246644884347916,0.0010584397241473198,-0.040495228953659534,0.1522919461131096,0.024947664700448513,0.0,-0.03798345848917961,0.018612300226345788,0.12175171424986386,-0.20024544298904806,0.012271846303085088,0.17794177139473444,-0.22242721424341783,-0.11811652066719436,0.02841614188403252,-0.025349543846739306,-0.030304642676229628,0.08049785759432607,0.047723846734219935,-0.008828911645830613,-0.058495800711372656
34.23610359700001,0.0,0.0,-0.29343348049154666,0.06654067773228381,-0.1308996938995747,-0.0836310724580895,-0.011218802402914445,-0.9964336316043102,1.0,1.0,-0.009652165463194251,0.13426986895501614,-0.10308497585356236,0.0,0.08099567890167236,-0.21372354961931705,-0.09346510097384453,0.024813245981931686,-0.00023674452677369118,-0.03553429339081049,0.15852255374193192,0.023520278744399548,0.0,-0.043108890764415264,0.015544338650574627,0.12175171424986386,-0.19104155826173413,0.012271846303085088,0.17180584824319167,-0.22242721424341783,-0.11811652066719436,0.02841614188403252,-0.023815563058853947,-0.030304642676229628,0.08663378074586839,0.04618986594633413,-0.007294930857945255,-0.05696181992348685
34.2563035390001,0.0,0.0,-0.32506757318394386,0.08726646259971647,-0.04036073895236887,-0.08160911863097449,-0.005100569914435906,-0.9966513612807758,1.0,1.0,-0.01971870451234281,0.1325013367459178,-0.09555175341665745,0.0,0.07329192757606506,-0.211413212120533,-0.07895767688751221,0.026662100106477737,-0.0032281787134706974,-0.03933295700699091,0.15740573778748512,0.020830261521041393,0.0,-0.04681359976530075,0.015544338650574627,0.12175171424986386,-0.183371654322306,0.012271846303085088,0.16566992509164935,-0.22242721424341783,-0.11811652066719436,0.02688216109614716,-0.019213620695196984,-0.030304642676229628,0.08970174232164,0.04618986594633413,-0.00422696928217365,-0.05389385834771569
34.27630489100011,0.0,0.0,-0.35561083509384467,0.16253378659197193,0.02399827721492203,-0.07856901525369211,0.001020376821476521,-0.9969081545825609,1.0,1.0,-0.025470485677942634,0.13090544380247593,-0.08684953488409519,0.0,0.06351932138204575,-0.21023077331483364,-0.06877204775810242,0.022113431245088577,-0.007368398830294609,-0.035868809558451176,0.15985074639320374,0.021662955172359943,0.0,-0.05445673130452633,0.012476377074803022,0.12175171424986386,-0.17416776959499208,0.012271846303085088,0.15800002115222123,-0.22242721424341783,-0.11658253987930856,0.02534818030826136,-0.013077697543654218,-0.030304642676229628,0.09430368468529651,0.044655885158448774,-0.0011590077064024887,-0.05235987755982989
34.296483222000006,0.0,0.0,-0.36106498900632694,0.18871372537188688,0.06872233929727672,-0.07450833997245282,0.008165297531227706,-0.9971869610011835,1.0,1.0,-0.030765594681724906,0.13157157972455025,-0.08121332712471485,0.0,0.05698274075984955,-0.20151350554078817,-0.06531703472137451,0.020507723093032837,-0.00812896341085434,-0.03570908401161432,0.15621305257081985,0.026359676383435726,0.0,-0.05519334226846695,0.0063404539232607,0.12175171424986386,-0.1634299040797928,0.012271846303085088,0.15033011721279266,-0.22089323345553247,-0.1150485590914232,0.02534818030826136,-0.010009735967883057,-0.030304642676229628,0.09890562704895348,0.044655885158448774,-0.0011590077064024887,-0.05082589677194409
34.31639598300012,0.0,0.0,-0.3425208657038872,0.2181661564992912,0.08072147790473774,-0.07036897446766448,0.015297603145144452,-0.9974037250634182,1.0,1.0,-0.03545819758437574,0.1327852625399828,-0.07999787665903568,0.0,0.045597344636917114,-0.19678248092532158,-0.06334800273180008,0.02248750999569893,-0.008107336238026619,-0.03328401688486338,0.1524313110858202,0.028186962939798832,0.0,-0.0635309536010027,-0.002863430804053227,0.12175171424986386,-0.15422601935247887,0.012271846303085088,0.14112623248547917,-0.22089323345553247,-0.11044661672776623,0.02534818030826136,-0.008475755179997255,-0.030304642676229628,0.10197358862472508,0.044655885158448774,-0.0011590077064024887,-0.047757935196172926
34.33647579800004,0.0,0.0,-0.3337942194439155,0.2585268954516601,-0.011999138607461015,-0.06528501903099446,0.021421646869545057,-0.997636697067384,1.0,1.0,-0.0391104796435684,0.13459160551428795,-0.07344666309654713,0.0,0.03795090317726135,-0.18580579571425915,-0.06723282486200333,0.017936434596776962,-0.004220735747367144,-0.029663962312042713,0.14853701181709766,0.032056293450295925,0.0,-0.06245800293982029,-0.012067315531367154,0.12175171424986386,-0.1434881538372796,0.012271846303085088,0.13192234775816525,-0.21935925266764666,-0.1012427320004523,0.02534818030826136,-0.008475755179997255,-0.030304642676229628,0.10504155020049624,0.044655885158448774,-0.0011590077064024887,-0.046223954408287124
34.35749741300015,0.0,0.0,-0.26398104936414235,0.21707532571679475,-0.06544984694978735,-0.06121301821019175,0.026525641224416426,-0.9977721968261254,1.0,1.0,-0.04033590271137655,0.13543995562940836,-0.06929644383490086,0.0,0.02926703542470932,-0.18415081687271595,-0.07416556775569916,0.01906299963593483,-0.0001193175558000803,-0.025127793662250042,0.14471147023141384,0.0320396451279521,0.0,-0.06688144244253635,-0.019737219470795278,0.12175171424986386,-0.13275028832207986,0.012271846303085088,0.12271846303085132,-0.21782527187976086,-0.09510680884890954,0.02688216109614716,-0.008475755179997255,-0.030304642676229628,0.10657553098838204,0.04618986594633413,0.0003749730814833138,-0.044689973620401766
34.376911514000085,0.0,0.0,-0.23671027980173096,0.19962203319685143,-0.03381575425739013,-0.057139287536268936,0.0306103326087155,-0.9978968430441252,1.0,1.0,-0.043389117112383246,0.13644120376557112,-0.06749260611832142,0.0,0.021342195570468903,-0.18092600628733635,-0.07937607914209366,0.023267261683940887,-0.0006653112359344959,-0.0248127868399024,0.14354729279875755,0.03671931941062212,0.0,-0.06430023722350597,-0.02433916183445224,0.12175171424986386,-0.12354640359476593,0.012271846303085088,0.1135145783035374,-0.2162912910918755,-0.08743690490948142,0.02841614188403252,-0.008475755179997255,-0.030304642676229628,0.10657553098838204,0.04618986594633413,0.0019089538693686722,-0.04315599283251596
34.39700319900021,0.0,0.0,-0.2552544031041707,0.17889624832941878,-0.05235987755982989,-0.054078310576503794,0.035712091890144015,-0.9978978819588812,1.0,1.0,-0.044484244426712394,0.1363748349249363,-0.06448114849627018,0.0,0.015851207077503204,-0.17214805632829666,-0.08373746648430824,0.019097179174423218,-0.0005508002359420061,-0.022287563420832157,0.1402763742953539,0.04128431063145399,0.0,-0.062164753675460815,-0.028941104198109205,0.12175171424986386,-0.11434251886745245,0.012271846303085088,0.10431069357622347,-0.21168934872821854,-0.08283496254582445,0.02841614188403252,-0.010009735967883057,-0.030304642676229628,0.10657553098838204,0.04618986594633413,0.0019089538693686722,-0.04315599283251596
34.417157105000115,0.0,0.0,-0.2596177262341565,0.15817046346198613,0.00545415391248228,-0.05203935334986408,0.037754040665587664,-0.9979311289444522,1.0,1.0,-0.04503904073499143,0.13496424816548824,-0.06037941761314869,0.0,0.010455198585987091,-0.16972067952156067,-0.08682641014456749,0.01875424012541771,-0.002478263806551695,-0.02451924327760935,0.13768170587718487,0.04675127658993006,0.0,-0.05959550850093365,-0.032009065773880366,0.12175171424986386,-0.10667261492802388,0.01380582709097089,0.09664078963679534,-0.20708740636456158,-0.0813009817579391,0.02841614188403252,-0.01154371675576886,-0.03183862346411543,0.10657553098838204,0.047723846734219935,0.0034429346572544747,-0.04315599283251596
34.43770389300016,0.0,0.0,-0.28034351110158917,0.15817046346198613,-0.003272492347489368,-0.04795124571318953,0.045910767172202736,-0.9977940065425395,1.0,1.0,-0.044221935560926795,0.13645697385072708,-0.0604227427393198,0.0,-0.0025076381862163544,-0.16241109371185303,-0.08701672405004501,0.016622178256511688,-0.0031450348906219006,-0.02408206183463335,0.1333412965759635,0.050575935281813145,0.0,-0.0609905943274498,-0.03354304656176617,0.12175171424986386,-0.09900271098859575,0.01380582709097089,0.09050486648525302,-0.2009514832130188,-0.0813009817579391,0.02841614188403252,-0.013077697543654218,-0.03183862346411543,0.10657553098838204,0.047723846734219935,0.0034429346572544747,-0.04315599283251596
34.457193735000146,0.0,0.0,-0.3239767424014474,0.16907877128695067,-0.028361600344907856,-0.04488345058380869,0.05202399954032371,-0.997636697067384,1.0,1.0,-0.046855894615873694,0.1314439456909895,-0.061525965109467506,0.0,-0.010768294334411621,-0.1543416976928711,-0.08557307347655296,0.012419031001627445,-0.0019420383032411337,-0.02270324621349573,0.13200987968593836,0.056659490801393986,0.0,-0.05964779853820801,-0.03661100813753733,0.12175171424986386,-0.09286678783705343,0.01380582709097089,0.08436894333371026,-0.1948155600614765,-0.0813009817579391,0.02841614188403252,-0.01461167833154002,-0.03337260425200079,0.1081095117762674,0.04925782752210574,0.004976915445140277,-0.04315599283251596
34.477170587000046,0.0,0.0,-0.25089107997418486,0.15489797111449674,-0.01090830782496456,-0.04284010655204553,0.05508013699548711,-0.9975624811404886,1.0,1.0,-0.04889774858020246,0.1326753431931138,-0.05577288754284382,0.0,-0.01194591075181961,-0.1548241749405861,-0.08782028779387474,0.012302759103477001,-0.001215462340041995,-0.0267849313095212,0.12701095640659332,0.05699434224516153,0.0,-0.05926438607275486,-0.03814498892542313,0.12175171424986386,-0.08826484547339647,0.01380582709097089,0.07823302018216749,-0.18867963690993372,-0.0813009817579391,0.02841614188403252,-0.01461167833154002,-0.03337260425200079,0.1081095117762674,0.050791808309991096,0.004976915445140277,-0.04315599283251596
34.497334271,0.0,0.0,-0.15707963267948966,0.15162547876700738,0.02399827721492203,-0.03875751578486478,0.05915620830321466,-0.9974960641473092,1.0,1.0,-0.045823937049135566,0.13233148772269487,-0.05343896336853504,0.0,-0.012896955013275146,-0.15445856750011444,-0.09477520361542702,0.01404143963009119,0.002904241904616356,-0.022195852361619473,0.1251308643259108,0.053048727102577686,0.0,-0.05881098844110966,-0.03814498892542313,0.12175171424986386,-0.08519688389762486,0.01380582709097089,0.07209709703062517,-0.1825437137583914,-0.0813009817579391,0.02841614188403252,-0.013077697543654218,-0.03337260425200079,0.1081095117762674,0.0538597698857627,0.004976915445140277,-0.04315599283251596
34.5173885480001,0.0,0.0,-0.1407171709420428,0.15271630954950383,0.003272492347489368,-0.03773442135553441,0.06119095354951526,-0.9974125428570988,1.0,1.0,-0.04931503324769437,0.1308935983106494,-0.05358054302632809,0.0,-0.017358414828777313,-0.14744219183921814,-0.09186241775751114,0.014469130896031857,0.0035905330441892147,-0.02376545313745737,0.12416058103553951,0.05551180709153414,0.0,-0.05939989723265171,-0.03814498892542313,0.12175171424986386,-0.0821289223218537,0.01380582709097089,0.0659611738790824,-0.17333982903107747,-0.0813009817579391,0.02841614188403252,-0.010009735967883057,-0.03490658503988659,0.1081095117762674,0.05692773146153386,0.004976915445140277,-0.04315599283251596
34.537360271000125,0.0,0.0,-0.15271630954950383,0.18216874067690814,-0.037088246604879506,-0.035722116128369896,0.0663410728098298,-0.9971573559262109,1.0,1.0,-0.04901855974458158,0.1289652744308114,-0.05542007274925709,0.0,-0.027735291048884392,-0.1418193057179451,-0.0884709469974041,0.011212198995053768,0.004662695806473494,-0.02041762601584196,0.12294214876601472,0.058105350472033024,0.0,-0.06147859990596771,-0.03814498892542313,0.12175171424986386,-0.07906096074608254,0.01380582709097089,0.05829126993965428,-0.16566992509164935,-0.0813009817579391,0.02841614188403252,-0.010009735967883057,-0.03644056582777239,0.1081095117762674,0.05999569303730502,0.004976915445140277,-0.04315599283251596
34.55785780200017,0.0,0.0,-0.08726646259971647,0.20507618710933373,-0.055632369907319255,-0.03265914882604226,0.06838009285452598,-0.9971246375951027,1.0,1.0,-0.04778645723126829,0.13199251238256693,-0.05328977666795254,0.0,-0.028012480586767197,-0.14255333691835403,-0.09352925047278404,0.01086143683642149,0.008643684908747673,-0.01799913588911295,0.11692142952233553,0.053593472577631474,0.0,-0.059589775279164314,-0.03814498892542313,0.12175171424986386,-0.07599299917031138,0.01380582709097089,0.052155346788111956,-0.1610679827279924,-0.0813009817579391,0.02688216109614716,-0.008475755179997255,-0.03644056582777239,0.1081095117762674,0.061529673825190825,0.004976915445140277,-0.04315599283251596
34.57763793500021,0.0,0.0,-0.08726646259971647,0.17562375598192942,-0.06326818538479445,-0.030619929538873707,0.06838450930348462,-0.9971890386493204,1.0,1.0,-0.04252745374105871,0.1285135606303811,-0.04532782547175884,0.0,-0.01751585677266121,-0.14121900498867035,-0.10358161106705666,0.008293953724205494,0.013136712834239006,-0.01942978147417307,0.12028520158492029,0.05139344651252031,0.0,-0.05390561372041702,-0.03814498892542313,0.12175171424986386,-0.07445901838242558,0.01380582709097089,0.04755340442445499,-0.15646604036433542,-0.0813009817579391,0.02534818030826136,-0.008475755179997255,-0.03644056582777239,0.1081095117762674,0.061529673825190825,0.004976915445140277,-0.04315599283251596
34.597648287000084,0.0,0.0,-0.08726646259971647,0.15817046346198613,0.016362461737446838,-0.02653468780408859,0.07143954408793081,-0.9970919224844057,1.0,1.0,-0.048338105669245124,0.1286429399624467,-0.04660009779036045,0.0,-0.025650104507803917,-0.1366436928510666,-0.10175171494483948,0.01409249845892191,0.01165834441781044,-0.020789691247045994,0.11622197506949306,0.05251301918178797,0.0,-0.05570155382156372,-0.03814498892542313,0.12175171424986386,-0.07292503759453978,0.01380582709097089,0.04141748127291223,-0.15339807878856426,-0.0813009817579391,0.023814199520375556,-0.006941774392111896,-0.03490658503988659,0.1081095117762674,0.061529673825190825,0.004976915445140277,-0.04315599283251596
34.6185126270002,0.0,0.0,-0.08399397025222712,0.1505346479845109,0.10035643198967395,-0.024493035007436176,0.07245856189699869,-0.9970706334277143,1.0,1.0,-0.04893718822859228,0.12479699146933854,-0.04601371847093105,0.0,-0.023608211427927017,-0.13721521943807602,-0.10415000841021538,0.01509834360331297,0.014185629785060883,-0.020770548842847347,0.11714676860719919,0.05326407868415117,0.0,-0.05338325724005699,-0.03814498892542313,0.12175171424986386,-0.07139105680665442,0.01380582709097089,0.035281558121369905,-0.1487961364249073,-0.0813009817579391,0.023814199520375556,-0.005407793604226094,-0.03490658503988659,0.1081095117762674,0.061529673825190825,0.004976915445140277,-0.04315599283251596
34.638155762,0.0,0.0,-0.031634092692397225,0.16253378659197193,0.05890486225480862,-0.01939104644818673,0.07348186022470761,-0.9971080199936018,1.0,1.0,-0.049275258323177695,0.12762569868937135,-0.042681606486439705,0.0,-0.021077565848827362,-0.13499930500984192,-0.10715542361140251,0.01428688783198595,0.015703320503234863,-0.019145521335303783,0.11409753281623125,0.050700907595455647,0.0,-0.05180501565337181,-0.03814498892542313,0.12175171424986386,-0.06832309523088281,0.01380582709097089,0.03067961575771294,-0.1457281748491357,-0.0813009817579391,0.023814199520375556,-0.005407793604226094,-0.03337260425200079,0.1081095117762674,0.061529673825190825,0.004976915445140277,-0.04315599283251596
34.65844092500015,0.0,0.0,-0.07744898555724837,0.18871372537188688,0.0719948316447661,-0.016327712221013903,0.0755156690221893,-0.9970109274956613,1.0,1.0,-0.04845800413750112,0.1248231646604836,-0.042245516553521156,0.0,-0.028790665790438652,-0.13241011649370193,-0.10735095292329788,0.017889119684696198,0.01657266356050968,-0.01765893865376711,0.11624791799113154,0.05330947879701853,0.0,-0.05237181484699249,-0.03814498892542313,0.12175171424986386,-0.0637211528672263,0.01380582709097089,0.026077673394055978,-0.14266021327336453,-0.0813009817579391,0.02534818030826136,-0.005407793604226094,-0.03337260425200079,0.1081095117762674,0.06306365461307618,0.004976915445140277,-0.04315599283251596
34.67825750300017,0.0,0.0,-0.05999569303730508,0.15162547876700738,0.0719948316447661,-0.013265837926902986,0.07653368034751723,-0.9969787426603244,1.0,1.0,-0.04861805378459394,0.12574762431904674,-0.03899812139570713,0.0,-0.029773246496915817,-0.13178762048482895,-0.11062848940491676,0.01840320974588394,0.016489217057824135,-0.018530999310314655,0.11558861145749688,0.053034224547445774,0.0,-0.05243780463933945,-0.03814498892542313,0.12175171424986386,-0.06065319129145469,0.01380582709097089,0.023009711818284817,-0.13805827090970757,-0.07976700097005329,0.02534818030826136,-0.005407793604226094,-0.03337260425200079,0.1081095117762674,0.06306365461307618,0.004976915445140277,-0.04315599283251596
34.6983365760002,0.0,0.0,-0.21162117180431245,0.12326387842209953,0.02399827721492203,-0.011220693348063629,0.08160504253137184,-0.9966015819143785,1.0,1.0,-0.04563074349425733,0.12051792605780065,-0.03933792747557163,0.0,-0.03473445773124695,-0.12687570601701736,-0.10845890268683434,0.01751800626516342,0.019506143406033516,-0.02039902377873659,0.12427741498686373,0.05650111008435488,0.0,-0.055690789595246315,-0.03814498892542313,0.12175171424986386,-0.05911921050356933,0.01380582709097089,0.019941750242513212,-0.1334563285460506,-0.07976700097005329,0.02534818030826136,-0.005407793604226094,-0.03337260425200079,0.1081095117762674,0.06306365461307618,0.004976915445140277,-0.041622012044630605
34.7186464790002,0.0,0.0,-0.20725784867432664,0.10035643198967395,0.04363323129985824,-0.010199022668365174,0.08363198588059442,-0.9964445146992773,1.0,1.0,-0.04739262699149549,0.12083160551264882,-0.03541232831776142,0.0,-0.036085255444049835,-0.12571981549263,-0.10930200293660164,0.018737148493528366,0.020510606467723846,-0.02154976036399603,0.12080830172635615,0.05666193459182978,0.0,-0.05448892153799534,-0.03814498892542313,0.12175171424986386,-0.05451726813991237,0.01380582709097089,0.01687378866674205,-0.13038836697027945,-0.07976700097005329,0.02534818030826136,-0.002339832028454933,-0.03337260425200079,0.1081095117762674,0.06306365461307618,0.006510896233025636,-0.041622012044630605
34.73848766700007,0.0,0.0,-0.20507618710933373,0.12326387842209953,0.05781403147231216,-0.006122589232096939,0.08979797540408845,-0.9959411817544355,1.0,1.0,-0.045382378390058875,0.11737472470849752,-0.037554292008280754,0.0,-0.04015210084617138,-0.12361849099397659,-0.11039677262306213,0.019511502236127853,0.022644488140940666,-0.018420959822833538,0.12499309470877051,0.055789210833609104,0.0,-0.0527261346578598,-0.03814498892542313,0.12175171424986386,-0.052983287352026565,0.01380582709097089,0.012271846303085088,-0.12578642460662248,-0.07976700097005329,0.02534818030826136,-0.0008058512405691304,-0.03337260425200079,0.1081095117762674,0.06306365461307618,0.006510896233025636,-0.0400880312567448
34.75850248300003,0.0,0.0,-0.24980024919168842,0.12435470920459599,0.022907446432425576,-0.004079846730381042,0.09485643648135922,-0.9954826022129741,1.0,1.0,-0.046138370176777244,0.11621157079935074,-0.03544105403125286,0.0,-0.03974098898470402,-0.11928203701972961,-0.11153367906808853,0.021837450563907623,0.02900240197777748,-0.021908815018832684,0.12271059182239696,0.0552193121984601,0.0,-0.05131695605814457,-0.03814498892542313,0.12175171424986386,-0.049915325776255404,0.01380582709097089,0.007669903939428124,-0.12271846303085132,-0.07976700097005329,0.02534818030826136,0.0022621103352020305,-0.03490658503988659,0.1081095117762674,0.06459763540096199,0.008044877020911438,-0.038554050468859
34.77860777800015,0.0,0.0,-0.23125612588924865,0.10253809355466686,0.07963064712224129,-0.0030592979043903385,0.09687776697236072,-0.99529158489499,1.0,1.0,-0.04427274107001722,0.1142977774143219,-0.029489895328879356,0.0,-0.03751806356012821,-0.1227942556142807,-0.1166860181838274,0.02328355610370636,0.028571605682373047,-0.02638229075819254,0.12591541931033134,0.0571518549695611,0.0,-0.052217982709407806,-0.03814498892542313,0.12175171424986386,-0.04684736420048424,0.01380582709097089,0.004601942363656963,-0.12118448224296552,-0.07976700097005329,0.023814199520375556,0.003796091123087833,-0.04104250819142936,0.1081095117762674,0.06459763540096199,0.008044877020911438,-0.038554050468859
34.79868153699999,0.0,0.0,-0.21707532571679475,0.06872233929727672,0.14180800172453928,-0.0010201813988710434,0.10303832128597538,-0.9946768638992673,1.0,1.0,-0.041889955988153815,0.11295043583959341,-0.025695426389575005,0.0,-0.033719852566719055,-0.1207275241613388,-0.12116033025085926,0.023738674819469452,0.031917404383420944,-0.024866213090717793,0.1224263295007404,0.05564286280423403,0.0,-0.0510906595736742,-0.03814498892542313,0.12175171424986386,-0.04224542183682728,0.01380582709097089,0.003067961575771161,-0.11811652066719436,-0.07976700097005329,0.022280218732490198,0.008398033486744796,-0.04104250819142936,0.1081095117762674,0.06459763540096199,0.009578857808796797,-0.03702006968097364
34.81883640600017,0.0,0.0,-0.210530341021816,0.002181661564992912,0.2519819107566813,-0.0010199648658753874,0.10505638118516489,-0.9944657442285026,1.0,1.0,-0.042831765254959464,0.11160627100616693,-0.025193559005856514,0.0,-0.03490276448428631,-0.1244746595621109,-0.1252469029277563,0.029163330793380737,0.0323026217520237,-0.02690600324422121,0.12472094153054059,0.05560171324759722,0.0,-0.051168013364076614,-0.03814498892542313,0.12175171424986386,-0.039177460261055674,0.01380582709097089,0.0015339807878858025,-0.11811652066719436,-0.07976700097005329,0.022280218732490198,0.011465995062515957,-0.04104250819142936,0.1081095117762674,0.06459763540096199,0.009578857808796797,-0.03702006968097364
34.838815833000126,0.0,0.0,-0.20180369476184434,0.019634954084936207,0.25416357232167425,-0.0,0.11121539977913986,-0.9937963246319469,1.0,1.0,-0.04488786845467985,0.10745679680258036,-0.02517351694405079,0.0,-0.036505796015262604,-0.12093843519687653,-0.12445411272346973,0.03227635845541954,0.03460812568664551,-0.02679674793034792,0.12516682967543602,0.056431048549711704,0.0,-0.04748160392045975,-0.03814498892542313,0.12021773346197806,-0.037643479473170316,0.01380582709097089,0.0015339807878858025,-0.11658253987930856,-0.07976700097005329,0.022280218732490198,0.012999975850401316,-0.04104250819142936,0.1081095117762674,0.06459763540096199,0.009578857808796797,-0.03702006968097364
34.85886081500007,0.0,0.0,-0.16580627893946132,0.09272061651219876,0.1308996938995747,0.0010200906292854917,0.1132300598506896,-0.993568272924069,1.0,1.0,-0.04187754332087934,0.11484221555292606,-0.027378587052226067,0.0,-0.04158950038254261,-0.11476971954107285,-0.12471558153629303,0.025139544159173965,0.033087268471717834,-0.0232912665233016,0.12100588413886726,0.05379579681903124,0.0,-0.0477935466915369,-0.03814498892542313,0.12021773346197806,-0.037643479473170316,0.01380582709097089,0.0015339807878858025,-0.11658253987930856,-0.07823302018216749,0.022280218732490198,0.012999975850401316,-0.04104250819142936,0.1081095117762674,0.06459763540096199,0.009578857808796797,-0.03702006968097364
34.87899959200013,0.0,0.0,-0.03490658503988659,-0.038179077387375956,-0.014180800172453928,0.0010200906292854917,0.1132300598506896,-0.993568272924069,1.0,1.0,-0.038867579540237784,0.11622857768088579,-0.01445409283041954,0.0,-0.023643463850021362,-0.1245589405298233,-0.13920198660343885,0.018175076693296432,0.034549981355667114,-0.025913610123097897,0.11303428187966347,0.04943848866969347,0.0,-0.049610741436481476,-0.03814498892542313,0.1171497718862069,-0.03610949868528451,0.01380582709097089,0.0015339807878858025,-0.11658253987930856,-0.07823302018216749,0.022280218732490198,0.012999975850401316,-0.04104250819142936,0.1081095117762674,0.06459763540096199,0.009578857808796797,-0.03702006968097364
34.89897420400007,0.0,0.0,-0.008726646259971648,-0.07744898555724837,0.07308566242726255,-0.0,0.11423695631108353,-0.9934535307767443,1.0,1.0,-0.039154538651928306,0.11499449051916599,-0.019066354259848595,0.0,-0.031562671065330505,-0.1183442622423172,-0.13838691730052233,0.027185477316379547,0.034469231963157654,-0.023569912649691105,0.11790317110717297,0.052105375565588474,0.0,-0.047907501459121704,-0.03814498892542313,0.1140818103104353,-0.03610949868528451,0.015339807878856249,0.0015339807878858025,-0.1135145783035374,-0.07823302018216749,0.023814199520375556,0.012999975850401316,-0.04104250819142936,0.1081095117762674,0.06459763540096199,0.009578857808796797,-0.03702006968097364
34.91918664700006,0.0,0.0,0.01090830782496456,-0.07308566242726255,0.1439896632895322,-0.0,0.11323011876348037,-0.9935687898705394,1.0,1.0,-0.044027982046827674,0.11429841630160809,-0.020850595086812973,0.0,-0.03133489936590195,-0.11998654901981354,-0.1377226305194199,0.029756128787994385,0.031700100749731064,-0.025483633391559124,0.11408586520701647,0.05307886470109224,0.0,-0.04814508184790611,-0.03814498892542313,0.1140818103104353,-0.03610949868528451,0.015339807878856249,0.003067961575771161,-0.1135145783035374,-0.07823302018216749,0.023814199520375556,0.014533956638287118,-0.04104250819142936,0.1081095117762674,0.06459763540096199,0.009578857808796797,-0.03702006968097364
34.939242276000186,0.0,0.0,0.06981317007977318,-0.11453723216212788,0.13199052468207118,-0.003060611090586027,0.112222406654821,-0.9936784007435968,1.0,1.0,-0.041459781816229224,0.11574048362672329,-0.017290208488702774,0.0,-0.02422664687037468,-0.12442180514335632,-0.1413414771668613,0.02332262694835663,0.03144817799329758,-0.02260964084416628,0.10932963900268078,0.04823722783476114,0.0,-0.04857769049704075,-0.03814498892542313,0.1140818103104353,-0.03610949868528451,0.015339807878856249,0.003067961575771161,-0.1135145783035374,-0.07823302018216749,0.023814199520375556,0.01606793742617292,-0.04104250819142936,0.1081095117762674,0.06459763540096199,0.009578857808796797,-0.03702006968097364
34.9592642030002,0.0,0.0,0.06654067773228381,-0.16144295580947549,0.18871372537188688,-0.006122525479763391,0.11020545863574105,-0.9938899695482571,1.0,1.0,-0.041190230986103415,0.11492576822638512,-0.013673381879925728,0.0,-0.021120630204677582,-0.12754034250974655,-0.14354538917541504,0.028847191482782364,0.03240051493048668,-0.02522787917405367,0.1110862959176302,0.05020198691636324,0.0,-0.04652806371450424,-0.03814498892542313,0.1140818103104353,-0.03457551789739871,0.015339807878856249,0.003067961575771161,-0.1135145783035374,-0.08283496254582445,0.022280218732490198,0.020669879789829884,-0.042576488979314715,0.1081095117762674,0.06459763540096199,0.009578857808796797,-0.03702006968097364
34.9794556830002,0.0,0.0,0.08290313946973066,-0.13744467859455345,0.2694352032766246,-0.007142898048783591,0.11020471275266111,-0.9938832427878881,1.0,1.0,-0.04192884429357946,0.11279728822410107,-0.011567279696464539,0.0,-0.022288605570793152,-0.1296263188123703,-0.14262972306460142,0.030306175351142883,0.029658526182174683,-0.023087353445589542,0.11195240542292595,0.05129480455070734,0.0,-0.047167714685201645,-0.03814498892542313,0.1140818103104353,-0.02997357553374219,0.015339807878856249,0.003067961575771161,-0.1150485590914232,-0.08743690490948142,0.022280218732490198,0.022203860577715243,-0.042576488979314715,0.1081095117762674,0.06459763540096199,0.009578857808796797,-0.03702006968097364
34.999353130000145,0.0,0.0,0.04145156973486533,-0.07635815477475191,0.3097959422289935,-0.008164162189113004,0.10919566927938643,-0.9939867465245081,1.0,1.0,-0.041046703001484275,0.11260653100907803,-0.011384909972548485,0.0,-0.02749289572238922,-0.1286470592021942,-0.1394059294834733,0.0314752459526062,0.030151482671499252,-0.021275055594742298,0.11239923071116209,0.05149323586374521,0.0,-0.04508320800960064,-0.03814498892542313,0.1140818103104353,-0.026905613957970587,0.015339807878856249,0.003067961575771161,-0.1150485590914232,-0.09203884727313838,0.022280218732490198,0.023737841365601045,-0.042576488979314715,0.1081095117762674,0.06459763540096199,0.009578857808796797,-0.03702006968097364
35.01945307400001,0.0,0.0,-0.019634954084936207,-0.06217735460229799,0.31306843457648287,-0.008164162189113004,0.10919566927938643,-0.9939867465245081,1.0,1.0,-0.043155343970283866,0.10930209327489138,-0.009087614715099335,0.0,-0.022789806127548218,-0.13154686987400055,-0.13896647468209267,0.03795613721013069,0.032520320266485214,-0.025045488961040974,0.11456201411783695,0.053391565568745136,0.0,-0.04391718003898859,-0.03814498892542313,0.1140818103104353,-0.026905613957970587,0.015339807878856249,0.003067961575771161,-0.1150485590914232,-0.09664078963679534,0.02688216109614716,0.023737841365601045,-0.042576488979314715,0.1081095117762674,0.06459763540096199,0.009578857808796797,-0.03702006968097364
35.03956620300005,0.0,0.0,-0.018544123302439753,-0.07090400086226964,0.27052603405912107,-0.009184601157129706,0.10919470264587539,-0.9939779474493703,1.0,1.0,-0.044087050249800086,0.11148117575794458,-0.00965767540037632,0.0,-0.025006070733070374,-0.13056613504886627,-0.13677901914343238,0.03640393912792206,0.03167279064655304,-0.023562985472381115,0.11220167391002178,0.05265800002962351,0.0,-0.04427658021450043,-0.03814498892542313,0.1140818103104353,-0.025371633170085228,0.015339807878856249,0.003067961575771161,-0.1150485590914232,-0.0997087512125665,0.02688216109614716,0.023737841365601045,-0.039508527403543554,0.1081095117762674,0.06459763540096199,0.009578857808796797,-0.03702006968097364
35.05959551800015,0.0,0.0,0.03490658503988659,-0.08072147790473774,0.23343778745424157,-0.011225389826810957,0.10919242831534295,-0.9939572446648974,1.0,1.0,-0.04520362778566778,0.11225100606679916,-0.010728346183896065,0.0,-0.027929166331887245,-0.13279589265584946,-0.13754381844773889,0.03779374063014984,0.031070344150066376,-0.02186367753893137,0.11001386027783155,0.05069759953767061,0.0,-0.043778407387435436,-0.03814498892542313,0.1140818103104353,-0.023837652382199426,0.015339807878856249,0.003067961575771161,-0.1150485590914232,-0.10277671278833811,0.02841614188403252,0.023737841365601045,-0.039508527403543554,0.1081095117762674,0.06459763540096199,0.009578857808796797,-0.03702006968097364
35.080035179000106,0.0,0.0,0.037088246604879506,-0.05235987755982989,0.2181661564992912,-0.012245733155846867,0.10919112063963457,-0.9939453411495707,1.0,1.0,-0.041907662292942405,0.11294533312320709,-0.007500108331441879,0.0,-0.027177587151527405,-0.132941834628582,-0.13841494265943766,0.035317592322826385,0.031705331057310104,-0.019354687072336674,0.11023320816457272,0.04959593806415796,0.0,-0.042519466020166874,-0.03814498892542313,0.1140818103104353,-0.022303671594313623,0.015339807878856249,0.003067961575771161,-0.1150485590914232,-0.10431069357622347,0.029950122671918322,0.023737841365601045,-0.03797454661565775,0.1081095117762674,0.06459763540096199,0.009578857808796797,-0.03702006968097364
35.09997003300009,0.0,0.0,0.003272492347489368,-0.001090830782496456,0.20725784867432664,-0.0132660382334734,0.10918969930628106,-0.9939324030310069,1.0,1.0,-0.03955482109449804,0.11441014520823956,-0.010224085301160812,0.0,-0.03928336128592491,-0.12922701239585876,-0.13380542024970055,0.03424553945660591,0.03010553866624832,-0.013712535612285137,0.11201480589807034,0.04919805470854044,0.0,-0.04322046507149935,-0.03661100813753733,0.1156157910983211,-0.01770172923065666,0.015339807878856249,0.003067961575771161,-0.1150485590914232,-0.10431069357622347,0.029950122671918322,0.022203860577715243,-0.03490658503988659,0.1081095117762674,0.06459763540096199,0.009578857808796797,-0.03702006968097364
35.119996534000165,0.0,0.0,-0.003272492347489368,0.04036073895236887,0.20398535632683726,-0.0132660382334734,0.10918969930628106,-0.9939324030310069,1.0,1.0,-0.04308755858801305,0.11186894588172436,-0.011862363666296005,0.0,-0.039578771218657494,-0.1305060014128685,-0.13179953955113888,0.037162989377975464,0.031651388853788376,-0.014345421455800533,0.10881919041275978,0.047959522344172,0.0,-0.040910822339355946,-0.03507702734965153,0.1156157910983211,-0.01770172923065666,0.015339807878856249,0.0015339807878858025,-0.1150485590914232,-0.10431069357622347,0.029950122671918322,0.022203860577715243,-0.03490658503988659,0.1081095117762674,0.06459763540096199,0.009578857808796797,-0.03702006968097364
35.14010384800008,0.0,0.0,0.026179938779914945,0.02399827721492203,0.1559888018969932,-0.012245733155846867,0.10919112063963457,-0.9939453411495707,1.0,1.0,-0.036122860154137015,0.11762411147356033,-0.00897282175719738,0.0,-0.038162343204021454,-0.13168520480394363,-0.13519022846594453,0.030075661838054657,0.03047771379351616,-0.01198809128254652,0.11128450930118561,0.047297471202909946,0.0,-0.04341227374970913,-0.03507702734965153,0.1171497718862069,-0.0161677484427713,0.015339807878856249,0.0015339807878858025,-0.1150485590914232,-0.10431069357622347,0.029950122671918322,0.022203860577715243,-0.03183862346411543,0.1081095117762674,0.06459763540096199,0.009578857808796797,-0.03702006968097364
35.16028603200016,0.0,0.0,0.0916297857297023,0.008726646259971648,0.1090830782496456,-0.011227868953029067,0.1071751127334593,-0.9941767600227557,1.0,1.0,-0.0381513440515846,0.1189053503330797,-0.008130265399813652,0.0,-0.035874851047992706,-0.13224682211875916,-0.13665570179000497,0.029407918453216553,0.03091678023338318,-0.009489123709499836,0.10685423575341702,0.04272024054080248,0.0,-0.04089845437556505,-0.03507702734965153,0.11868375267409226,-0.0161677484427713,0.01380582709097089,-0.0,-0.1150485590914232,-0.10431069357622347,0.029950122671918322,0.022203860577715243,-0.030304642676229628,0.10657553098838204,0.06459763540096199,0.009578857808796797,-0.03702006968097364
35.18074382200007,0.0,0.0,0.08290313946973066,0.032724923474893676,0.11999138607461016,-0.01121770562602756,0.10605830773698784,-0.9942966350342609,1.0,1.0,-0.03835801570676267,0.11859791935421526,-0.0076498668640851974,0.0,-0.038820911198854446,-0.12995685636997223,-0.13221031799912453,0.029313065111637115,0.03179458528757095,-0.009304022416472435,0.10757550038397312,0.043690272606909275,0.0,-0.040585354901850224,-0.03354304656176617,0.12021773346197806,-0.014633767654885499,0.01380582709097089,-0.003067961575771161,-0.1150485590914232,-0.10431069357622347,0.02841614188403252,0.022203860577715243,-0.030304642676229628,0.10657553098838204,0.06459763540096199,0.009578857808796797,-0.03702006968097364
35.20049708600004,0.0,0.0,0.017453292519943295,0.037088246604879506,0.06654067773228381,-0.009179301821317338,0.10505200973285397,-0.994424363976045,1.0,1.0,-0.03672678559087217,0.11706292908638716,-0.005305301398038864,0.0,-0.038100479170680046,-0.13134777545928955,-0.13281149603426456,0.02848616987466812,0.033947743475437164,-0.00950110238045454,0.11080224812030792,0.043842908926308155,0.0,-0.041288270615041256,-0.03354304656176617,0.12021773346197806,-0.014633767654885499,0.01380582709097089,-0.006135923151542766,-0.1150485590914232,-0.10431069357622347,0.02841614188403252,0.022203860577715243,-0.028770661888343825,0.10657553098838204,0.06459763540096199,0.009578857808796797,-0.03702006968097364
35.22049180900012,0.0,0.0,0.031634092692397225,0.06763150851478027,0.031634092692397225,-0.009179301821317338,0.10505200973285397,-0.994424363976045,1.0,1.0,-0.03477086662314832,0.12069737887941301,-0.007298823446035385,0.0,-0.03919808194041252,-0.12878026068210602,-0.13365780375897884,0.02509211003780365,0.033244539052248,-0.007935124449431896,0.11065068934112787,0.043211751617491245,0.0,-0.04189746640622616,-0.03354304656176617,0.12021773346197806,-0.0161677484427713,0.01380582709097089,-0.007669903939428124,-0.1150485590914232,-0.10431069357622347,0.02841614188403252,0.022203860577715243,-0.028770661888343825,0.10657553098838204,0.06459763540096199,0.009578857808796797,-0.03702006968097364
35.2408749340002,0.0,0.0,0.055632369907319255,0.08508480103472356,-0.006544984694978736,-0.006120976909972297,0.10303644465120035,-0.9946587478704983,1.0,1.0,-0.03759115352295339,0.12187570007517934,-0.008630789816379547,0.0,-0.0399657916277647,-0.1273711994290352,-0.13151256181299686,0.023776479065418243,0.03244591876864433,-0.007711067795753479,0.1095154881477356,0.04344689566642046,0.0,-0.041439264081418514,-0.03354304656176617,0.12175171424986386,-0.01770172923065666,0.01380582709097089,-0.007669903939428124,-0.1150485590914232,-0.10431069357622347,0.02688216109614716,0.020669879789829884,-0.028770661888343825,0.10504155020049624,0.06459763540096199,0.009578857808796797,-0.03702006968097364
35.260651198000005,0.0,0.0,0.06326818538479445,0.04908738521234052,-0.04581489286485115,-0.006120976909972298,0.10303644465120036,-0.9946587478704985,1.0,1.0,-0.03558178409002721,0.12253126874566078,-0.0032903850078582764,0.0,-0.03752407990396023,-0.12950383126735687,-0.13317713513970375,0.02107112854719162,0.03537256270647049,-0.007719296962022781,0.10778763983398676,0.03846797812730074,0.0,-0.03968692384660244,-0.03354304656176617,0.12175171424986386,-0.01770172923065666,0.01380582709097089,-0.010737865515199285,-0.1150485590914232,-0.10431069357622347,0.02688216109614716,0.01913589900194408,-0.028770661888343825,0.10350756941261044,0.06459763540096199,0.009578857808796797,-0.03702006968097364
35.28081060400018,0.0,0.0,0.039269908169872414,0.015271630954950384,-0.055632369907319255,-0.005101905355206736,0.10101772603309336,-0.9948715442653134,1.0,1.0,-0.03396588726900518,0.12253283523023129,-0.0027067335322499275,0.0,-0.03295928239822388,-0.1313398778438568,-0.13803966529667377,0.02417820692062378,0.03555745258927345,-0.010762049816548824,0.1116480864584446,0.04109218996018171,0.0,-0.04071179777383804,-0.03354304656176617,0.12175171424986386,-0.01770172923065666,0.01380582709097089,-0.012271846303085088,-0.1150485590914232,-0.10431069357622347,0.02688216109614716,0.01913589900194408,-0.028770661888343825,0.10350756941261044,0.06459763540096199,0.009578857808796797,-0.03702006968097364
35.30080690099999,0.0,0.0,0.011999138607461015,0.04581489286485115,-0.02945243112740431,-0.004081543407460966,0.10101819933465891,-0.9948762055686104,1.0,1.0,-0.03729918017052114,0.120790391927585,-0.004865447990596294,0.0,-0.039282724261283875,-0.1271735429763794,-0.13334725238382816,0.02321338653564453,0.0332409106194973,-0.008837380446493626,0.11218931153416634,0.04307898972183466,0.0,-0.042054672725498676,-0.03354304656176617,0.12175171424986386,-0.0161677484427713,0.01380582709097089,-0.012271846303085088,-0.1150485590914232,-0.10431069357622347,0.02534818030826136,0.01913589900194408,-0.028770661888343825,0.10350756941261044,0.06459763540096199,0.009578857808796797,-0.03702006968097364
35.32086008700003,0.0,0.0,-0.02181661564992912,0.07090400086226964,-0.017453292519943295,-0.0030611687109908556,0.10101856746269823,-0.994879831072028,1.0,1.0,-0.03750269650481641,0.11967867030762136,-0.005216062068939209,0.0,-0.04245381150394678,-0.1273094192147255,-0.13085363432765007,0.0237966850399971,0.03355889022350311,-0.008840070106089115,0.11334277130663395,0.04403544683009386,0.0,-0.042221320793032646,-0.03354304656176617,0.12175171424986386,-0.0161677484427713,0.01380582709097089,-0.012271846303085088,-0.1150485590914232,-0.10431069357622347,0.02534818030826136,0.01913589900194408,-0.028770661888343825,0.10350756941261044,0.06459763540096199,0.009578857808796797,-0.03702006968097364
35.34160289200008,0.0,0.0,-0.013089969389957472,0.037088246604879506,-0.02399827721492203,-0.0020407844528032688,0.10101883041376179,-0.9948824207415934,1.0,1.0,-0.033443467458710074,0.12164083821699023,-0.0020624371245503426,0.0,-0.03764669597148895,-0.13053340464830399,-0.13555167382583022,0.020481567829847336,0.03386960178613663,-0.009785938076674938,0.11336344573646784,0.04248474817723036,0.0,-0.042775122448801994,-0.03354304656176617,0.12175171424986386,-0.0161677484427713,0.01380582709097089,-0.012271846303085088,-0.1150485590914232,-0.10431069357622347,0.02534818030826136,0.01913589900194408,-0.028770661888343825,0.10350756941261044,0.06459763540096199,0.009578857808796797,-0.03702006968097364
35.3615383570002,0.0,0.0,-0.028361600344907856,0.003272492347489368,0.015271630954950384,-0.002040573061547837,0.10202865307739185,-0.9947793675045706,1.0,1.0,-0.038118129363283515,0.11895234161056578,-0.003073742613196373,0.0,-0.03759936988353729,-0.13016824424266815,-0.13452482363209128,0.026340901851654053,0.033669210970401764,-0.011986679397523403,0.11370321456342936,0.04495243076235056,0.0,-0.04269787482917309,-0.03354304656176617,0.12328569503774922,-0.0161677484427713,0.01380582709097089,-0.01380582709097089,-0.1150485590914232,-0.10431069357622347,0.02534818030826136,0.01913589900194408,-0.028770661888343825,0.10350756941261044,0.06459763540096199,0.009578857808796797,-0.03702006968097364
35.381621801000165,0.0,0.0,-0.0719948316447661,-0.004363323129985824,0.030543261909900768,-0.002040573061547837,0.10202865307739185,-0.9947793675045706,1.0,1.0,-0.037553531816229224,0.11726613249629736,-0.0018176902085542679,0.0,-0.03746568597853184,-0.13123000413179398,-0.13351504877209663,0.025179903954267502,0.033935438841581345,-0.012412370182573795,0.11415028665214777,0.044609018601477146,0.0,-0.04315333813428879,-0.03354304656176617,0.12328569503774922,-0.014633767654885499,0.01380582709097089,-0.01380582709097089,-0.1150485590914232,-0.10431069357622347,0.02534818030826136,0.01913589900194408,-0.028770661888343825,0.10350756941261044,0.06459763540096199,0.009578857808796797,-0.03702006968097364
35.40162291300021,0.0,0.0,-0.0818123086872342,0.014180800172453928,0.019634954084936207,-0.0010200736458552794,0.1040475118772385,-0.9945718047088974,1.0,1.0,-0.037060817470774055,0.11841590167023242,-0.002760843373835087,0.0,-0.0388326533138752,-0.12924277782440186,-0.13254422135651112,0.024800259619951248,0.03403082489967346,-0.012125550769269466,0.1150882001966238,0.04609146062284708,0.0,-0.042840149253606796,-0.03354304656176617,0.12328569503774922,-0.01309978686700014,0.01380582709097089,-0.01380582709097089,-0.1150485590914232,-0.10431069357622347,0.023814199520375556,0.01913589900194408,-0.028770661888343825,0.10350756941261044,0.06459763540096199,0.009578857808796797,-0.03702006968097364
35.42162795100012,0.0,0.0,-0.08835729338221293,0.017453292519943295,0.011999138607461015,-0.0010199648658753874,0.10505638118516489,-0.9944657442285026,1.0,1.0,-0.035088604083284736,0.11814916506409645,-0.0003585154190659523,0.0,-0.040079133585095406,-0.1302064210176468,-0.13486758014187217,0.024548619985580444,0.03508242592215538,-0.011037450283765793,0.11667896248400211,0.04520594794303179,0.0,-0.04316745977848768,-0.03354304656176617,0.12328569503774922,-0.011565806079114338,0.01380582709097089,-0.015339807878856249,-0.1150485590914232,-0.10431069357622347,0.023814199520375556,0.020669879789829884,-0.028770661888343825,0.10350756941261044,0.06459763540096199,0.009578857808796797,-0.03702006968097364
35.442211757999985,0.0,0.0,-0.10362892433716332,0.007635815477475192,0.020725784867432664,-0.0010207791718906314,0.10718181304851629,-0.9942389134214749,1.0,1.0,-0.03435247181914747,0.11663887277245522,-0.0006431685760617256,0.0,-0.03774762153625488,-0.12996908277273178,-0.13543340424075723,0.024034705013036728,0.0360090397298336,-0.011574327014386654,0.11715699220076203,0.045228359289467335,0.0,-0.04298771545290947,-0.03354304656176617,0.12328569503774922,-0.011565806079114338,0.01380582709097089,-0.015339807878856249,-0.1150485590914232,-0.10431069357622347,0.023814199520375556,0.022203860577715243,-0.028770661888343825,0.10350756941261044,0.06459763540096199,0.009578857808796797,-0.03702006968097364
35.46179724700005,0.0,0.0,-0.1189005552921137,0.02181661564992912,0.011999138607461015,-0.0010205537545169522,0.10919925173331389,-0.9940193568995115,1.0,1.0,-0.03548742993734777,0.11585666611790657,-0.0014511039480566978,0.0,-0.04176756367087364,-0.12838765233755112,-0.13388212956488132,0.026350636035203934,0.036580849438905716,-0.01075076311826706,0.11845157062634826,0.046180752106010914,0.0,-0.04256462212651968,-0.03354304656176617,0.12328569503774922,-0.010031825291228536,0.01380582709097089,-0.015339807878856249,-0.1150485590914232,-0.10431069357622347,0.023814199520375556,0.023737841365601045,-0.028770661888343825,0.10350756941261044,0.06459763540096199,0.009578857808796797,-0.03702006968097364
35.481828136000104,0.0,0.0,-0.10362892433716332,0.015271630954950384,-0.01090830782496456,-0.001020439507942342,0.11020746685777294,-0.9939080807358411,1.0,1.0,-0.03564809053204954,0.11633897479623556,-0.0010120570659637451,0.0,-0.04035382531583309,-0.12840115278959274,-0.13410734245553613,0.02464156225323677,0.036682650446891785,-0.01159676630049944,0.11676326114684343,0.045549009926617146,0.0,-0.042440300807356834,-0.03354304656176617,0.12328569503774922,-0.010031825291228536,0.01380582709097089,-0.015339807878856249,-0.1150485590914232,-0.10431069357622347,0.023814199520375556,0.023737841365601045,-0.028770661888343825,0.10350756941261044,0.06459763540096199,0.009578857808796797,-0.03548608889308784
35.50193859900014,0.0,0.0,-0.10362892433716332,0.001090830782496456,-0.01090830782496456,-0.0010200906292854917,0.1132300598506896,-0.993568272924069,1.0,1.0,-0.03373274370096624,0.11683078669011593,-0.0005194041877985001,0.0,-0.039090124890208244,-0.12989304214715958,-0.1369899599812925,0.025405485183000565,0.03771413862705231,-0.011763918213546276,0.1165984719991684,0.04444954264909029,0.0,-0.04307918343693018,-0.03354304656176617,0.12328569503774922,-0.010031825291228536,0.01380582709097089,-0.015339807878856249,-0.1150485590914232,-0.10431069357622347,0.023814199520375556,0.023737841365601045,-0.028770661888343825,0.10350756941261044,0.06459763540096199,0.009578857808796797,-0.03548608889308784
35.52195430300003,0.0,0.0,-0.10471975511965978,0.004363323129985824,-0.015271630954950384,-0.0010199722936449264,0.11423689688823176,-0.9934530140101582,1.0,1.0,-0.035617263754829764,0.11574083752930164,-0.0012235632166266441,0.0,-0.039979493245482445,-0.1278681978583336,-0.1357416226528585,0.025960758328437805,0.03830931708216667,-0.011991466395556927,0.11635469505563378,0.04540366027504206,0.0,-0.041468813084065914,-0.03354304656176617,0.12328569503774922,-0.010031825291228536,0.01380582709097089,-0.015339807878856249,-0.1150485590914232,-0.10431069357622347,0.023814199520375556,0.023737841365601045,-0.028770661888343825,0.10350756941261044,0.06459763540096199,0.009578857808796797,-0.03548608889308784
35.54201891400021,0.0,0.0,-0.11235557059713497,0.014180800172453928,-0.020725784867432664,-0.0010207664084283057,0.11636737056082685,-0.9932057154007414,1.0,1.0,-0.03469910635612905,0.11525710113346577,-0.0013772659003734589,0.0,-0.040521019138395786,-0.12771674245595932,-0.13584932079538703,0.02590067684650421,0.039704829454422,-0.011920624412596226,0.11655321344733238,0.04454187396913767,0.0,-0.041446334682404995,-0.03354304656176617,0.12328569503774922,-0.010031825291228536,0.01380582709097089,-0.015339807878856249,-0.1150485590914232,-0.10431069357622347,0.023814199520375556,0.025271822153486848,-0.028770661888343825,0.10350756941261044,0.06459763540096199,0.009578857808796797,-0.03548608889308784
35.56210926600011,0.0,0.0,-0.09817477042468103,0.02399827721492203,-0.009817477042468103,-0.001020398069831612,0.11938657417029859,-0.9928473219461585,1.0,1.0,-0.035465838154777884,0.11437265574932098,-0.002332913689315319,0.0,-0.041192756965756416,-0.12736383825540543,-0.13573579071089625,0.026442639529705048,0.039868395775556564,-0.011111116036772728,0.11630992917343974,0.044477720744907856,0.0,-0.04089115094393492,-0.03354304656176617,0.12328569503774922,-0.010031825291228536,0.01380582709097089,-0.015339807878856249,-0.1150485590914232,-0.10431069357622347,0.023814199520375556,0.025271822153486848,-0.028770661888343825,0.10350756941261044,0.06459763540096199,0.009578857808796797,-0.033952108105202036
35.58215076600004,0.0,0.0,-0.08508480103472356,0.031634092692397225,-0.011999138607461015,-0.0,0.11938663632372715,-0.9928478388289447,1.0,1.0,-0.03540919511578977,0.11593995988368988,-0.002203185111284256,0.0,-0.041386669501662254,-0.1273328885436058,-0.13629854703322053,0.026090387254953384,0.03941291198134422,-0.011481898836791515,0.1142185041680932,0.043523588217794895,0.0,-0.04156097210943699,-0.03354304656176617,0.12328569503774922,-0.010031825291228536,0.01380582709097089,-0.01687378866674205,-0.1150485590914232,-0.10431069357622347,0.023814199520375556,0.025271822153486848,-0.028770661888343825,0.10350756941261044,0.06459763540096199,0.011112838596682599,-0.033952108105202036
35.602447541000174,0.0,0.0,-0.07526732399225546,0.04690572364734761,-0.020725784867432664,-0.0,0.1213976066004692,-0.9926039598508952,1.0,1.0,-0.03554388298653066,0.1148981200531125,-0.002657451666891575,0.0,-0.04105871729552746,-0.1273975893855095,-0.1363258115015924,0.026614371687173843,0.04005284607410431,-0.011513934470713139,0.11434830352663994,0.04366328287869692,0.0,-0.039484381675720215,-0.03354304656176617,0.12328569503774922,-0.010031825291228536,0.01380582709097089,-0.01687378866674205,-0.1150485590914232,-0.10431069357622347,0.023814199520375556,0.025271822153486848,-0.028770661888343825,0.10350756941261044,0.06459763540096199,0.011112838596682599,-0.033952108105202036
35.622330562000116,0.0,0.0,-0.055632369907319255,0.04254240051736178,-0.03490658503988659,-0.0,0.12240253304870939,-0.9924805388032854,1.0,1.0,-0.0345735193695873,0.11585782468318939,-0.002021634951233864,0.0,-0.041366344317793846,-0.127053402364254,-0.13810450304299593,0.02496323734521866,0.04061110317707062,-0.010134398005902767,0.11283840425312519,0.04222783166915178,0.0,-0.04039324540644884,-0.03354304656176617,0.12328569503774922,-0.010031825291228536,0.01380582709097089,-0.01687378866674205,-0.1150485590914232,-0.10431069357622347,0.023814199520375556,0.026805802941372206,-0.028770661888343825,0.10350756941261044,0.06459763540096199,0.011112838596682599,-0.033952108105202036
35.642464876000076,0.0,0.0,-0.04690572364734761,0.028361600344907856,-0.031634092692397225,0.0010198927188437364,0.12340701898009208,-0.9923556154349554,1.0,1.0,-0.0346469113137573,0.11452499590814114,-0.0016633681952953339,0.0,-0.03994692116975784,-0.1277463063597679,-0.13912098435685039,0.02521885558962822,0.04084460064768791,-0.010384451597929,0.1137154046446085,0.04262001160532236,0.0,-0.04037161637097597,-0.03354304656176617,0.12328569503774922,-0.010031825291228536,0.01380582709097089,-0.01687378866674205,-0.1150485590914232,-0.10431069357622347,0.023814199520375556,0.026805802941372206,-0.028770661888343825,0.10350756941261044,0.06459763540096199,0.011112838596682599,-0.033952108105202036
